external_id,name,email,phone,plan,monthly_revenue,contract_length_months,signup_date,contract_end_date,last_activity_date,logins_last_30d,feature_usage_score,support_tickets_open,support_tickets_total,nps_score,billing_issues_count,country,industry,company_size,is_churned,churned_at
7590-VHVEG,Telco-7590-VHVEG,,,starter,29.85,,2023-12-16,,2024-01-15,8,12.5,0,0,,1,US,Telecommunications,,false,
5575-GNVDE,Telco-5575-GNVDE,,,growth,56.95,12,2021-03-31,2024-03-15,2024-01-15,8,37.5,0,2,,0,US,Telecommunications,,false,
3668-QPYBK,Telco-3668-QPYBK,,,starter,53.85,,2023-11-16,,2023-12-16,2,37.5,0,0,,1,US,Telecommunications,,true,2024-01-15
7795-CFOCW,Telco-7795-CFOCW,,,growth,42.3,12,2020-05-05,2024-04-14,2024-01-15,8,37.5,0,1,,0,US,Telecommunications,,false,
9237-HQITU,Telco-9237-HQITU,,,starter,70.7,,2023-11-16,,2023-12-16,4,12.5,0,0,,2,US,Telecommunications,,true,2024-01-15
9305-CDSKC,Telco-9305-CDSKC,,,starter,99.65,,2023-05-20,,2023-12-16,4,62.5,0,0,,2,US,Telecommunications,,true,2024-01-15
1452-KIOVK,Telco-1452-KIOVK,,,starter,89.1,,2022-03-26,,2024-01-15,15,50.0,0,1,,0,US,Telecommunications,,false,
6713-OKOMC,Telco-6713-OKOMC,,,starter,29.75,,2023-03-21,,2024-01-15,8,12.5,0,0,,0,US,Telecommunications,,false,
7892-POOKP,Telco-7892-POOKP,,,starter,104.8,,2021-09-27,,2023-12-16,4,75.0,0,1,,2,US,Telecommunications,,true,2024-01-15
6388-TABGU,Telco-6388-TABGU,,,growth,56.15,12,2018-12-12,2024-11-10,2024-01-15,8,37.5,0,5,,0,US,Telecommunications,,false,
9763-GRSKD,Telco-9763-GRSKD,,,starter,49.95,,2022-12-21,,2024-01-15,8,25.0,0,1,,0,US,Telecommunications,,false,
7469-LKBCI,Telco-7469-LKBCI,,,enterprise,18.95,24,2022-09-22,2024-09-11,2024-01-15,3,12.5,0,1,,0,US,Telecommunications,,false,
8091-TTVAX,Telco-8091-TTVAX,,,growth,100.35,12,2019-04-11,2024-03-15,2024-01-15,15,62.5,0,4,,0,US,Telecommunications,,false,
0280-XJGEX,Telco-0280-XJGEX,,,starter,103.7,,2020-01-06,,2023-12-16,4,75.0,0,4,,0,US,Telecommunications,,true,2024-01-15
5129-JLPIS,Telco-5129-JLPIS,,,starter,105.5,,2021-12-26,,2024-01-15,15,75.0,0,1,,1,US,Telecommunications,,false,
3655-SNQYZ,Telco-3655-SNQYZ,,,enterprise,113.25,24,2018-05-16,2024-04-14,2024-01-15,15,100.0,0,2,,0,US,Telecommunications,,false,
8191-XWSZG,Telco-8191-XWSZG,,,growth,20.65,12,2019-10-08,2024-09-11,2024-01-15,3,12.5,0,4,,0,US,Telecommunications,,false,
9959-WOFKT,Telco-9959-WOFKT,,,enterprise,106.7,24,2018-03-17,2024-02-14,2024-01-15,15,75.0,0,5,,0,US,Telecommunications,,false,
4190-MFLUW,Telco-4190-MFLUW,,,starter,55.2,,2023-03-21,,2023-12-16,2,37.5,0,0,,0,US,Telecommunications,,true,2024-01-15
4183-MYFRB,Telco-4183-MYFRB,,,starter,90.05,,2022-04-25,,2024-01-15,15,50.0,0,1,,1,US,Telecommunications,,false,
8779-QRDMV,Telco-8779-QRDMV,,,starter,39.65,,2023-12-16,,2023-12-16,2,25.0,0,0,,2,US,Telecommunications,,true,2024-01-15
1680-VDCWW,Telco-1680-VDCWW,,,growth,19.8,12,2023-01-20,2025-01-09,2024-01-15,3,12.5,0,1,,0,US,Telecommunications,,false,
1066-JKSGK,Telco-1066-JKSGK,,,starter,20.15,,2023-12-16,,2023-12-16,1,12.5,0,0,,1,US,Telecommunications,,true,2024-01-15
3638-WEABW,Telco-3638-WEABW,,,enterprise,59.9,24,2019-04-11,2025-03-10,2024-01-15,8,50.0,0,2,,0,US,Telecommunications,,false,
6322-HRPFA,Telco-6322-HRPFA,,,starter,59.6,,2020-01-06,,2024-01-15,8,50.0,0,2,,0,US,Telecommunications,,false,
6865-JZNKO,Telco-6865-JZNKO,,,starter,55.3,,2021-07-29,,2024-01-15,8,37.5,0,2,,0,US,Telecommunications,,false,
6467-CHFZW,Telco-6467-CHFZW,,,starter,99.35,,2020-03-06,,2023-12-16,4,62.5,0,3,,2,US,Telecommunications,,true,2024-01-15
8665-UTDHZ,Telco-8665-UTDHZ,,,starter,30.2,,2023-12-16,,2023-12-16,2,12.5,0,0,,2,US,Telecommunications,,true,2024-01-15
5248-YGIJN,Telco-5248-YGIJN,,,enterprise,90.25,24,2018-02-15,2026-01-04,2024-01-15,8,100.0,0,3,,0,US,Telecommunications,,false,
8773-HHUOZ,Telco-8773-HHUOZ,,,starter,64.7,,2022-08-23,,2023-12-16,2,37.5,0,1,,1,US,Telecommunications,,true,2024-01-15
3841-NFECX,Telco-3841-NFECX,,,enterprise,96.35,24,2018-03-17,2024-02-14,2024-01-15,15,75.0,0,2,,0,US,Telecommunications,,false,
4929-XIHVW,Telco-4929-XIHVW,,,starter,95.5,,2023-11-16,,2024-01-15,15,50.0,0,0,,0,US,Telecommunications,,false,
6827-IEAUQ,Telco-6827-IEAUQ,,,growth,66.15,12,2021-10-27,2024-10-11,2024-01-15,8,62.5,0,1,,0,US,Telecommunications,,false,
7310-EGVHZ,Telco-7310-EGVHZ,,,starter,20.2,,2023-12-16,,2024-01-15,3,12.5,0,0,,0,US,Telecommunications,,false,
3413-BMNZE,Telco-3413-BMNZE,,,starter,45.25,,2023-12-16,,2024-01-15,8,12.5,0,0,,0,US,Telecommunications,,false,
6234-RAAPL,Telco-6234-RAAPL,,,enterprise,99.9,24,2018-02-15,2026-01-04,2024-01-15,15,75.0,0,3,,0,US,Telecommunications,,false,
6047-YHPVI,Telco-6047-YHPVI,,,starter,69.7,,2023-08-18,,2023-12-16,4,12.5,0,0,,2,US,Telecommunications,,true,2024-01-15
6572-ADKRS,Telco-6572-ADKRS,,,starter,74.8,,2020-04-05,,2024-01-15,15,25.0,0,3,,0,US,Telecommunications,,false,
5380-WJKOV,Telco-5380-WJKOV,,,starter,106.35,,2021-03-31,,2023-12-16,4,75.0,0,2,,2,US,Telecommunications,,true,2024-01-15
8168-UQWWF,Telco-8168-UQWWF,,,starter,97.85,,2023-02-19,,2023-12-16,4,62.5,0,0,,0,US,Telecommunications,,true,2024-01-15
8865-TNMNX,Telco-8865-TNMNX,,,growth,49.55,12,2023-03-21,2024-03-15,2024-01-15,8,25.0,0,0,,0,US,Telecommunications,,false,
9489-DEDVP,Telco-9489-DEDVP,,,enterprise,69.2,24,2018-04-16,2024-03-15,2024-01-15,8,62.5,0,5,,0,US,Telecommunications,,false,
9867-JCZSP,Telco-9867-JCZSP,,,growth,20.75,12,2022-08-23,2024-08-12,2024-01-15,3,12.5,0,1,,0,US,Telecommunications,,false,
4671-VJLCL,Telco-4671-VJLCL,,,enterprise,79.85,24,2018-11-12,2024-10-11,2024-01-15,8,87.5,0,2,,0,US,Telecommunications,,false,
4080-IIARD,Telco-4080-IIARD,,,starter,76.2,,2022-12-21,,2024-01-15,8,75.0,0,0,,1,US,Telecommunications,,false,
3714-NTNFO,Telco-3714-NTNFO,,,starter,84.5,,2020-01-06,,2024-01-15,15,37.5,0,4,,1,US,Telecommunications,,false,
5948-UJZLF,Telco-5948-UJZLF,,,starter,49.25,,2023-11-16,,2024-01-15,8,25.0,0,0,,0,US,Telecommunications,,false,
7760-OYPDY,Telco-7760-OYPDY,,,starter,80.65,,2023-11-16,,2023-12-16,4,25.0,0,0,,2,US,Telecommunications,,true,2024-01-15
7639-LIAYI,Telco-7639-LIAYI,,,enterprise,79.75,24,2019-10-08,2025-09-06,2024-01-15,8,75.0,0,2,,0,US,Telecommunications,,false,
2954-PIBKO,Telco-2954-PIBKO,,,enterprise,64.15,24,2018-05-16,2024-04-14,2024-01-15,8,62.5,0,2,,0,US,Telecommunications,,false,
8012-SOUDQ,Telco-8012-SOUDQ,,,starter,90.25,,2020-07-04,,2024-01-15,15,50.0,0,3,,1,US,Telecommunications,,false,
9420-LOJKX,Telco-9420-LOJKX,,,starter,99.1,,2022-10-22,,2023-12-16,4,62.5,0,1,,0,US,Telecommunications,,true,2024-01-15
6575-SUVOI,Telco-6575-SUVOI,,,starter,69.5,,2021-12-26,,2024-01-15,8,62.5,0,1,,0,US,Telecommunications,,false,
7495-OOKFY,Telco-7495-OOKFY,,,starter,80.65,,2023-05-20,,2023-12-16,4,37.5,0,0,,0,US,Telecommunications,,true,2024-01-15
4667-QONEA,Telco-4667-QONEA,,,growth,74.85,12,2019-02-10,2025-01-09,2024-01-15,8,75.0,0,2,,0,US,Telecommunications,,false,
1658-BYGOY,Telco-1658-BYGOY,,,starter,95.45,,2022-07-24,,2023-12-16,4,50.0,0,1,,2,US,Telecommunications,,true,2024-01-15
8769-KKTPH,Telco-8769-KKTPH,,,growth,99.65,12,2018-11-12,2024-10-11,2024-01-15,15,62.5,0,5,,0,US,Telecommunications,,false,
5067-XJQFU,Telco-5067-XJQFU,,,growth,108.45,12,2018-08-14,2024-07-13,2024-01-15,15,87.5,0,2,,1,US,Telecommunications,,false,
3957-SQXML,Telco-3957-SQXML,,,enterprise,24.95,24,2021-03-31,2025-03-10,2024-01-15,3,25.0,0,2,,0,US,Telecommunications,,false,
5954-BDFSG,Telco-5954-BDFSG,,,enterprise,107.5,24,2018-02-15,2026-01-04,2024-01-15,15,75.0,0,3,,0,US,Telecommunications,,false,
0434-CSFON,Telco-0434-CSFON,,,starter,100.5,,2020-03-06,,2024-01-15,15,62.5,0,3,,1,US,Telecommunications,,false,
1215-FIGMP,Telco-1215-FIGMP,,,starter,89.9,,2019-02-10,,2024-01-15,15,50.0,0,5,,0,US,Telecommunications,,false,
0526-SXDJP,Telco-0526-SXDJP,,,enterprise,42.1,24,2018-02-15,2026-01-04,2024-01-15,8,37.5,0,6,,0,US,Telecommunications,,false,
0557-ASKVU,Telco-0557-ASKVU,,,growth,54.4,12,2022-07-24,2024-07-13,2024-01-15,8,37.5,0,0,,0,US,Telecommunications,,false,
5698-BQJOH,Telco-5698-BQJOH,,,starter,94.4,,2023-04-20,,2023-12-16,4,50.0,0,0,,2,US,Telecommunications,,true,2024-01-15
5122-CYFXA,Telco-5122-CYFXA,,,starter,75.3,,2023-10-17,,2024-01-15,8,62.5,0,0,,1,US,Telecommunications,,false,
8627-ZYGSZ,Telco-8627-ZYGSZ,,,growth,78.9,12,2020-03-06,2024-02-14,2024-01-15,15,37.5,0,3,,1,US,Telecommunications,,false,
3410-YOQBQ,Telco-3410-YOQBQ,,,enterprise,79.2,24,2021-06-29,2025-06-08,2024-01-15,8,75.0,0,1,,0,US,Telecommunications,,false,
3170-NMYVV,Telco-3170-NMYVV,,,enterprise,20.15,24,2019-12-07,2025-11-05,2024-01-15,3,12.5,0,4,,0,US,Telecommunications,,false,
7410-OIEDU,Telco-7410-OIEDU,,,starter,79.85,,2023-03-21,,2024-01-15,15,37.5,0,0,,0,US,Telecommunications,,false,
2273-QCKXA,Telco-2273-QCKXA,,,starter,49.05,,2023-12-16,,2024-01-15,8,25.0,0,0,,0,US,Telecommunications,,false,
0731-EBJQB,Telco-0731-EBJQB,,,growth,20.4,12,2019-10-08,2024-09-11,2024-01-15,3,12.5,0,4,,1,US,Telecommunications,,false,
1891-QRQSA,Telco-1891-QRQSA,,,enterprise,111.6,24,2018-10-13,2024-09-11,2024-01-15,15,87.5,0,2,,0,US,Telecommunications,,false,
8028-PNXHQ,Telco-8028-PNXHQ,,,enterprise,24.25,24,2018-12-12,2024-11-10,2024-01-15,3,25.0,0,5,,0,US,Telecommunications,,false,
5630-AHZIL,Telco-5630-AHZIL,,,starter,64.5,,2023-10-17,,2024-01-15,8,50.0,0,0,,0,US,Telecommunications,,false,
2673-CXQEU,Telco-2673-CXQEU,,,growth,110.5,12,2019-06-10,2024-05-14,2024-01-15,15,87.5,0,4,,1,US,Telecommunications,,false,
6416-JNVRK,Telco-6416-JNVRK,,,growth,55.65,12,2020-04-05,2024-03-15,2024-01-15,8,25.0,0,3,,0,US,Telecommunications,,false,
5590-ZSKRV,Telco-5590-ZSKRV,,,starter,54.65,,2023-05-20,,2024-01-15,8,37.5,0,0,,0,US,Telecommunications,,false,
0191-ZHSKZ,Telco-0191-ZHSKZ,,,starter,74.75,,2021-07-29,,2024-01-15,8,62.5,0,2,,1,US,Telecommunications,,false,
3887-PBQAO,Telco-3887-PBQAO,,,growth,25.9,12,2020-05-05,2024-04-14,2024-01-15,3,25.0,0,3,,0,US,Telecommunications,,false,
5919-TMRGD,Telco-5919-TMRGD,,,starter,79.35,,2023-12-16,,2023-12-16,4,25.0,0,0,,2,US,Telecommunications,,true,2024-01-15
8108-UXRQN,Telco-8108-UXRQN,,,starter,50.55,,2023-02-19,,2024-01-15,8,37.5,0,0,,1,US,Telecommunications,,false,
9191-MYQKX,Telco-9191-MYQKX,,,starter,75.15,,2023-06-19,,2023-12-16,4,25.0,0,0,,0,US,Telecommunications,,true,2024-01-15
9919-YLNNG,Telco-9919-YLNNG,,,starter,103.8,,2020-08-03,,2024-01-15,15,75.0,0,1,,0,US,Telecommunications,,false,
0318-ZOPWS,Telco-0318-ZOPWS,,,enterprise,20.15,24,2020-01-06,2025-12-05,2024-01-15,3,12.5,0,4,,0,US,Telecommunications,,false,
4445-ZJNMU,Telco-4445-ZJNMU,,,starter,99.3,,2023-04-20,,2024-01-15,15,62.5,0,0,,0,US,Telecommunications,,false,
4808-YNLEU,Telco-4808-YNLEU,,,growth,62.15,12,2021-03-01,2024-02-14,2024-01-15,8,37.5,0,2,,0,US,Telecommunications,,false,
1862-QRWPE,Telco-1862-QRWPE,,,enterprise,20.65,24,2020-02-05,2026-01-04,2024-01-15,3,12.5,0,4,,0,US,Telecommunications,,false,
2796-NNUFI,Telco-2796-NNUFI,,,enterprise,19.95,24,2020-04-05,2024-03-15,2024-01-15,3,12.5,0,3,,0,US,Telecommunications,,false,
3016-KSVCP,Telco-3016-KSVCP,,,starter,33.75,,2021-08-28,,2024-01-15,8,12.5,0,2,,0,US,Telecommunications,,false,
4767-HZZHQ,Telco-4767-HZZHQ,,,starter,82.05,,2021-07-29,,2024-01-15,15,37.5,0,2,,0,US,Telecommunications,,false,
2424-WVHPL,Telco-2424-WVHPL,,,starter,74.7,,2023-12-16,,2024-01-15,15,25.0,0,0,,1,US,Telecommunications,,false,
7233-PAHHL,Telco-7233-PAHHL,,,enterprise,84.0,24,2018-08-14,2024-07-13,2024-01-15,8,87.5,0,2,,0,US,Telecommunications,,false,
6067-NGCEU,Telco-6067-NGCEU,,,starter,111.05,,2018-09-13,,2024-01-15,15,87.5,0,5,,0,US,Telecommunications,,false,
9848-JQJTX,Telco-9848-JQJTX,,,enterprise,100.9,24,2018-02-15,2026-01-04,2024-01-15,15,75.0,0,6,,0,US,Telecommunications,,false,
8637-XJIVR,Telco-8637-XJIVR,,,starter,78.95,,2023-01-20,,2023-12-16,4,37.5,0,1,,2,US,Telecommunications,,true,2024-01-15
9803-FTJCG,Telco-9803-FTJCG,,,growth,66.85,12,2018-03-17,2024-02-14,2024-01-15,8,62.5,0,2,,0,US,Telecommunications,,false,
0278-YXOOG,Telco-0278-YXOOG,,,starter,21.05,,2023-08-18,,2023-12-16,1,12.5,0,0,,1,US,Telecommunications,,true,2024-01-15
3212-KXOCR,Telco-3212-KXOCR,,,enterprise,21.0,24,2019-10-08,2025-09-06,2024-01-15,3,12.5,0,4,,0,US,Telecommunications,,false,
4598-XLKNJ,Telco-4598-XLKNJ,,,starter,98.5,,2021-12-26,,2023-12-16,4,62.5,0,2,,2,US,Telecommunications,,true,2024-01-15
6380-ARCEH,Telco-6380-ARCEH,,,starter,20.2,,2023-12-16,,2024-01-15,3,12.5,0,0,,0,US,Telecommunications,,false,
3679-XASPY,Telco-3679-XASPY,,,starter,19.45,,2023-12-16,,2024-01-15,3,12.5,0,0,,1,US,Telecommunications,,false,
7123-WQUHX,Telco-7123-WQUHX,,,growth,95.0,12,2020-12-01,2024-11-10,2024-01-15,15,62.5,0,1,,0,US,Telecommunications,,false,
5386-THSLQ,Telco-5386-THSLQ,,,growth,45.55,12,2018-08-14,2024-07-13,2024-01-15,8,37.5,0,5,,0,US,Telecommunications,,false,
3192-NQECA,Telco-3192-NQECA,,,enterprise,110.0,24,2018-06-15,2020-06-04,2023-12-16,4,87.5,0,2,,0,US,Telecommunications,,true,2024-01-15
6180-YBIQI,Telco-6180-YBIQI,,,starter,24.3,,2023-08-18,,2024-01-15,8,0.0,0,0,,0,US,Telecommunications,,false,
6728-DKUCO,Telco-6728-DKUCO,,,growth,104.15,12,2018-02-15,2025-01-09,2024-01-15,15,75.0,0,6,,1,US,Telecommunications,,false,
9750-BOOHV,Telco-9750-BOOHV,,,growth,30.15,12,2021-05-30,2024-05-14,2024-01-15,8,12.5,0,2,,0,US,Telecommunications,,false,
8597-CWYHH,Telco-8597-CWYHH,,,growth,94.35,12,2020-07-04,2024-06-13,2024-01-15,15,50.0,0,3,,0,US,Telecommunications,,false,
2848-YXSMW,Telco-2848-YXSMW,,,enterprise,19.4,24,2018-02-15,2026-01-04,2024-01-15,3,12.5,0,6,,0,US,Telecommunications,,false,
0486-HECZI,Telco-0486-HECZI,,,starter,96.75,,2019-07-10,,2023-12-16,4,62.5,0,4,,2,US,Telecommunications,,true,2024-01-15
4549-ZDQYY,Telco-4549-ZDQYY,,,growth,57.95,12,2019-10-08,2024-09-11,2024-01-15,8,50.0,0,2,,0,US,Telecommunications,,false,
5712-AHQNN,Telco-5712-AHQNN,,,starter,91.65,,2020-07-04,,2024-01-15,15,50.0,0,3,,1,US,Telecommunications,,false,
4846-WHAFZ,Telco-4846-WHAFZ,,,starter,76.5,,2020-12-31,,2023-12-16,4,25.0,0,3,,2,US,Telecommunications,,true,2024-01-15
5256-SKJGO,Telco-5256-SKJGO,,,enterprise,54.6,24,2018-10-13,2024-09-11,2024-01-15,8,50.0,0,2,,1,US,Telecommunications,,false,
3071-VBYPO,Telco-3071-VBYPO,,,starter,89.85,,2023-10-17,,2024-01-15,15,50.0,0,0,,1,US,Telecommunications,,false,
9560-BBZXK,Telco-9560-BBZXK,,,enterprise,31.05,24,2021-01-30,2025-01-09,2024-01-15,8,12.5,0,3,,0,US,Telecommunications,,false,
5299-RULOA,Telco-5299-RULOA,,,starter,100.25,,2023-03-21,,2023-12-16,4,62.5,0,0,,2,US,Telecommunications,,true,2024-01-15
8402-OOOHJ,Telco-8402-OOOHJ,,,enterprise,20.65,24,2020-09-02,2024-08-12,2024-01-15,3,12.5,0,3,,0,US,Telecommunications,,false,
9445-ZUEQE,Telco-9445-ZUEQE,,,starter,85.2,,2021-10-27,,2024-01-15,15,50.0,0,1,,0,US,Telecommunications,,false,
1091-SOZGA,Telco-1091-SOZGA,,,growth,99.8,12,2019-06-10,2024-05-14,2024-01-15,15,62.5,0,4,,0,US,Telecommunications,,false,
2928-HLDBA,Telco-2928-HLDBA,,,starter,20.7,,2023-07-19,,2024-01-15,3,12.5,0,0,,0,US,Telecommunications,,false,
0404-SWRVG,Telco-0404-SWRVG,,,starter,74.4,,2023-10-17,,2023-12-16,4,25.0,0,0,,2,US,Telecommunications,,true,2024-01-15
6497-TILVL,Telco-6497-TILVL,,,starter,50.7,,2023-06-19,,2024-01-15,8,25.0,0,0,,0,US,Telecommunications,,false,
7219-TLZHO,Telco-7219-TLZHO,,,starter,20.85,,2023-09-17,,2024-01-15,3,12.5,0,0,,0,US,Telecommunications,,false,
4622-YNKIJ,Telco-4622-YNKIJ,,,enterprise,88.95,24,2021-04-30,2025-04-09,2024-01-15,15,50.0,0,1,,1,US,Telecommunications,,false,
4412-YLTKF,Telco-4412-YLTKF,,,starter,78.05,,2021-10-27,,2023-12-16,4,37.5,0,2,,2,US,Telecommunications,,true,2024-01-15
6734-PSBAW,Telco-6734-PSBAW,,,enterprise,23.55,24,2018-02-15,2026-01-04,2024-01-15,3,25.0,0,6,,0,US,Telecommunications,,false,
3930-ZGWVE,Telco-3930-ZGWVE,,,starter,19.75,,2023-12-16,,2024-01-15,3,12.5,0,0,,0,US,Telecommunications,,false,
2639-UGMAZ,Telco-2639-UGMAZ,,,growth,56.45,12,2018-03-17,2024-02-14,2024-01-15,8,50.0,0,5,,1,US,Telecommunications,,false,
2876-GZYZC,Telco-2876-GZYZC,,,starter,85.95,,2022-12-21,,2024-01-15,15,37.5,0,1,,1,US,Telecommunications,,false,
6207-WIOLX,Telco-6207-WIOLX,,,starter,58.6,,2021-12-26,,2023-12-16,2,62.5,0,2,,0,US,Telecommunications,,true,2024-01-15
8587-XYZSF,Telco-8587-XYZSF,,,enterprise,50.55,24,2018-07-15,2024-06-13,2024-01-15,8,25.0,0,2,,0,US,Telecommunications,,false,
3091-FYHKI,Telco-3091-FYHKI,,,starter,35.45,,2023-12-16,,2023-12-16,2,12.5,0,0,,2,US,Telecommunications,,true,2024-01-15
2372-HWUHI,Telco-2372-HWUHI,,,starter,44.35,,2023-11-16,,2023-12-16,2,12.5,0,0,,2,US,Telecommunications,,true,2024-01-15
7799-LGRDP,Telco-7799-LGRDP,,,enterprise,25.7,24,2020-07-04,2024-06-13,2024-01-15,3,25.0,0,3,,0,US,Telecommunications,,false,
7850-VWJUU,Telco-7850-VWJUU,,,starter,75.0,,2022-02-24,,2024-01-15,15,25.0,0,1,,0,US,Telecommunications,,false,
3774-VBNXY,Telco-3774-VBNXY,,,enterprise,20.2,24,2018-10-13,2024-09-11,2024-01-15,3,12.5,0,5,,0,US,Telecommunications,,false,
6217-KDYWC,Telco-6217-KDYWC,,,enterprise,19.6,24,2019-05-11,2025-04-09,2024-01-15,3,12.5,0,4,,0,US,Telecommunications,,false,
0390-DCFDQ,Telco-0390-DCFDQ,,,starter,70.45,,2023-12-16,,2023-12-16,4,12.5,0,0,,1,US,Telecommunications,,true,2024-01-15
3146-MSEGF,Telco-3146-MSEGF,,,enterprise,88.05,24,2018-02-15,2026-01-04,2024-01-15,8,100.0,0,3,,0,US,Telecommunications,,false,
4080-OGPJL,Telco-4080-OGPJL,,,starter,71.15,,2023-05-20,,2023-12-16,2,62.5,0,0,,2,US,Telecommunications,,true,2024-01-15
1095-WGNGG,Telco-1095-WGNGG,,,enterprise,101.05,24,2019-01-11,2024-12-10,2024-01-15,15,62.5,0,5,,0,US,Telecommunications,,false,
2636-SJDOU,Telco-2636-SJDOU,,,growth,84.3,12,2018-10-13,2024-09-11,2024-01-15,15,50.0,0,5,,0,US,Telecommunications,,false,
1131-QQZEB,Telco-1131-QQZEB,,,enterprise,23.95,24,2018-03-17,2024-02-14,2024-01-15,3,25.0,0,5,,0,US,Telecommunications,,false,
5716-EZXZN,Telco-5716-EZXZN,,,enterprise,99.05,24,2018-09-13,2024-08-12,2024-01-15,15,75.0,0,2,,0,US,Telecommunications,,false,
6837-BJYDQ,Telco-6837-BJYDQ,,,growth,19.6,12,2023-10-17,2024-10-11,2024-01-15,3,12.5,0,0,,0,US,Telecommunications,,false,
2135-RXIHG,Telco-2135-RXIHG,,,starter,45.65,,2023-12-16,,2023-12-16,2,12.5,0,0,,2,US,Telecommunications,,true,2024-01-15
6440-DKQGE,Telco-6440-DKQGE,,,growth,64.5,12,2021-07-29,2024-07-13,2024-01-15,8,50.0,0,2,,0,US,Telecommunications,,false,
3466-BYAVD,Telco-3466-BYAVD,,,starter,69.5,,2022-10-22,,2024-01-15,8,62.5,0,0,,0,US,Telecommunications,,false,
3780-YVMFA,Telco-3780-YVMFA,,,starter,68.55,,2023-05-20,,2024-01-15,8,50.0,0,0,,1,US,Telecommunications,,false,
3874-EQOEP,Telco-3874-EQOEP,,,starter,95.0,,2023-06-19,,2023-12-16,4,50.0,0,0,,1,US,Telecommunications,,true,2024-01-15
1679-JRFBR,Telco-1679-JRFBR,,,growth,108.15,12,2018-04-16,2024-03-15,2024-01-15,15,87.5,0,5,,0,US,Telecommunications,,false,
9073-ZZIAY,Telco-9073-ZZIAY,,,enterprise,86.1,24,2018-12-12,2024-11-10,2024-01-15,8,87.5,0,2,,1,US,Telecommunications,,false,
3077-RSNTJ,Telco-3077-RSNTJ,,,starter,19.7,,2023-07-19,,2024-01-15,3,12.5,0,0,,0,US,Telecommunications,,false,
6551-GNYDG,Telco-6551-GNYDG,,,starter,80.9,,2022-11-21,,2024-01-15,15,25.0,0,1,,0,US,Telecommunications,,false,
9167-APMXZ,Telco-9167-APMXZ,,,starter,84.15,,2022-03-26,,2024-01-15,15,37.5,0,1,,0,US,Telecommunications,,false,
2749-CTKAJ,Telco-2749-CTKAJ,,,growth,20.15,12,2022-03-26,2024-03-15,2024-01-15,3,12.5,0,1,,0,US,Telecommunications,,false,
6371-NZYEG,Telco-6371-NZYEG,,,enterprise,64.25,24,2022-09-22,2024-09-11,2024-01-15,8,50.0,0,1,,0,US,Telecommunications,,false,
7554-NEWDD,Telco-7554-NEWDD,,,enterprise,25.7,24,2023-03-21,2025-03-10,2024-01-15,3,25.0,0,0,,0,US,Telecommunications,,false,
8992-VONJD,Telco-8992-VONJD,,,starter,56.0,,2022-12-21,,2024-01-15,8,37.5,0,1,,1,US,Telecommunications,,false,
0867-MKZVY,Telco-0867-MKZVY,,,starter,82.4,,2022-05-25,,2023-12-16,4,37.5,0,1,,2,US,Telecommunications,,true,2024-01-15
4482-EWFMI,Telco-4482-EWFMI,,,starter,69.7,,2023-11-16,,2024-01-15,15,12.5,0,0,,1,US,Telecommunications,,false,
4648-YPBTM,Telco-4648-YPBTM,,,enterprise,73.9,24,2019-09-08,2025-08-07,2024-01-15,8,75.0,0,2,,0,US,Telecommunications,,false,
2907-ILJBN,Telco-2907-ILJBN,,,growth,20.6,12,2023-02-19,2024-02-14,2024-01-15,3,12.5,0,0,,0,US,Telecommunications,,false,
6345-FZOQH,Telco-6345-FZOQH,,,enterprise,19.9,24,2018-05-16,2024-04-14,2024-01-15,3,12.5,0,5,,0,US,Telecommunications,,false,
3376-BMGFE,Telco-3376-BMGFE,,,starter,70.9,,2023-09-17,,2023-12-16,4,12.5,0,0,,0,US,Telecommunications,,true,2024-01-15
5997-OPVFA,Telco-5997-OPVFA,,,enterprise,89.05,24,2018-02-15,2026-01-04,2024-01-15,8,100.0,0,3,,0,US,Telecommunications,,false,
3445-HXXGF,Telco-3445-HXXGF,,,starter,45.3,,2019-04-11,,2023-12-16,2,37.5,0,4,,2,US,Telecommunications,,true,2024-01-15
1159-WFSGR,Telco-1159-WFSGR,,,starter,20.4,,2022-09-22,,2024-01-15,3,12.5,0,1,,1,US,Telecommunications,,false,
7654-YWJUF,Telco-7654-YWJUF,,,growth,84.25,12,2020-07-04,2024-06-13,2024-01-15,15,50.0,0,1,,0,US,Telecommunications,,false,
1875-QIVME,Telco-1875-QIVME,,,starter,104.4,,2023-11-16,,2023-12-16,4,75.0,0,0,,2,US,Telecommunications,,true,2024-01-15
6727-IOTLZ,Telco-6727-IOTLZ,,,enterprise,81.95,24,2022-11-21,2024-11-10,2024-01-15,8,75.0,0,0,,0,US,Telecommunications,,false,
0691-JVSYA,Telco-0691-JVSYA,,,growth,94.85,12,2019-09-08,2020-09-02,2023-12-16,4,50.0,0,4,,0,US,Telecommunications,,true,2024-01-15
5918-VUKWP,Telco-5918-VUKWP,,,growth,20.55,12,2021-05-30,2024-05-14,2024-01-15,3,12.5,0,2,,0,US,Telecommunications,,false,
1744-JHKYS,Telco-1744-JHKYS,,,starter,24.7,,2021-03-31,,2024-01-15,3,25.0,0,2,,1,US,Telecommunications,,false,
2656-FMOKZ,Telco-2656-FMOKZ,,,starter,74.45,,2022-10-22,,2023-12-16,4,25.0,0,1,,1,US,Telecommunications,,true,2024-01-15
2070-FNEXE,Telco-2070-FNEXE,,,starter,76.45,,2023-06-19,,2023-12-16,4,25.0,0,0,,0,US,Telecommunications,,true,2024-01-15
5947-SGKCL,Telco-5947-SGKCL,,,starter,105.35,,2022-10-22,,2024-01-15,15,75.0,0,1,,0,US,Telecommunications,,false,
3712-PKXZA,Telco-3712-PKXZA,,,growth,20.55,12,2019-01-11,2024-12-10,2024-01-15,3,12.5,0,5,,0,US,Telecommunications,,false,
6317-YPKDH,Telco-6317-YPKDH,,,starter,29.95,,2023-12-16,,2023-12-16,2,12.5,0,0,,0,US,Telecommunications,,true,2024-01-15
6582-OIVSP,Telco-6582-OIVSP,,,starter,45.3,,2023-12-16,,2024-01-15,8,12.5,0,0,,0,US,Telecommunications,,false,
9367-WXLCH,Telco-9367-WXLCH,,,starter,84.5,,2023-05-20,,2023-12-16,4,37.5,0,0,,0,US,Telecommunications,,true,2024-01-15
5524-KHNJP,Telco-5524-KHNJP,,,growth,74.75,12,2021-04-30,2024-04-14,2024-01-15,8,62.5,0,2,,0,US,Telecommunications,,false,
1918-ZBFQJ,Telco-1918-ZBFQJ,,,starter,79.25,,2022-12-21,,2023-12-16,4,37.5,0,1,,2,US,Telecommunications,,true,2024-01-15
1024-GUALD,Telco-1024-GUALD,,,starter,24.8,,2023-12-16,,2023-12-16,2,0.0,0,0,,2,US,Telecommunications,,true,2024-01-15
4827-USJHP,Telco-4827-USJHP,,,starter,51.8,,2022-05-25,,2024-01-15,8,25.0,0,1,,0,US,Telecommunications,,false,
8167-GJLRN,Telco-8167-GJLRN,,,starter,30.4,,2023-10-17,,2024-01-15,8,12.5,0,0,,1,US,Telecommunications,,false,
0956-SYCWG,Telco-0956-SYCWG,,,growth,19.65,12,2022-12-21,2024-12-10,2024-01-15,3,12.5,0,1,,1,US,Telecommunications,,false,
8017-UVSZU,Telco-8017-UVSZU,,,starter,56.6,,2020-10-02,,2024-01-15,8,37.5,0,3,,0,US,Telecommunications,,false,
7100-FQPRV,Telco-7100-FQPRV,,,growth,71.9,12,2020-07-04,2024-06-13,2024-01-15,8,62.5,0,1,,0,US,Telecommunications,,false,
2472-OVKUP,Telco-2472-OVKUP,,,starter,91.0,,2023-07-19,,2023-12-16,4,50.0,0,0,,2,US,Telecommunications,,true,2024-01-15
2984-RGEYA,Telco-2984-RGEYA,,,enterprise,19.75,24,2018-05-16,2024-04-14,2024-01-15,3,12.5,0,5,,0,US,Telecommunications,,false,
9680-NIAUV,Telco-9680-NIAUV,,,enterprise,109.7,24,2018-02-15,2026-01-04,2024-01-15,15,87.5,0,6,,0,US,Telecommunications,,false,
2146-EGVDT,Telco-2146-EGVDT,,,enterprise,19.3,24,2019-03-12,2025-02-08,2024-01-15,3,12.5,0,4,,0,US,Telecommunications,,false,
2604-IJPDU,Telco-2604-IJPDU,,,starter,96.55,,2022-05-25,,2024-01-15,15,62.5,0,0,,1,US,Telecommunications,,false,
9178-JHUVJ,Telco-9178-JHUVJ,,,enterprise,24.1,24,2022-01-25,2026-01-04,2024-01-15,3,25.0,0,2,,0,US,Telecommunications,,false,
6168-YBYNP,Telco-6168-YBYNP,,,starter,111.35,,2019-03-12,,2024-01-15,15,87.5,0,2,,1,US,Telecommunications,,false,
7255-SSFBC,Telco-7255-SSFBC,,,enterprise,112.25,24,2018-02-15,2026-01-04,2024-01-15,15,87.5,0,3,,0,US,Telecommunications,,false,
3645-DEYGF,Telco-3645-DEYGF,,,starter,20.75,,2023-12-16,,2024-01-15,3,12.5,0,0,,0,US,Telecommunications,,false,
9323-HGFWY,Telco-9323-HGFWY,,,growth,101.9,12,2021-10-27,2024-10-11,2024-01-15,15,62.5,0,1,,0,US,Telecommunications,,false,
8544-GOQSH,Telco-8544-GOQSH,,,starter,80.05,,2022-11-21,,2024-01-15,15,37.5,0,0,,0,US,Telecommunications,,false,
3363-DTIVD,Telco-3363-DTIVD,,,enterprise,105.55,24,2018-03-17,2024-02-14,2024-01-15,15,75.0,0,5,,1,US,Telecommunications,,false,
7018-WBJNK,Telco-7018-WBJNK,,,starter,78.3,,2022-12-21,,2024-01-15,15,25.0,0,1,,0,US,Telecommunications,,false,
9142-KZXOP,Telco-9142-KZXOP,,,starter,68.85,,2020-06-04,,2024-01-15,15,12.5,0,3,,0,US,Telecommunications,,false,
7674-YTAFD,Telco-7674-YTAFD,,,growth,79.95,12,2021-04-30,2024-04-14,2024-01-15,15,37.5,0,1,,0,US,Telecommunications,,false,
6348-SNFUS,Telco-6348-SNFUS,,,enterprise,55.45,24,2018-02-15,2026-01-04,2024-01-15,8,62.5,0,3,,0,US,Telecommunications,,false,
1285-OKIPP,Telco-1285-OKIPP,,,starter,79.9,,2023-12-16,,2023-12-16,4,25.0,0,0,,2,US,Telecommunications,,true,2024-01-15
7825-ECJRF,Telco-7825-ECJRF,,,starter,106.6,,2022-06-24,,2023-12-16,4,75.0,0,0,,2,US,Telecommunications,,true,2024-01-15
1347-KTTTA,Telco-1347-KTTTA,,,growth,102.45,12,2018-10-13,2024-09-11,2024-01-15,15,75.0,0,2,,0,US,Telecommunications,,false,
7841-TZDMQ,Telco-7841-TZDMQ,,,starter,46.0,,2023-11-16,,2023-12-16,2,12.5,0,0,,0,US,Telecommunications,,true,2024-01-15
4195-NZGTA,Telco-4195-NZGTA,,,starter,25.25,,2023-12-16,,2024-01-15,8,0.0,0,0,,1,US,Telecommunications,,false,
7157-SMCFK,Telco-7157-SMCFK,,,enterprise,19.75,24,2019-01-11,2024-12-10,2024-01-15,3,12.5,0,5,,0,US,Telecommunications,,false,
4709-LKHYG,Telco-4709-LKHYG,,,growth,20.0,12,2021-08-28,2024-08-12,2024-01-15,3,12.5,0,2,,1,US,Telecommunications,,false,
2504-DSHIH,Telco-2504-DSHIH,,,starter,86.8,,2022-02-24,,2024-01-15,15,37.5,0,1,,1,US,Telecommunications,,false,
0699-NDKJM,Telco-0699-NDKJM,,,starter,58.75,,2019-05-11,,2024-01-15,8,62.5,0,4,,0,US,Telecommunications,,false,
9286-BHDQG,Telco-9286-BHDQG,,,enterprise,45.25,24,2018-02-15,2026-01-04,2024-01-15,8,50.0,0,3,,0,US,Telecommunications,,false,
0230-WEQUW,Telco-0230-WEQUW,,,enterprise,56.6,24,2018-08-14,2024-07-13,2024-01-15,8,62.5,0,2,,0,US,Telecommunications,,false,
2040-LDIWQ,Telco-2040-LDIWQ,,,enterprise,84.2,24,2018-09-13,2024-08-12,2024-01-15,8,87.5,0,2,,0,US,Telecommunications,,false,
6496-JDSSB,Telco-6496-JDSSB,,,starter,80.0,,2023-05-20,,2024-01-15,15,25.0,0,0,,0,US,Telecommunications,,false,
9408-SSNVZ,Telco-9408-SSNVZ,,,starter,70.15,,2023-09-17,,2023-12-16,4,12.5,0,0,,2,US,Telecommunications,,true,2024-01-15
4443-EMBNA,Telco-4443-EMBNA,,,enterprise,24.75,24,2018-03-17,2024-02-14,2024-01-15,3,25.0,0,5,,0,US,Telecommunications,,false,
6469-MRVET,Telco-6469-MRVET,,,growth,20.2,12,2023-12-16,2024-12-10,2024-01-15,3,12.5,0,0,,1,US,Telecommunications,,false,
0742-MOABM,Telco-0742-MOABM,,,starter,50.05,,2023-09-17,,2023-12-16,2,25.0,0,0,,1,US,Telecommunications,,true,2024-01-15
5961-VUSRV,Telco-5961-VUSRV,,,growth,19.35,12,2023-01-20,2025-01-09,2024-01-15,3,12.5,0,1,,0,US,Telecommunications,,false,
6778-JFCMK,Telco-6778-JFCMK,,,growth,50.6,12,2022-01-25,2025-01-09,2024-01-15,8,37.5,0,2,,0,US,Telecommunications,,false,
6341-JVQGF,Telco-6341-JVQGF,,,growth,81.15,12,2021-06-29,2024-06-13,2024-01-15,8,75.0,0,1,,0,US,Telecommunications,,false,
2232-DMLXU,Telco-2232-DMLXU,,,starter,55.2,,2023-12-16,,2023-12-16,2,25.0,0,0,,1,US,Telecommunications,,true,2024-01-15
4811-JBUVU,Telco-4811-JBUVU,,,starter,89.9,,2021-07-29,,2024-01-15,15,50.0,0,1,,0,US,Telecommunications,,false,
0945-TSONX,Telco-0945-TSONX,,,enterprise,85.3,24,2020-03-06,2024-02-14,2024-01-15,8,87.5,0,1,,0,US,Telecommunications,,false,
2651-ZCBXV,Telco-2651-ZCBXV,,,enterprise,108.0,24,2019-08-09,2025-07-08,2024-01-15,15,87.5,0,2,,0,US,Telecommunications,,false,
3316-UWXUY,Telco-3316-UWXUY,,,starter,93.5,,2019-12-07,,2024-01-15,15,62.5,0,2,,0,US,Telecommunications,,false,
8937-RDTHP,Telco-8937-RDTHP,,,starter,84.6,,2023-12-16,,2023-12-16,4,37.5,0,0,,1,US,Telecommunications,,true,2024-01-15
7083-MIOPC,Telco-7083-MIOPC,,,enterprise,20.25,24,2018-02-15,2026-01-04,2024-01-15,3,12.5,0,6,,0,US,Telecommunications,,false,
1984-GPTEH,Telco-1984-GPTEH,,,starter,25.15,,2021-08-28,,2024-01-15,3,25.0,0,2,,1,US,Telecommunications,,false,
1251-KRREG,Telco-1251-KRREG,,,starter,54.4,,2023-11-16,,2023-12-16,2,37.5,0,0,,1,US,Telecommunications,,true,2024-01-15
0621-JFHOL,Telco-0621-JFHOL,,,enterprise,29.6,24,2023-03-21,2025-03-10,2024-01-15,8,12.5,0,0,,0,US,Telecommunications,,false,
9903-LYSAB,Telco-9903-LYSAB,,,starter,73.15,,2022-07-24,,2024-01-15,15,25.0,0,1,,1,US,Telecommunications,,false,
0094-OIFMO,Telco-0094-OIFMO,,,starter,95.0,,2023-02-19,,2023-12-16,4,50.0,0,0,,2,US,Telecommunications,,true,2024-01-15
9227-UAQFT,Telco-9227-UAQFT,,,enterprise,19.75,24,2022-09-22,2024-09-11,2024-01-15,3,12.5,0,1,,0,US,Telecommunications,,false,
7301-ABVAD,Telco-7301-ABVAD,,,enterprise,86.6,24,2018-02-15,2026-01-04,2024-01-15,8,87.5,0,3,,0,US,Telecommunications,,false,
6614-FHDBO,Telco-6614-FHDBO,,,enterprise,109.2,24,2018-02-15,2026-01-04,2024-01-15,15,87.5,0,3,,0,US,Telecommunications,,false,
7576-ASEJU,Telco-7576-ASEJU,,,growth,74.7,12,2020-09-02,2024-08-12,2024-01-15,8,62.5,0,1,,0,US,Telecommunications,,false,
9058-HRZSV,Telco-9058-HRZSV,,,starter,94.4,,2018-09-13,,2024-01-15,15,62.5,0,5,,1,US,Telecommunications,,false,
4522-AKYLR,Telco-4522-AKYLR,,,starter,54.8,,2022-12-21,,2024-01-15,8,37.5,0,1,,1,US,Telecommunications,,false,
0221-WMXNQ,Telco-0221-WMXNQ,,,starter,75.35,,2023-09-17,,2024-01-15,15,25.0,0,0,,1,US,Telecommunications,,false,
0303-UNCIP,Telco-0303-UNCIP,,,growth,65.0,12,2020-09-02,2024-08-12,2024-01-15,8,50.0,0,3,,0,US,Telecommunications,,false,
9947-OTFQU,Telco-9947-OTFQU,,,starter,74.4,,2022-10-22,,2023-12-16,4,25.0,0,1,,2,US,Telecommunications,,true,2024-01-15
0322-YINQP,Telco-0322-YINQP,,,starter,48.55,,2023-12-16,,2023-12-16,2,25.0,0,0,,1,US,Telecommunications,,true,2024-01-15
0959-WHOKV,Telco-0959-WHOKV,,,growth,99.0,12,2020-08-03,2024-07-13,2024-01-15,15,75.0,0,3,,1,US,Telecommunications,,false,
4075-JFPGR,Telco-4075-JFPGR,,,growth,93.5,12,2019-11-07,2024-10-11,2024-01-15,15,62.5,0,4,,1,US,Telecommunications,,false,
4629-NRXKX,Telco-4629-NRXKX,,,starter,70.4,,2023-11-16,,2023-12-16,4,12.5,0,0,,2,US,Telecommunications,,true,2024-01-15
9514-JDSKI,Telco-9514-JDSKI,,,starter,40.2,,2023-12-16,,2023-12-16,2,25.0,0,0,,2,US,Telecommunications,,true,2024-01-15
3282-ZISZV,Telco-3282-ZISZV,,,growth,83.7,12,2021-05-30,2024-05-14,2024-01-15,8,87.5,0,1,,0,US,Telecommunications,,false,
3675-YDUPJ,Telco-3675-YDUPJ,,,starter,19.85,,2023-03-21,,2024-01-15,3,12.5,0,0,,0,US,Telecommunications,,false,
4111-BNXIF,Telco-4111-BNXIF,,,enterprise,59.55,24,2018-07-15,2024-06-13,2024-01-15,8,62.5,0,2,,1,US,Telecommunications,,false,
7017-VFHAY,Telco-7017-VFHAY,,,enterprise,115.1,24,2019-01-11,2024-12-10,2024-01-15,15,100.0,0,2,,0,US,Telecommunications,,false,
6655-LHBYW,Telco-6655-LHBYW,,,growth,114.35,12,2019-12-07,2024-11-10,2024-01-15,15,100.0,0,2,,0,US,Telecommunications,,false,
4959-JOSRX,Telco-4959-JOSRX,,,starter,44.6,,2023-11-16,,2023-12-16,2,12.5,0,0,,0,US,Telecommunications,,true,2024-01-15
5046-NUHWD,Telco-5046-NUHWD,,,starter,45.0,,2021-08-28,,2024-01-15,8,37.5,0,2,,1,US,Telecommunications,,false,
7273-TEFQD,Telco-7273-TEFQD,,,starter,41.15,,2023-10-17,,2023-12-16,2,25.0,0,0,,2,US,Telecommunications,,true,2024-01-15
3606-TWKGI,Telco-3606-TWKGI,,,starter,106.9,,2022-12-21,,2023-12-16,4,75.0,0,1,,2,US,Telecommunications,,true,2024-01-15
7529-ZDFXI,Telco-7529-ZDFXI,,,starter,89.85,,2019-05-11,,2024-01-15,15,50.0,0,4,,1,US,Telecommunications,,false,
7605-BDWDC,Telco-7605-BDWDC,,,enterprise,49.85,24,2021-06-29,2025-06-08,2024-01-15,8,50.0,0,1,,0,US,Telecommunications,,false,
1950-KSVVJ,Telco-1950-KSVVJ,,,growth,113.3,12,2020-05-05,2024-04-14,2024-01-15,15,100.0,0,1,,0,US,Telecommunications,,false,
0123-CRBRT,Telco-0123-CRBRT,,,enterprise,88.1,24,2019-01-11,2024-12-10,2024-01-15,8,100.0,0,2,,0,US,Telecommunications,,false,
6292-TOSSS,Telco-6292-TOSSS,,,enterprise,24.9,24,2019-12-07,2025-11-05,2024-01-15,3,25.0,0,4,,0,US,Telecommunications,,false,
3197-ARFOY,Telco-3197-ARFOY,,,starter,105.0,,2022-06-24,,2024-01-15,15,75.0,0,0,,0,US,Telecommunications,,false,
6323-AYBRX,Telco-6323-AYBRX,,,enterprise,19.35,24,2019-03-12,2021-03-01,2023-12-16,1,12.5,0,4,,1,US,Telecommunications,,true,2024-01-15
7014-ZZXAW,Telco-7014-ZZXAW,,,enterprise,24.25,24,2018-03-17,2024-02-14,2024-01-15,3,25.0,0,5,,0,US,Telecommunications,,false,
4385-GZQXV,Telco-4385-GZQXV,,,starter,94.45,,2022-09-22,,2023-12-16,4,50.0,0,0,,2,US,Telecommunications,,true,2024-01-15
7633-MVPUY,Telco-7633-MVPUY,,,enterprise,59.75,24,2019-05-11,2025-04-09,2024-01-15,8,50.0,0,2,,1,US,Telecommunications,,false,
6366-ZGQGL,Telco-6366-ZGQGL,,,starter,24.8,,2023-12-16,,2023-12-16,2,0.0,0,0,,0,US,Telecommunications,,true,2024-01-15
4716-HHKQH,Telco-4716-HHKQH,,,starter,107.05,,2022-05-25,,2024-01-15,15,75.0,0,0,,1,US,Telecommunications,,false,
5940-AHUHD,Telco-5940-AHUHD,,,starter,70.6,,2023-12-16,,2023-12-16,4,12.5,0,0,,1,US,Telecommunications,,true,2024-01-15
6432-TWQLB,Telco-6432-TWQLB,,,starter,85.4,,2023-08-18,,2023-12-16,4,50.0,0,0,,2,US,Telecommunications,,true,2024-01-15
4484-GLZOU,Telco-4484-GLZOU,,,starter,105.05,,2019-10-08,,2023-12-16,4,75.0,0,4,,2,US,Telecommunications,,true,2024-01-15
3179-GBRWV,Telco-3179-GBRWV,,,starter,64.95,,2022-04-25,,2024-01-15,8,50.0,0,1,,0,US,Telecommunications,,false,
8645-KWHJO,Telco-8645-KWHJO,,,starter,55.0,,2022-11-21,,2024-01-15,8,50.0,0,0,,1,US,Telecommunications,,false,
4130-MZLCC,Telco-4130-MZLCC,,,starter,50.55,,2023-08-18,,2024-01-15,8,25.0,0,0,,0,US,Telecommunications,,false,
0314-TKOSI,Telco-0314-TKOSI,,,starter,55.15,,2023-07-19,,2024-01-15,8,37.5,0,0,,0,US,Telecommunications,,false,
8229-MYEJZ,Telco-8229-MYEJZ,,,starter,51.2,,2023-03-21,,2024-01-15,8,25.0,0,0,,1,US,Telecommunications,,false,
2080-SRCDE,Telco-2080-SRCDE,,,starter,25.4,,2023-12-16,,2024-01-15,3,25.0,0,0,,0,US,Telecommunications,,false,
9577-WJVCQ,Telco-9577-WJVCQ,,,starter,54.45,,2018-06-15,,2024-01-15,8,37.5,0,5,,0,US,Telecommunications,,false,
9512-UIBFX,Telco-9512-UIBFX,,,starter,95.15,,2022-07-24,,2023-12-16,4,50.0,0,1,,1,US,Telecommunications,,true,2024-01-15
6202-DYYFX,Telco-6202-DYYFX,,,growth,76.0,12,2022-03-26,2024-03-15,2024-01-15,15,25.0,0,1,,0,US,Telecommunications,,false,
3808-HFKDE,Telco-3808-HFKDE,,,starter,44.35,,2022-05-25,,2024-01-15,8,12.5,0,1,,1,US,Telecommunications,,false,
5583-SXDAG,Telco-5583-SXDAG,,,starter,70.0,,2023-12-16,,2023-12-16,4,12.5,0,0,,2,US,Telecommunications,,true,2024-01-15
3488-PGMQJ,Telco-3488-PGMQJ,,,starter,74.5,,2023-05-20,,2023-12-16,4,25.0,0,0,,2,US,Telecommunications,,true,2024-01-15
3580-REOAC,Telco-3580-REOAC,,,starter,44.85,,2023-03-21,,2023-12-16,2,12.5,0,0,,0,US,Telecommunications,,true,2024-01-15
7534-BFESC,Telco-7534-BFESC,,,starter,76.1,,2022-01-25,,2023-12-16,4,25.0,0,2,,2,US,Telecommunications,,true,2024-01-15
3727-OWVYD,Telco-3727-OWVYD,,,growth,61.2,12,2021-03-01,2024-02-14,2024-01-15,8,50.0,0,2,,0,US,Telecommunications,,false,
2294-SALNE,Telco-2294-SALNE,,,growth,86.8,12,2022-02-24,2024-02-14,2024-01-15,15,50.0,0,0,,0,US,Telecommunications,,false,
4847-TAJYI,Telco-4847-TAJYI,,,starter,89.35,,2023-07-19,,2024-01-15,15,37.5,0,0,,1,US,Telecommunications,,false,
1563-IWQEX,Telco-1563-IWQEX,,,starter,19.7,,2023-01-20,,2024-01-15,3,12.5,0,1,,0,US,Telecommunications,,false,
8203-XJZRC,Telco-8203-XJZRC,,,starter,20.25,,2023-12-16,,2024-01-15,3,12.5,0,0,,0,US,Telecommunications,,false,
6556-DBKZF,Telco-6556-DBKZF,,,enterprise,76.05,24,2018-03-17,2024-02-14,2024-01-15,15,25.0,0,5,,1,US,Telecommunications,,false,
6851-WEFYX,Telco-6851-WEFYX,,,starter,100.8,,2021-03-01,,2024-01-15,15,62.5,0,2,,1,US,Telecommunications,,false,
2985-JUUBZ,Telco-2985-JUUBZ,,,starter,74.55,,2020-10-02,,2024-01-15,8,62.5,0,3,,1,US,Telecommunications,,false,
6390-DSAZX,Telco-6390-DSAZX,,,starter,73.6,,2023-12-16,,2023-12-16,4,25.0,0,0,,1,US,Telecommunications,,true,2024-01-15
0895-LMRSF,Telco-0895-LMRSF,,,growth,64.9,12,2022-02-24,2024-02-14,2024-01-15,8,37.5,0,1,,0,US,Telecommunications,,false,
8098-LLAZX,Telco-8098-LLAZX,,,starter,95.45,,2023-09-17,,2023-12-16,4,50.0,0,0,,2,US,Telecommunications,,true,2024-01-15
8266-VBFQL,Telco-8266-VBFQL,,,starter,90.4,,2023-09-17,,2024-01-15,15,50.0,0,0,,1,US,Telecommunications,,false,
8181-YHCMF,Telco-8181-YHCMF,,,enterprise,60.3,24,2018-06-15,2024-05-14,2024-01-15,8,62.5,0,2,,0,US,Telecommunications,,false,
2240-HSJQD,Telco-2240-HSJQD,,,starter,81.85,,2020-12-01,,2024-01-15,15,37.5,0,3,,0,US,Telecommunications,,false,
1248-DYXUB,Telco-1248-DYXUB,,,enterprise,24.8,24,2019-10-08,2025-09-06,2024-01-15,3,25.0,0,4,,0,US,Telecommunications,,false,
0265-EDXBD,Telco-0265-EDXBD,,,starter,74.9,,2021-05-30,,2023-12-16,4,25.0,0,2,,2,US,Telecommunications,,true,2024-01-15
4115-BNPJY,Telco-4115-BNPJY,,,enterprise,75.55,24,2021-08-28,2025-08-07,2024-01-15,8,62.5,0,1,,0,US,Telecommunications,,false,
3167-SNQPL,Telco-3167-SNQPL,,,starter,101.15,,2020-12-01,,2024-01-15,15,62.5,0,3,,1,US,Telecommunications,,false,
4091-TVOCN,Telco-4091-TVOCN,,,growth,78.75,12,2020-02-05,2025-01-09,2024-01-15,8,75.0,0,4,,0,US,Telecommunications,,false,
1098-TDVUQ,Telco-1098-TDVUQ,,,starter,19.25,,2023-12-16,,2024-01-15,3,12.5,0,0,,0,US,Telecommunications,,false,
7277-OZCGZ,Telco-7277-OZCGZ,,,starter,89.05,,2022-03-26,,2024-01-15,15,50.0,0,0,,1,US,Telecommunications,,false,
1557-EMYVT,Telco-1557-EMYVT,,,enterprise,115.05,24,2020-07-04,2024-06-13,2024-01-15,15,100.0,0,1,,0,US,Telecommunications,,false,
2799-ARNLO,Telco-2799-ARNLO,,,starter,69.35,,2023-08-18,,2024-01-15,15,12.5,0,0,,1,US,Telecommunications,,false,
7563-BIUPC,Telco-7563-BIUPC,,,starter,80.6,,2023-08-18,,2023-12-16,4,25.0,0,0,,2,US,Telecommunications,,true,2024-01-15
5027-YOCXN,Telco-5027-YOCXN,,,growth,110.05,12,2019-11-07,2024-10-11,2024-01-15,15,87.5,0,2,,0,US,Telecommunications,,false,
3973-SKMLN,Telco-3973-SKMLN,,,enterprise,19.9,24,2018-03-17,2024-02-14,2024-01-15,3,12.5,0,5,,0,US,Telecommunications,,false,
2321-OMBXY,Telco-2321-OMBXY,,,growth,80.3,12,2020-12-01,2021-11-26,2023-12-16,2,75.0,0,1,,0,US,Telecommunications,,true,2024-01-15
2840-XANRC,Telco-2840-XANRC,,,starter,93.15,,2022-01-25,,2023-12-16,4,50.0,0,2,,2,US,Telecommunications,,true,2024-01-15
6745-JEFZB,Telco-6745-JEFZB,,,starter,91.5,,2021-03-01,,2024-01-15,15,50.0,0,1,,0,US,Telecommunications,,false,
5020-ZSTTY,Telco-5020-ZSTTY,,,growth,82.45,12,2019-08-09,2020-08-03,2023-12-16,2,87.5,0,2,,0,US,Telecommunications,,true,2024-01-15
9880-TDQAC,Telco-9880-TDQAC,,,enterprise,60.0,24,2018-02-15,2026-01-04,2024-01-15,8,62.5,0,3,,1,US,Telecommunications,,false,
8705-WZCYL,Telco-8705-WZCYL,,,starter,44.8,,2023-12-16,,2024-01-15,8,12.5,0,0,,1,US,Telecommunications,,false,
7102-JJVTX,Telco-7102-JJVTX,,,growth,48.6,12,2023-04-20,2024-04-14,2024-01-15,8,25.0,0,0,,0,US,Telecommunications,,false,
8626-PTQGE,Telco-8626-PTQGE,,,enterprise,60.05,24,2018-05-16,2024-04-14,2024-01-15,8,62.5,0,2,,0,US,Telecommunications,,false,
4983-CLMLV,Telco-4983-CLMLV,,,starter,102.7,,2019-10-08,,2024-01-15,15,75.0,0,2,,0,US,Telecommunications,,false,
5701-YVSVF,Telco-5701-YVSVF,,,starter,82.9,,2023-02-19,,2024-01-15,15,37.5,0,0,,1,US,Telecommunications,,false,
5804-LEPIM,Telco-5804-LEPIM,,,starter,70.35,,2023-11-16,,2023-12-16,4,12.5,0,0,,2,US,Telecommunications,,true,2024-01-15
5697-GOMBF,Telco-5697-GOMBF,,,starter,35.9,,2021-09-27,,2024-01-15,8,12.5,0,2,,1,US,Telecommunications,,false,
2739-CACDQ,Telco-2739-CACDQ,,,starter,82.65,,2022-08-23,,2024-01-15,15,37.5,0,1,,0,US,Telecommunications,,false,
9385-EHGDO,Telco-9385-EHGDO,,,enterprise,19.85,24,2021-03-01,2025-02-08,2024-01-15,3,12.5,0,2,,0,US,Telecommunications,,false,
9498-FIMXL,Telco-9498-FIMXL,,,growth,19.2,12,2023-05-20,2024-05-14,2024-01-15,3,12.5,0,0,,0,US,Telecommunications,,false,
2379-GYFLQ,Telco-2379-GYFLQ,,,growth,94.9,12,2020-04-05,2024-03-15,2024-01-15,15,62.5,0,3,,0,US,Telecommunications,,false,
0122-OAHPZ,Telco-0122-OAHPZ,,,starter,73.85,,2023-06-19,,2023-12-16,4,25.0,0,0,,2,US,Telecommunications,,true,2024-01-15
2868-SNELZ,Telco-2868-SNELZ,,,starter,80.6,,2023-11-16,,2023-12-16,4,37.5,0,0,,1,US,Telecommunications,,true,2024-01-15
4322-RCYMT,Telco-4322-RCYMT,,,growth,75.8,12,2018-06-15,2019-06-10,2023-12-16,2,75.0,0,2,,0,US,Telecommunications,,true,2024-01-15
6680-NENYN,Telco-6680-NENYN,,,enterprise,104.6,24,2020-07-04,2022-06-24,2023-12-16,4,75.0,0,3,,2,US,Telecommunications,,true,2024-01-15
2088-IEBAU,Telco-2088-IEBAU,,,enterprise,88.15,24,2018-06-15,2024-05-14,2024-01-15,8,100.0,0,2,,1,US,Telecommunications,,false,
7982-VCELR,Telco-7982-VCELR,,,starter,94.8,,2021-01-30,,2024-01-15,15,50.0,0,3,,0,US,Telecommunications,,false,
1343-EHPYB,Telco-1343-EHPYB,,,starter,103.4,,2018-11-12,,2023-12-16,4,75.0,0,5,,2,US,Telecommunications,,true,2024-01-15
6035-BXTTY,Telco-6035-BXTTY,,,starter,54.65,,2021-05-30,,2024-01-15,8,37.5,0,1,,0,US,Telecommunications,,false,
6885-PKOAM,Telco-6885-PKOAM,,,enterprise,85.75,24,2018-03-17,2024-02-14,2024-01-15,8,100.0,0,2,,0,US,Telecommunications,,false,
7520-HQWJU,Telco-7520-HQWJU,,,starter,67.45,,2018-08-14,,2024-01-15,8,62.5,0,5,,0,US,Telecommunications,,false,
9639-BUJXT,Telco-9639-BUJXT,,,growth,20.5,12,2018-11-12,2024-10-11,2024-01-15,3,12.5,0,5,,0,US,Telecommunications,,false,
5924-SNGKP,Telco-5924-SNGKP,,,growth,20.25,12,2020-09-02,2024-08-12,2024-01-15,3,12.5,0,3,,0,US,Telecommunications,,false,
0021-IKXGC,Telco-0021-IKXGC,,,starter,72.1,,2023-12-16,,2024-01-15,15,25.0,0,0,,1,US,Telecommunications,,false,
2034-GDRCN,Telco-2034-GDRCN,,,starter,90.4,,2023-11-16,,2023-12-16,4,37.5,0,0,,2,US,Telecommunications,,true,2024-01-15
8966-SNIZF,Telco-8966-SNIZF,,,enterprise,19.45,24,2018-04-16,2024-03-15,2024-01-15,3,12.5,0,5,,0,US,Telecommunications,,false,
6243-OZGFH,Telco-6243-OZGFH,,,starter,44.95,,2022-02-24,,2024-01-15,8,25.0,0,1,,1,US,Telecommunications,,false,
4654-DLAMQ,Telco-4654-DLAMQ,,,growth,97.0,12,2018-10-13,2024-09-11,2024-01-15,15,62.5,0,5,,0,US,Telecommunications,,false,
0513-RBGPE,Telco-0513-RBGPE,,,enterprise,62.8,24,2020-12-31,2024-12-10,2024-01-15,8,62.5,0,1,,0,US,Telecommunications,,false,
5160-UXJED,Telco-5160-UXJED,,,growth,44.6,12,2022-08-23,2024-08-12,2024-01-15,8,12.5,0,1,,0,US,Telecommunications,,false,
4115-NZRKS,Telco-4115-NZRKS,,,starter,89.15,,2023-06-19,,2024-01-15,15,37.5,0,0,,1,US,Telecommunications,,false,
0219-YTZUE,Telco-0219-YTZUE,,,starter,84.8,,2023-09-17,,2023-12-16,4,50.0,0,0,,0,US,Telecommunications,,true,2024-01-15
0623-IIHUG,Telco-0623-IIHUG,,,starter,41.9,,2022-04-25,,2023-12-16,2,25.0,0,1,,2,US,Telecommunications,,true,2024-01-15
4572-DVCGN,Telco-4572-DVCGN,,,starter,80.25,,2023-03-21,,2023-12-16,4,25.0,0,0,,0,US,Telecommunications,,true,2024-01-15
3351-NGXYI,Telco-3351-NGXYI,,,starter,54.1,,2022-09-22,,2024-01-15,8,37.5,0,1,,1,US,Telecommunications,,false,
8984-EYLLL,Telco-8984-EYLLL,,,enterprise,105.25,24,2018-10-13,2024-09-11,2024-01-15,15,75.0,0,2,,1,US,Telecommunications,,false,
9057-MSWCO,Telco-9057-MSWCO,,,starter,30.75,,2021-10-27,,2023-12-16,2,12.5,0,2,,0,US,Telecommunications,,true,2024-01-15
9833-TGFHX,Telco-9833-TGFHX,,,growth,97.1,12,2020-08-03,2024-07-13,2024-01-15,15,62.5,0,3,,1,US,Telecommunications,,false,
9294-TDIPC,Telco-9294-TDIPC,,,starter,20.2,,2023-08-18,,2024-01-15,3,12.5,0,0,,0,US,Telecommunications,,false,
5229-DTFYB,Telco-5229-DTFYB,,,enterprise,98.8,24,2020-09-02,2024-08-12,2024-01-15,15,62.5,0,1,,0,US,Telecommunications,,false,
0104-PPXDV,Telco-0104-PPXDV,,,growth,50.3,12,2019-04-11,2024-03-15,2024-01-15,8,25.0,0,4,,0,US,Telecommunications,,false,
5176-LMJXE,Telco-5176-LMJXE,,,enterprise,20.55,24,2020-03-06,2024-02-14,2024-01-15,3,12.5,0,3,,0,US,Telecommunications,,false,
3583-KRKMD,Telco-3583-KRKMD,,,starter,75.9,,2022-07-24,,2024-01-15,15,25.0,0,0,,0,US,Telecommunications,,false,
1010-DIAUQ,Telco-1010-DIAUQ,,,starter,96.5,,2023-08-18,,2023-12-16,4,50.0,0,0,,0,US,Telecommunications,,true,2024-01-15
9069-LGEUL,Telco-9069-LGEUL,,,starter,59.95,,2022-02-24,,2024-01-15,8,37.5,0,1,,0,US,Telecommunications,,false,
7302-ZHMHP,Telco-7302-ZHMHP,,,starter,19.15,,2023-12-16,,2024-01-15,3,12.5,0,0,,0,US,Telecommunications,,false,
9571-EDEBV,Telco-9571-EDEBV,,,growth,98.65,12,2018-03-17,2024-02-14,2024-01-15,15,62.5,0,5,,0,US,Telecommunications,,false,
3520-FJGCV,Telco-3520-FJGCV,,,enterprise,112.6,24,2018-02-15,2026-01-04,2024-01-15,15,100.0,0,3,,0,US,Telecommunications,,false,
6563-VRERX,Telco-6563-VRERX,,,growth,20.6,12,2021-04-30,2024-04-14,2024-01-15,3,12.5,0,2,,0,US,Telecommunications,,false,
0259-GBZSH,Telco-0259-GBZSH,,,starter,85.65,,2023-11-16,,2023-12-16,4,37.5,0,0,,2,US,Telecommunications,,true,2024-01-15
6122-EFVKN,Telco-6122-EFVKN,,,enterprise,35.75,24,2022-01-25,2026-01-04,2024-01-15,8,25.0,0,1,,0,US,Telecommunications,,false,
2805-EDJPQ,Telco-2805-EDJPQ,,,growth,99.75,12,2019-06-10,2024-05-14,2024-01-15,15,75.0,0,2,,0,US,Telecommunications,,false,
6862-CQUMB,Telco-6862-CQUMB,,,starter,96.1,,2020-12-31,,2024-01-15,15,50.0,0,3,,0,US,Telecommunications,,false,
7156-MXBJE,Telco-7156-MXBJE,,,growth,85.1,12,2020-07-04,2024-06-13,2024-01-15,8,87.5,0,1,,0,US,Telecommunications,,false,
6158-HDPXZ,Telco-6158-HDPXZ,,,starter,25.35,,2023-12-16,,2024-01-15,8,0.0,0,0,,0,US,Telecommunications,,false,
9601-BRXPO,Telco-9601-BRXPO,,,starter,104.95,,2021-12-26,,2023-12-16,4,75.0,0,1,,0,US,Telecommunications,,true,2024-01-15
2863-IMQDR,Telco-2863-IMQDR,,,enterprise,89.65,24,2019-01-11,2024-12-10,2024-01-15,8,100.0,0,2,,1,US,Telecommunications,,false,
5686-CMAWK,Telco-5686-CMAWK,,,growth,86.75,12,2022-08-23,2024-08-12,2024-01-15,15,50.0,0,0,,1,US,Telecommunications,,false,
5651-CRHKQ,Telco-5651-CRHKQ,,,growth,86.2,12,2020-09-02,2024-08-12,2024-01-15,15,50.0,0,1,,0,US,Telecommunications,,false,
6905-NIQIN,Telco-6905-NIQIN,,,starter,50.65,,2023-12-16,,2023-12-16,2,25.0,0,0,,1,US,Telecommunications,,true,2024-01-15
8204-YJCLA,Telco-8204-YJCLA,,,enterprise,64.8,24,2018-02-15,2026-01-04,2024-01-15,8,75.0,0,3,,0,US,Telecommunications,,false,
5167-ZFFMM,Telco-5167-ZFFMM,,,starter,90.85,,2023-12-16,,2023-12-16,4,50.0,0,0,,0,US,Telecommunications,,true,2024-01-15
6583-SZVGP,Telco-6583-SZVGP,,,enterprise,108.1,24,2020-02-05,2026-01-04,2024-01-15,15,75.0,0,4,,0,US,Telecommunications,,false,
4895-TMWIR,Telco-4895-TMWIR,,,starter,19.95,,2023-02-19,,2023-12-16,1,12.5,0,0,,1,US,Telecommunications,,true,2024-01-15
0533-BNWKF,Telco-0533-BNWKF,,,starter,85.45,,2019-07-10,,2023-12-16,4,50.0,0,4,,2,US,Telecommunications,,true,2024-01-15
1708-PBBOA,Telco-1708-PBBOA,,,growth,54.75,12,2020-08-03,2024-07-13,2024-01-15,8,62.5,0,1,,1,US,Telecommunications,,false,
8782-LKFPK,Telco-8782-LKFPK,,,starter,90.4,,2020-06-04,,2024-01-15,15,50.0,0,3,,0,US,Telecommunications,,false,
5522-JBWMO,Telco-5522-JBWMO,,,starter,44.0,,2023-12-16,,2024-01-15,8,12.5,0,0,,1,US,Telecommunications,,false,
3597-MVHJT,Telco-3597-MVHJT,,,starter,95.6,,2021-10-27,,2024-01-15,15,50.0,0,2,,0,US,Telecommunications,,false,
9774-NRNAU,Telco-9774-NRNAU,,,starter,84.8,,2021-10-27,,2024-01-15,8,87.5,0,1,,0,US,Telecommunications,,false,
0224-RLWWD,Telco-0224-RLWWD,,,starter,44.3,,2023-11-16,,2024-01-15,8,12.5,0,0,,1,US,Telecommunications,,false,
9967-ATRFS,Telco-9967-ATRFS,,,starter,19.9,,2022-06-24,,2024-01-15,3,12.5,0,1,,0,US,Telecommunications,,false,
3951-NJCVI,Telco-3951-NJCVI,,,starter,95.05,,2020-08-03,,2024-01-15,15,50.0,0,3,,1,US,Telecommunications,,false,
2977-CEBSX,Telco-2977-CEBSX,,,enterprise,90.05,24,2018-08-14,2024-07-13,2024-01-15,8,100.0,0,2,,0,US,Telecommunications,,false,
0177-PXBAT,Telco-0177-PXBAT,,,starter,109.9,,2021-04-30,,2024-01-15,15,87.5,0,1,,0,US,Telecommunications,,false,
6599-CEBNN,Telco-6599-CEBNN,,,starter,73.95,,2021-03-31,,2023-12-16,4,25.0,0,2,,0,US,Telecommunications,,true,2024-01-15
2519-ERQOJ,Telco-2519-ERQOJ,,,starter,54.6,,2021-04-30,,2024-01-15,8,50.0,0,1,,1,US,Telecommunications,,false,
5876-QMYLD,Telco-5876-QMYLD,,,growth,20.05,12,2022-02-24,2024-02-14,2024-01-15,3,12.5,0,1,,0,US,Telecommunications,,false,
2277-AXSDC,Telco-2277-AXSDC,,,growth,19.75,12,2021-05-30,2024-05-14,2024-01-15,3,12.5,0,2,,0,US,Telecommunications,,false,
9442-JTWDL,Telco-9442-JTWDL,,,growth,20.05,12,2023-02-19,2024-02-14,2024-01-15,3,12.5,0,0,,0,US,Telecommunications,,false,
0979-PHULV,Telco-0979-PHULV,,,starter,99.45,,2018-05-16,,2023-12-16,4,62.5,0,5,,0,US,Telecommunications,,true,2024-01-15
3067-SVMTC,Telco-3067-SVMTC,,,growth,55.9,12,2018-06-15,2024-05-14,2024-01-15,8,37.5,0,2,,0,US,Telecommunications,,false,
5495-GPSRW,Telco-5495-GPSRW,,,enterprise,19.7,24,2022-05-25,2024-05-14,2024-01-15,3,12.5,0,1,,0,US,Telecommunications,,false,
7606-BPHHN,Telco-7606-BPHHN,,,enterprise,19.8,24,2018-02-15,2026-01-04,2024-01-15,3,12.5,0,6,,0,US,Telecommunications,,false,
4742-DRORA,Telco-4742-DRORA,,,growth,95.4,12,2019-02-10,2025-01-09,2024-01-15,15,62.5,0,5,,0,US,Telecommunications,,false,
0111-KLBQG,Telco-0111-KLBQG,,,starter,93.95,,2021-05-30,,2024-01-15,15,50.0,0,2,,0,US,Telecommunications,,false,
4800-VHZKI,Telco-4800-VHZKI,,,starter,19.9,,2023-12-16,,2023-12-16,1,12.5,0,0,,1,US,Telecommunications,,true,2024-01-15
7989-CHGTL,Telco-7989-CHGTL,,,starter,19.6,,2023-12-16,,2023-12-16,1,12.5,0,0,,1,US,Telecommunications,,true,2024-01-15
0334-GDDSO,Telco-0334-GDDSO,,,starter,81.35,,2023-10-17,,2023-12-16,4,37.5,0,0,,2,US,Telecommunications,,true,2024-01-15
4163-NCJAK,Telco-4163-NCJAK,,,growth,24.45,12,2020-04-05,2024-03-15,2024-01-15,3,25.0,0,3,,0,US,Telecommunications,,false,
5233-AOZUF,Telco-5233-AOZUF,,,starter,74.95,,2021-08-28,,2024-01-15,15,25.0,0,2,,1,US,Telecommunications,,false,
5973-EJGDP,Telco-5973-EJGDP,,,starter,87.35,,2019-11-07,,2024-01-15,15,62.5,0,2,,1,US,Telecommunications,,false,
1996-DBMUS,Telco-1996-DBMUS,,,starter,70.65,,2020-02-05,,2024-01-15,15,12.5,0,4,,0,US,Telecommunications,,false,
7916-VCCPB,Telco-7916-VCCPB,,,starter,73.25,,2022-09-22,,2024-01-15,15,25.0,0,1,,0,US,Telecommunications,,false,
4686-GEFRM,Telco-4686-GEFRM,,,enterprise,98.7,24,2018-04-16,2024-03-15,2024-01-15,15,75.0,0,2,,0,US,Telecommunications,,false,
5249-QYHEX,Telco-5249-QYHEX,,,enterprise,24.8,24,2020-10-02,2024-09-11,2024-01-15,3,25.0,0,3,,0,US,Telecommunications,,false,
0578-SKVMF,Telco-0578-SKVMF,,,starter,83.3,,2022-03-26,,2023-12-16,4,37.5,0,1,,2,US,Telecommunications,,true,2024-01-15
5564-NEMQO,Telco-5564-NEMQO,,,starter,75.3,,2023-12-16,,2023-12-16,4,25.0,0,0,,0,US,Telecommunications,,true,2024-01-15
2233-FAGXV,Telco-2233-FAGXV,,,starter,24.3,,2023-08-18,,2024-01-15,3,25.0,0,0,,0,US,Telecommunications,,false,
5605-IYGFG,Telco-5605-IYGFG,,,starter,69.85,,2023-06-19,,2024-01-15,15,12.5,0,0,,0,US,Telecommunications,,false,
7663-ZTEGJ,Telco-7663-ZTEGJ,,,growth,100.55,12,2021-08-28,2024-08-12,2024-01-15,15,75.0,0,1,,0,US,Telecommunications,,false,
3935-TBRZZ,Telco-3935-TBRZZ,,,growth,25.7,12,2020-06-04,2024-05-14,2024-01-15,3,25.0,0,3,,0,US,Telecommunications,,false,
8111-BKVDS,Telco-8111-BKVDS,,,starter,40.7,,2023-03-21,,2024-01-15,8,37.5,0,0,,0,US,Telecommunications,,false,
2055-SIFSS,Telco-2055-SIFSS,,,starter,51.65,,2019-07-10,,2024-01-15,8,25.0,0,4,,0,US,Telecommunications,,false,
2806-MLNTI,Telco-2806-MLNTI,,,growth,105.1,12,2019-10-08,2024-09-11,2024-01-15,15,75.0,0,4,,0,US,Telecommunications,,false,
8734-DKSTZ,Telco-8734-DKSTZ,,,starter,85.95,,2023-03-21,,2024-01-15,15,37.5,0,0,,1,US,Telecommunications,,false,
4360-PNRQB,Telco-4360-PNRQB,,,starter,75.6,,2022-07-24,,2024-01-15,15,25.0,0,1,,0,US,Telecommunications,,false,
6152-ONASV,Telco-6152-ONASV,,,growth,58.25,12,2018-06-15,2024-05-14,2024-01-15,8,50.0,0,2,,0,US,Telecommunications,,false,
9063-ZGTUY,Telco-9063-ZGTUY,,,starter,19.4,,2019-01-11,,2023-12-16,1,12.5,0,5,,1,US,Telecommunications,,true,2024-01-15
7781-HVGMK,Telco-7781-HVGMK,,,enterprise,65.2,24,2018-02-15,2026-01-04,2024-01-15,8,75.0,0,3,,0,US,Telecommunications,,false,
2181-UAESM,Telco-2181-UAESM,,,starter,53.45,,2023-11-16,,2024-01-15,8,37.5,0,0,,1,US,Telecommunications,,false,
2957-LOLHO,Telco-2957-LOLHO,,,starter,45.4,,2023-01-20,,2023-12-16,2,12.5,0,1,,0,US,Telecommunications,,true,2024-01-15
6048-NJXHX,Telco-6048-NJXHX,,,enterprise,19.75,24,2020-09-02,2024-08-12,2024-01-15,3,12.5,0,3,,1,US,Telecommunications,,false,
2320-SLKMB,Telco-2320-SLKMB,,,starter,44.45,,2021-11-26,,2024-01-15,8,37.5,0,1,,0,US,Telecommunications,,false,
4980-URKXC,Telco-4980-URKXC,,,growth,20.85,12,2021-01-30,2025-01-09,2024-01-15,3,12.5,0,3,,0,US,Telecommunications,,false,
4376-KFVRS,Telco-4376-KFVRS,,,enterprise,114.05,24,2018-02-15,2026-01-04,2024-01-15,15,100.0,0,3,,0,US,Telecommunications,,false,
5886-VLQVU,Telco-5886-VLQVU,,,starter,89.85,,2021-03-01,,2024-01-15,15,50.0,0,1,,0,US,Telecommunications,,false,
3577-AMVUX,Telco-3577-AMVUX,,,starter,55.05,,2023-12-16,,2024-01-15,8,37.5,0,0,,0,US,Telecommunications,,false,
0771-WLCLA,Telco-0771-WLCLA,,,starter,112.95,,2022-09-22,,2024-01-15,15,87.5,0,0,,1,US,Telecommunications,,false,
5628-RKIFK,Telco-5628-RKIFK,,,starter,101.55,,2020-01-06,,2024-01-15,15,62.5,0,4,,0,US,Telecommunications,,false,
0206-TBWLC,Telco-0206-TBWLC,,,growth,114.65,12,2019-08-09,2024-07-13,2024-01-15,15,100.0,0,2,,0,US,Telecommunications,,false,
2937-FTHUR,Telco-2937-FTHUR,,,starter,64.8,,2022-07-24,,2024-01-15,8,50.0,0,1,,1,US,Telecommunications,,false,
1910-FMXJM,Telco-1910-FMXJM,,,starter,80.4,,2021-01-30,,2024-01-15,15,25.0,0,3,,1,US,Telecommunications,,false,
7752-XUSCI,Telco-7752-XUSCI,,,starter,105.9,,2019-02-10,,2023-12-16,4,75.0,0,5,,2,US,Telecommunications,,true,2024-01-15
4110-PFEUZ,Telco-4110-PFEUZ,,,starter,69.55,,2023-12-16,,2023-12-16,4,12.5,0,0,,1,US,Telecommunications,,true,2024-01-15
0732-OCQOC,Telco-0732-OCQOC,,,enterprise,25.05,24,2019-10-08,2025-09-06,2024-01-15,3,25.0,0,4,,0,US,Telecommunications,,false,
5168-MSWXT,Telco-5168-MSWXT,,,starter,94.75,,2023-05-20,,2024-01-15,15,50.0,0,0,,1,US,Telecommunications,,false,
1090-ESELR,Telco-1090-ESELR,,,enterprise,105.5,24,2018-02-15,2026-01-04,2024-01-15,15,75.0,0,3,,0,US,Telecommunications,,false,
8592-PLTMQ,Telco-8592-PLTMQ,,,growth,24.7,12,2018-10-13,2024-09-11,2024-01-15,3,25.0,0,5,,0,US,Telecommunications,,false,
5760-WRAHC,Telco-5760-WRAHC,,,starter,69.75,,2022-03-26,,2024-01-15,8,62.5,0,0,,0,US,Telecommunications,,false,
8847-GEOOQ,Telco-8847-GEOOQ,,,starter,60.2,,2019-02-10,,2024-01-15,8,62.5,0,2,,0,US,Telecommunications,,false,
0256-LTHVJ,Telco-0256-LTHVJ,,,starter,81.05,,2021-09-27,,2023-12-16,4,25.0,0,2,,2,US,Telecommunications,,true,2024-01-15
4785-FCIFB,Telco-4785-FCIFB,,,enterprise,24.4,24,2019-01-11,2024-12-10,2024-01-15,3,25.0,0,5,,0,US,Telecommunications,,false,
8313-NDOIA,Telco-8313-NDOIA,,,starter,104.15,,2022-01-25,,2024-01-15,15,75.0,0,2,,1,US,Telecommunications,,false,
5149-CUZUJ,Telco-5149-CUZUJ,,,growth,92.9,12,2021-09-27,2024-09-11,2024-01-15,15,62.5,0,1,,0,US,Telecommunications,,false,
0942-KOWSM,Telco-0942-KOWSM,,,enterprise,80.8,24,2021-07-29,2025-07-08,2024-01-15,8,75.0,0,1,,0,US,Telecommunications,,false,
4237-CLSMM,Telco-4237-CLSMM,,,starter,20.0,,2023-11-16,,2024-01-15,3,12.5,0,0,,0,US,Telecommunications,,false,
1452-VOQCH,Telco-1452-VOQCH,,,starter,75.1,,2023-12-16,,2024-01-15,15,25.0,0,0,,1,US,Telecommunications,,false,
4719-UMSIY,Telco-4719-UMSIY,,,starter,19.65,,2023-07-19,,2024-01-15,3,12.5,0,0,,0,US,Telecommunications,,false,
6614-VBEGU,Telco-6614-VBEGU,,,starter,69.45,,2022-01-25,,2024-01-15,8,50.0,0,2,,0,US,Telecommunications,,false,
0880-TKATG,Telco-0880-TKATG,,,starter,101.15,,2023-09-17,,2023-12-16,4,62.5,0,0,,2,US,Telecommunications,,true,2024-01-15
3811-VBYBZ,Telco-3811-VBYBZ,,,starter,99.8,,2023-06-19,,2023-12-16,4,62.5,0,0,,2,US,Telecommunications,,true,2024-01-15
1480-BKXGA,Telco-1480-BKXGA,,,enterprise,116.05,24,2018-02-15,2026-01-04,2024-01-15,15,100.0,0,3,,0,US,Telecommunications,,false,
2996-XAUVF,Telco-2996-XAUVF,,,enterprise,40.05,24,2018-04-16,2024-03-15,2024-01-15,8,25.0,0,2,,0,US,Telecommunications,,false,
9076-AXYIK,Telco-9076-AXYIK,,,enterprise,102.1,24,2018-10-13,2024-09-11,2024-01-15,15,75.0,0,2,,1,US,Telecommunications,,false,
5968-XQIVE,Telco-5968-XQIVE,,,growth,89.7,12,2018-02-15,2025-01-09,2024-01-15,15,50.0,0,6,,1,US,Telecommunications,,false,
8896-RAZCR,Telco-8896-RAZCR,,,enterprise,19.9,24,2020-06-04,2024-05-14,2024-01-15,3,12.5,0,3,,0,US,Telecommunications,,false,
4640-UHDOS,Telco-4640-UHDOS,,,starter,55.95,,2022-12-21,,2023-12-16,2,25.0,0,1,,2,US,Telecommunications,,true,2024-01-15
4933-IKULF,Telco-4933-IKULF,,,growth,20.65,12,2022-08-23,2024-08-12,2024-01-15,3,12.5,0,1,,0,US,Telecommunications,,false,
3583-EKAPL,Telco-3583-EKAPL,,,starter,55.0,,2023-12-16,,2023-12-16,2,25.0,0,0,,2,US,Telecommunications,,true,2024-01-15
1304-BCCFO,Telco-1304-BCCFO,,,starter,70.05,,2023-04-20,,2024-01-15,8,50.0,0,0,,0,US,Telecommunications,,false,
4104-PVRPS,Telco-4104-PVRPS,,,starter,53.6,,2022-01-25,,2024-01-15,8,37.5,0,1,,0,US,Telecommunications,,false,
9399-APLBT,Telco-9399-APLBT,,,starter,74.7,,2023-12-16,,2023-12-16,4,25.0,0,0,,2,US,Telecommunications,,true,2024-01-15
2359-KMGLI,Telco-2359-KMGLI,,,starter,80.25,,2022-01-25,,2023-12-16,4,37.5,0,2,,2,US,Telecommunications,,true,2024-01-15
3780-DDGSE,Telco-3780-DDGSE,,,starter,76.05,,2021-03-01,,2024-01-15,8,62.5,0,1,,1,US,Telecommunications,,false,
4431-EDMIQ,Telco-4431-EDMIQ,,,starter,75.7,,2023-06-19,,2024-01-15,8,75.0,0,0,,1,US,Telecommunications,,false,
0306-JAELE,Telco-0306-JAELE,,,starter,96.1,,2023-08-18,,2023-12-16,4,50.0,0,0,,2,US,Telecommunications,,true,2024-01-15
6227-HWPWX,Telco-6227-HWPWX,,,starter,69.0,,2022-10-22,,2023-12-16,4,12.5,0,1,,0,US,Telecommunications,,true,2024-01-15
0486-LGCCH,Telco-0486-LGCCH,,,enterprise,19.65,24,2023-02-19,2025-02-08,2024-01-15,3,12.5,0,0,,0,US,Telecommunications,,false,
0447-BEMNG,Telco-0447-BEMNG,,,starter,45.3,,2020-02-05,,2023-12-16,2,37.5,0,4,,0,US,Telecommunications,,true,2024-01-15
4612-SSVHJ,Telco-4612-SSVHJ,,,starter,81.45,,2022-05-25,,2024-01-15,15,25.0,0,1,,1,US,Telecommunications,,false,
5168-MQQCA,Telco-5168-MQQCA,,,growth,108.5,12,2018-02-15,2025-01-09,2024-01-15,15,87.5,0,3,,0,US,Telecommunications,,false,
5949-XIKAE,Telco-5949-XIKAE,,,starter,83.55,,2023-05-20,,2023-12-16,4,37.5,0,0,,2,US,Telecommunications,,true,2024-01-15
7971-HLVXI,Telco-7971-HLVXI,,,enterprise,84.5,24,2018-02-15,2026-01-04,2024-01-15,15,37.5,0,6,,0,US,Telecommunications,,false,
9094-AZPHK,Telco-9094-AZPHK,,,starter,100.15,,2022-10-22,,2024-01-15,15,62.5,0,1,,1,US,Telecommunications,,false,
3649-JPUGY,Telco-3649-JPUGY,,,enterprise,88.6,24,2018-02-15,2026-01-04,2024-01-15,8,87.5,0,3,,0,US,Telecommunications,,false,
4472-LVYGI,Telco-4472-LVYGI,,,enterprise,52.55,24,2024-01-15,2026-01-04,2024-01-15,8,50.0,0,0,,0,US,Telecommunications,,false,
8372-JUXUI,Telco-8372-JUXUI,,,starter,74.35,,2023-12-16,,2023-12-16,4,25.0,0,0,,2,US,Telecommunications,,true,2024-01-15
3552-CTCYF,Telco-3552-CTCYF,,,enterprise,104.8,24,2018-11-12,2024-10-11,2024-01-15,15,75.0,0,5,,0,US,Telecommunications,,false,
6778-YSNIH,Telco-6778-YSNIH,,,starter,59.0,,2023-11-16,,2024-01-15,8,37.5,0,0,,1,US,Telecommunications,,false,
0388-EOPEX,Telco-0388-EOPEX,,,starter,74.4,,2023-11-16,,2023-12-16,4,25.0,0,0,,2,US,Telecommunications,,true,2024-01-15
5756-OZRIO,Telco-5756-OZRIO,,,growth,64.05,12,2019-01-11,2024-12-10,2024-01-15,8,50.0,0,5,,0,US,Telecommunications,,false,
6579-JPICP,Telco-6579-JPICP,,,starter,20.4,,2023-12-16,,2024-01-15,3,12.5,0,0,,0,US,Telecommunications,,false,
8205-OTCHB,Telco-8205-OTCHB,,,growth,43.75,12,2022-03-26,2023-03-21,2023-12-16,2,37.5,0,1,,0,US,Telecommunications,,true,2024-01-15
4134-BSXLX,Telco-4134-BSXLX,,,starter,60.9,,2021-09-27,,2024-01-15,8,50.0,0,1,,0,US,Telecommunications,,false,
0505-SPOOW,Telco-0505-SPOOW,,,enterprise,19.8,24,2018-04-16,2024-03-15,2024-01-15,3,12.5,0,5,,0,US,Telecommunications,,false,
6235-VDHOM,Telco-6235-VDHOM,,,starter,28.45,,2023-08-18,,2023-12-16,2,12.5,0,0,,2,US,Telecommunications,,true,2024-01-15
7783-YKGDV,Telco-7783-YKGDV,,,starter,99.7,,2023-01-20,,2023-12-16,4,75.0,0,1,,0,US,Telecommunications,,true,2024-01-15
4374-YMUSQ,Telco-4374-YMUSQ,,,growth,116.25,12,2021-03-31,2024-03-15,2024-01-15,15,100.0,0,1,,0,US,Telecommunications,,false,
4513-CXYIX,Telco-4513-CXYIX,,,enterprise,80.7,24,2018-03-17,2024-02-14,2024-01-15,15,37.5,0,5,,0,US,Telecommunications,,false,
3957-HHLMR,Telco-3957-HHLMR,,,growth,65.2,12,2018-04-16,2024-03-15,2024-01-15,8,50.0,0,5,,0,US,Telecommunications,,false,
7803-XOCCZ,Telco-7803-XOCCZ,,,starter,84.05,,2019-10-08,,2024-01-15,15,50.0,0,2,,0,US,Telecommunications,,false,
5736-YEJAX,Telco-5736-YEJAX,,,enterprise,79.45,24,2018-05-16,2024-04-14,2024-01-15,8,87.5,0,2,,0,US,Telecommunications,,false,
5609-CEBID,Telco-5609-CEBID,,,starter,94.1,,2022-05-25,,2023-12-16,4,62.5,0,1,,2,US,Telecommunications,,true,2024-01-15
8981-FJGLA,Telco-8981-FJGLA,,,starter,78.0,,2023-02-19,,2024-01-15,15,37.5,0,0,,0,US,Telecommunications,,false,
7218-HKQFK,Telco-7218-HKQFK,,,starter,94.2,,2023-11-16,,2023-12-16,4,50.0,0,0,,2,US,Telecommunications,,true,2024-01-15
4636-QRJKY,Telco-4636-QRJKY,,,starter,80.5,,2023-07-19,,2023-12-16,4,37.5,0,0,,2,US,Telecommunications,,true,2024-01-15
1135-LMECX,Telco-1135-LMECX,,,starter,19.85,,2023-12-16,,2024-01-15,3,12.5,0,0,,0,US,Telecommunications,,false,
4332-MUOEZ,Telco-4332-MUOEZ,,,growth,94.3,12,2022-05-25,2024-05-14,2024-01-15,15,62.5,0,0,,0,US,Telecommunications,,false,
8535-SFUTN,Telco-8535-SFUTN,,,starter,106.45,,2019-01-11,,2024-01-15,15,75.0,0,5,,1,US,Telecommunications,,false,
5956-VKDTT,Telco-5956-VKDTT,,,starter,74.35,,2023-08-18,,2023-12-16,4,25.0,0,0,,2,US,Telecommunications,,true,2024-01-15
8677-HDZEE,Telco-8677-HDZEE,,,starter,105.45,,2019-06-10,,2024-01-15,15,75.0,0,2,,0,US,Telecommunications,,false,
2475-MROZF,Telco-2475-MROZF,,,starter,95.0,,2021-07-29,,2024-01-15,15,75.0,0,1,,0,US,Telecommunications,,false,
9412-GHEEC,Telco-9412-GHEEC,,,starter,104.8,,2020-10-02,,2023-12-16,4,75.0,0,1,,0,US,Telecommunications,,true,2024-01-15
3482-ABPKK,Telco-3482-ABPKK,,,growth,54.3,12,2021-09-27,2024-09-11,2024-01-15,8,37.5,0,1,,0,US,Telecommunications,,false,
6705-LXORM,Telco-6705-LXORM,,,starter,70.05,,2023-08-18,,2024-01-15,15,12.5,0,0,,1,US,Telecommunications,,false,
0257-ZESQC,Telco-0257-ZESQC,,,starter,75.2,,2021-10-27,,2023-12-16,4,25.0,0,2,,0,US,Telecommunications,,true,2024-01-15
7531-GQHME,Telco-7531-GQHME,,,starter,20.05,,2023-01-20,,2024-01-15,3,12.5,0,1,,0,US,Telecommunications,,false,
5174-ITUMV,Telco-5174-ITUMV,,,growth,105.4,12,2018-07-15,2024-06-13,2024-01-15,15,75.0,0,5,,1,US,Telecommunications,,false,
4109-CYRBD,Telco-4109-CYRBD,,,starter,51.6,,2021-08-28,,2024-01-15,8,25.0,0,2,,1,US,Telecommunications,,false,
0913-XWSCN,Telco-0913-XWSCN,,,starter,85.5,,2019-07-10,,2024-01-15,15,37.5,0,4,,0,US,Telecommunications,,false,
6825-UYPFK,Telco-6825-UYPFK,,,starter,75.6,,2022-02-24,,2023-12-16,4,25.0,0,1,,0,US,Telecommunications,,true,2024-01-15
8397-MVTAZ,Telco-8397-MVTAZ,,,starter,100.05,,2021-03-31,,2023-12-16,4,62.5,0,2,,2,US,Telecommunications,,true,2024-01-15
0750-EBAIU,Telco-0750-EBAIU,,,growth,91.25,12,2019-10-08,2024-09-11,2024-01-15,15,50.0,0,4,,1,US,Telecommunications,,false,
8606-CIQUL,Telco-8606-CIQUL,,,enterprise,115.75,24,2018-02-15,2026-01-04,2024-01-15,15,100.0,0,3,,0,US,Telecommunications,,false,
3571-DPYUH,Telco-3571-DPYUH,,,growth,94.7,12,2019-04-11,2024-03-15,2024-01-15,15,62.5,0,2,,0,US,Telecommunications,,false,
7601-GNDYK,Telco-7601-GNDYK,,,enterprise,19.6,24,2021-03-01,2025-02-08,2024-01-15,3,12.5,0,2,,0,US,Telecommunications,,false,
0356-OBMAC,Telco-0356-OBMAC,,,enterprise,99.9,24,2019-06-10,2025-05-09,2024-01-15,15,75.0,0,2,,0,US,Telecommunications,,false,
8067-NIOYM,Telco-8067-NIOYM,,,enterprise,21.1,24,2022-01-25,2026-01-04,2024-01-15,3,12.5,0,2,,0,US,Telecommunications,,false,
1403-GYAFU,Telco-1403-GYAFU,,,enterprise,20.05,24,2018-04-16,2024-03-15,2024-01-15,3,12.5,0,5,,0,US,Telecommunications,,false,
4234-XTNEA,Telco-4234-XTNEA,,,starter,79.95,,2023-11-16,,2024-01-15,15,25.0,0,0,,1,US,Telecommunications,,false,
1297-VQDRP,Telco-1297-VQDRP,,,growth,107.15,12,2018-06-15,2024-05-14,2024-01-15,15,75.0,0,2,,0,US,Telecommunications,,false,
9282-IZGQK,Telco-9282-IZGQK,,,starter,85.0,,2023-12-16,,2023-12-16,4,37.5,0,0,,2,US,Telecommunications,,true,2024-01-15
5348-CAGXB,Telco-5348-CAGXB,,,starter,89.55,,2023-01-20,,2024-01-15,15,50.0,0,1,,1,US,Telecommunications,,false,
0621-HJWXJ,Telco-0621-HJWXJ,,,starter,81.55,,2018-11-12,,2024-01-15,15,37.5,0,5,,0,US,Telecommunications,,false,
5844-QVTAT,Telco-5844-QVTAT,,,growth,58.45,12,2021-04-30,2024-04-14,2024-01-15,8,50.0,0,2,,0,US,Telecommunications,,false,
8905-IAZPF,Telco-8905-IAZPF,,,growth,95.65,12,2018-05-16,2024-04-14,2024-01-15,15,50.0,0,5,,0,US,Telecommunications,,false,
5394-MEITZ,Telco-5394-MEITZ,,,enterprise,80.6,24,2019-02-10,2025-01-09,2024-01-15,8,75.0,0,2,,0,US,Telecommunications,,false,
6859-QNXIQ,Telco-6859-QNXIQ,,,enterprise,113.1,24,2018-02-15,2026-01-04,2024-01-15,15,100.0,0,3,,0,US,Telecommunications,,false,
2782-LFZVW,Telco-2782-LFZVW,,,starter,58.95,,2023-02-19,,2024-01-15,8,37.5,0,0,,0,US,Telecommunications,,false,
2866-IKBTM,Telco-2866-IKBTM,,,starter,19.55,,2023-12-16,,2024-01-15,3,12.5,0,0,,0,US,Telecommunications,,false,
1342-JPNKI,Telco-1342-JPNKI,,,starter,86.05,,2023-03-21,,2023-12-16,4,37.5,0,0,,0,US,Telecommunications,,true,2024-01-15
2817-NTQDO,Telco-2817-NTQDO,,,starter,45.55,,2022-12-21,,2023-12-16,2,37.5,0,0,,0,US,Telecommunications,,true,2024-01-15
7129-AZJDE,Telco-7129-AZJDE,,,growth,78.95,12,2021-03-31,2024-03-15,2024-01-15,15,25.0,0,2,,0,US,Telecommunications,,false,
6986-IJDHX,Telco-6986-IJDHX,,,starter,86.3,,2020-11-01,,2023-12-16,4,37.5,0,3,,1,US,Telecommunications,,true,2024-01-15
2560-PPCHE,Telco-2560-PPCHE,,,growth,105.05,12,2018-09-13,2024-08-12,2024-01-15,15,75.0,0,2,,0,US,Telecommunications,,false,
4676-MQUEA,Telco-4676-MQUEA,,,growth,101.9,12,2019-12-07,2024-11-10,2024-01-15,15,75.0,0,4,,0,US,Telecommunications,,false,
8138-EALND,Telco-8138-EALND,,,starter,19.75,,2022-10-22,,2024-01-15,3,12.5,0,1,,0,US,Telecommunications,,false,
3580-HYCSP,Telco-3580-HYCSP,,,enterprise,110.3,24,2018-02-15,2026-01-04,2024-01-15,15,87.5,0,6,,0,US,Telecommunications,,false,
1352-HNSAW,Telco-1352-HNSAW,,,enterprise,115.6,24,2018-02-15,2026-01-04,2024-01-15,15,100.0,0,3,,0,US,Telecommunications,,false,
2075-PUEPR,Telco-2075-PUEPR,,,enterprise,19.35,24,2019-07-10,2025-06-08,2024-01-15,3,12.5,0,4,,0,US,Telecommunications,,false,
1982-FEBTD,Telco-1982-FEBTD,,,enterprise,25.6,24,2022-02-24,2024-02-14,2024-01-15,3,25.0,0,1,,0,US,Telecommunications,,false,
5301-GAUUY,Telco-5301-GAUUY,,,starter,80.35,,2021-05-30,,2023-12-16,4,37.5,0,2,,0,US,Telecommunications,,true,2024-01-15
5791-KAJFD,Telco-5791-KAJFD,,,growth,68.75,12,2019-06-10,2024-05-14,2024-01-15,8,62.5,0,4,,0,US,Telecommunications,,false,
2654-VBVPB,Telco-2654-VBVPB,,,starter,19.9,,2023-12-16,,2024-01-15,3,12.5,0,0,,0,US,Telecommunications,,false,
1154-HYWWO,Telco-1154-HYWWO,,,growth,70.6,12,2020-12-01,2024-11-10,2024-01-15,8,62.5,0,1,,0,US,Telecommunications,,false,
2501-XWWTZ,Telco-2501-XWWTZ,,,starter,70.2,,2023-02-19,,2024-01-15,15,12.5,0,0,,1,US,Telecommunications,,false,
3716-UVSPD,Telco-3716-UVSPD,,,starter,49.3,,2023-12-16,,2024-01-15,8,25.0,0,0,,1,US,Telecommunications,,false,
6815-ABQFQ,Telco-6815-ABQFQ,,,growth,107.25,12,2019-06-10,2024-05-14,2024-01-15,15,75.0,0,2,,1,US,Telecommunications,,false,
7343-EOBEU,Telco-7343-EOBEU,,,starter,23.6,,2023-10-17,,2024-01-15,3,25.0,0,0,,0,US,Telecommunications,,false,
3701-SFMUH,Telco-3701-SFMUH,,,starter,69.7,,2023-06-19,,2024-01-15,8,50.0,0,0,,0,US,Telecommunications,,false,
6103-LIANB,Telco-6103-LIANB,,,enterprise,99.5,24,2019-03-12,2025-02-08,2024-01-15,15,62.5,0,4,,0,US,Telecommunications,,false,
7319-VENRZ,Telco-7319-VENRZ,,,starter,64.3,,2023-06-19,,2024-01-15,8,50.0,0,0,,0,US,Telecommunications,,false,
5846-NEQVZ,Telco-5846-NEQVZ,,,enterprise,70.85,24,2018-03-17,2024-02-14,2024-01-15,8,62.5,0,2,,0,US,Telecommunications,,false,
6967-QIQRV,Telco-6967-QIQRV,,,growth,101.9,12,2022-10-22,2024-10-11,2024-01-15,15,62.5,0,0,,1,US,Telecommunications,,false,
5781-RFZRP,Telco-5781-RFZRP,,,enterprise,73.5,24,2018-03-17,2024-02-14,2024-01-15,8,75.0,0,2,,0,US,Telecommunications,,false,
0939-YAPAF,Telco-0939-YAPAF,,,starter,100.25,,2021-03-01,,2023-12-16,4,62.5,0,2,,2,US,Telecommunications,,true,2024-01-15
0308-IVGOK,Telco-0308-IVGOK,,,growth,40.4,12,2023-02-19,2024-02-14,2024-01-15,8,37.5,0,0,,0,US,Telecommunications,,false,
7293-LSCDV,Telco-7293-LSCDV,,,enterprise,19.25,24,2019-02-10,2025-01-09,2024-01-15,3,12.5,0,5,,0,US,Telecommunications,,false,
7025-WCBNE,Telco-7025-WCBNE,,,enterprise,59.6,24,2020-03-06,2024-02-14,2024-01-15,8,50.0,0,1,,0,US,Telecommunications,,false,
5756-JYOJT,Telco-5756-JYOJT,,,growth,64.9,12,2023-02-19,2024-02-14,2024-01-15,8,50.0,0,0,,0,US,Telecommunications,,false,
4710-FDUIZ,Telco-4710-FDUIZ,,,growth,100.3,12,2019-06-10,2020-06-04,2023-12-16,4,62.5,0,4,,0,US,Telecommunications,,true,2024-01-15
6030-REHUX,Telco-6030-REHUX,,,starter,110.85,,2021-09-27,,2024-01-15,15,87.5,0,1,,1,US,Telecommunications,,false,
9548-LIGTA,Telco-9548-LIGTA,,,enterprise,81.05,24,2019-01-11,2024-12-10,2024-01-15,8,75.0,0,2,,0,US,Telecommunications,,false,
5150-LJNSR,Telco-5150-LJNSR,,,growth,98.05,12,2021-06-29,2024-06-13,2024-01-15,15,62.5,0,2,,0,US,Telecommunications,,false,
8270-RKSAP,Telco-8270-RKSAP,,,starter,70.5,,2023-04-20,,2024-01-15,15,12.5,0,0,,1,US,Telecommunications,,false,
6522-YRBXD,Telco-6522-YRBXD,,,starter,94.55,,2021-03-01,,2024-01-15,15,62.5,0,2,,1,US,Telecommunications,,false,
2640-LYMOV,Telco-2640-LYMOV,,,starter,19.65,,2023-11-16,,2024-01-15,3,12.5,0,0,,0,US,Telecommunications,,false,
1218-VKFPE,Telco-1218-VKFPE,,,starter,19.0,,2023-01-20,,2023-12-16,1,12.5,0,1,,1,US,Telecommunications,,true,2024-01-15
3627-FHKBK,Telco-3627-FHKBK,,,starter,75.3,,2023-12-16,,2023-12-16,4,25.0,0,0,,1,US,Telecommunications,,true,2024-01-15
2865-TCHJW,Telco-2865-TCHJW,,,starter,89.2,,2023-09-17,,2023-12-16,4,50.0,0,0,,2,US,Telecommunications,,true,2024-01-15
1423-BMPBQ,Telco-1423-BMPBQ,,,starter,19.0,,2023-12-16,,2024-01-15,3,12.5,0,0,,0,US,Telecommunications,,false,
2393-DIVAI,Telco-2393-DIVAI,,,starter,20.0,,2023-10-17,,2024-01-15,3,12.5,0,0,,0,US,Telecommunications,,false,
5192-EBGOV,Telco-5192-EBGOV,,,starter,85.7,,2023-12-16,,2023-12-16,4,37.5,0,0,,2,US,Telecommunications,,true,2024-01-15
4568-KNYWR,Telco-4568-KNYWR,,,enterprise,63.25,24,2019-10-08,2025-09-06,2024-01-15,8,50.0,0,4,,0,US,Telecommunications,,false,
8752-IMQOS,Telco-8752-IMQOS,,,growth,20.1,12,2023-08-18,2024-08-12,2024-01-15,3,12.5,0,0,,0,US,Telecommunications,,false,
0742-LAFQK,Telco-0742-LAFQK,,,enterprise,99.15,24,2018-02-15,2026-01-04,2024-01-15,15,75.0,0,6,,1,US,Telecommunications,,false,
0795-LAFGP,Telco-0795-LAFGP,,,enterprise,90.4,24,2018-03-17,2024-02-14,2024-01-15,8,100.0,0,2,,1,US,Telecommunications,,false,
0619-OLYUR,Telco-0619-OLYUR,,,enterprise,111.9,24,2018-02-15,2026-01-04,2024-01-15,15,87.5,0,3,,0,US,Telecommunications,,false,
5512-IDZEI,Telco-5512-IDZEI,,,growth,24.9,12,2020-04-05,2024-03-15,2024-01-15,3,25.0,0,3,,1,US,Telecommunications,,false,
0459-SPZHJ,Telco-0459-SPZHJ,,,enterprise,83.5,24,2018-11-12,2024-10-11,2024-01-15,8,87.5,0,5,,0,US,Telecommunications,,false,
0215-BQKGS,Telco-0215-BQKGS,,,starter,84.3,,2021-07-29,,2024-01-15,15,50.0,0,2,,0,US,Telecommunications,,false,
9244-ZVAPM,Telco-9244-ZVAPM,,,starter,45.6,,2023-12-16,,2024-01-15,8,12.5,0,0,,0,US,Telecommunications,,false,
0719-SYFRB,Telco-0719-SYFRB,,,starter,61.65,,2023-01-20,,2023-12-16,2,62.5,0,0,,1,US,Telecommunications,,true,2024-01-15
8208-EUMTE,Telco-8208-EUMTE,,,enterprise,54.85,24,2022-09-22,2024-09-11,2024-01-15,8,62.5,0,0,,0,US,Telecommunications,,false,
5172-MIGPM,Telco-5172-MIGPM,,,starter,65.55,,2023-09-17,,2024-01-15,8,50.0,0,0,,0,US,Telecommunications,,false,
1710-RCXUS,Telco-1710-RCXUS,,,growth,90.35,12,2019-11-07,2024-10-11,2024-01-15,15,50.0,0,4,,0,US,Telecommunications,,false,
0374-FIUCA,Telco-0374-FIUCA,,,enterprise,20.4,24,2018-09-13,2024-08-12,2024-01-15,3,12.5,0,5,,0,US,Telecommunications,,false,
5839-SUYVZ,Telco-5839-SUYVZ,,,starter,74.55,,2022-09-22,,2024-01-15,15,25.0,0,0,,0,US,Telecommunications,,false,
5173-ZXXXL,Telco-5173-ZXXXL,,,growth,19.95,12,2023-11-16,2024-11-10,2024-01-15,3,12.5,0,0,,0,US,Telecommunications,,false,
1096-ADRUX,Telco-1096-ADRUX,,,growth,74.25,12,2018-08-14,2024-07-13,2024-01-15,15,25.0,0,5,,0,US,Telecommunications,,false,
2001-MCUUW,Telco-2001-MCUUW,,,enterprise,108.65,24,2020-04-05,2024-03-15,2024-01-15,15,87.5,0,1,,1,US,Telecommunications,,false,
2731-GJRDG,Telco-2731-GJRDG,,,growth,109.55,12,2021-05-30,2024-05-14,2024-01-15,15,87.5,0,1,,0,US,Telecommunications,,false,
4723-BEGSG,Telco-4723-BEGSG,,,enterprise,86.65,24,2018-02-15,2026-01-04,2024-01-15,8,87.5,0,3,,0,US,Telecommunications,,false,
6516-NKQBO,Telco-6516-NKQBO,,,enterprise,81.0,24,2020-12-01,2024-11-10,2024-01-15,8,75.0,0,1,,0,US,Telecommunications,,false,
8672-OAUPW,Telco-8672-OAUPW,,,growth,47.85,12,2019-11-07,2024-10-11,2024-01-15,8,25.0,0,2,,0,US,Telecommunications,,false,
8207-DMRVL,Telco-8207-DMRVL,,,enterprise,114.55,24,2018-02-15,2026-01-04,2024-01-15,15,100.0,0,3,,0,US,Telecommunications,,false,
3419-SNJJD,Telco-3419-SNJJD,,,starter,105.25,,2018-09-13,,2023-12-16,4,75.0,0,5,,0,US,Telecommunications,,true,2024-01-15
6543-CPZMK,Telco-6543-CPZMK,,,starter,29.95,,2023-04-20,,2023-12-16,2,12.5,0,0,,2,US,Telecommunications,,true,2024-01-15
4765-OXPPD,Telco-4765-OXPPD,,,starter,65.0,,2023-04-20,,2023-12-16,2,62.5,0,0,,1,US,Telecommunications,,true,2024-01-15
2804-ETQDK,Telco-2804-ETQDK,,,enterprise,20.55,24,2018-08-14,2024-07-13,2024-01-15,3,12.5,0,5,,0,US,Telecommunications,,false,
6689-VRRTK,Telco-6689-VRRTK,,,growth,109.8,12,2020-06-04,2024-05-14,2024-01-15,15,87.5,0,3,,0,US,Telecommunications,,false,
7138-GIRSH,Telco-7138-GIRSH,,,enterprise,69.5,24,2019-12-07,2025-11-05,2024-01-15,8,62.5,0,2,,0,US,Telecommunications,,false,
9396-ZSFLL,Telco-9396-ZSFLL,,,starter,48.85,,2022-10-22,,2024-01-15,8,25.0,0,1,,0,US,Telecommunications,,false,
6464-KEXXH,Telco-6464-KEXXH,,,starter,25.25,,2023-05-20,,2024-01-15,8,0.0,0,0,,0,US,Telecommunications,,false,
7134-MJPDY,Telco-7134-MJPDY,,,growth,102.85,12,2018-08-14,2024-07-13,2024-01-15,15,75.0,0,2,,0,US,Telecommunications,,false,
5240-CAOYT,Telco-5240-CAOYT,,,starter,87.55,,2019-05-11,,2024-01-15,15,62.5,0,2,,0,US,Telecommunications,,false,
4059-IIEBK,Telco-4059-IIEBK,,,starter,78.55,,2023-06-19,,2024-01-15,15,37.5,0,0,,0,US,Telecommunications,,false,
4881-JVQOD,Telco-4881-JVQOD,,,starter,34.55,,2023-03-21,,2024-01-15,8,12.5,0,0,,0,US,Telecommunications,,false,
0516-UXRMT,Telco-0516-UXRMT,,,growth,92.05,12,2018-12-12,2024-11-10,2024-01-15,15,62.5,0,5,,1,US,Telecommunications,,false,
4851-BQDNX,Telco-4851-BQDNX,,,growth,85.05,12,2020-10-02,2024-09-11,2024-01-15,15,37.5,0,3,,1,US,Telecommunications,,false,
5148-HKFIR,Telco-5148-HKFIR,,,enterprise,19.7,24,2022-05-25,2024-05-14,2024-01-15,3,12.5,0,1,,0,US,Telecommunications,,false,
1009-IRMNA,Telco-1009-IRMNA,,,starter,20.0,,2023-06-19,,2023-12-16,1,12.5,0,0,,0,US,Telecommunications,,true,2024-01-15
3003-CMDUU,Telco-3003-CMDUU,,,starter,95.15,,2021-12-26,,2024-01-15,15,50.0,0,1,,1,US,Telecommunications,,false,
5016-IBERQ,Telco-5016-IBERQ,,,starter,84.25,,2022-02-24,,2024-01-15,15,50.0,0,1,,1,US,Telecommunications,,false,
6797-UCJHZ,Telco-6797-UCJHZ,,,growth,104.6,12,2018-08-14,2024-07-13,2024-01-15,15,75.0,0,5,,0,US,Telecommunications,,false,
2469-DTSGX,Telco-2469-DTSGX,,,enterprise,111.65,24,2018-02-15,2026-01-04,2024-01-15,15,87.5,0,3,,1,US,Telecommunications,,false,
4554-YGZIH,Telco-4554-YGZIH,,,starter,90.05,,2020-01-06,,2023-12-16,4,50.0,0,4,,0,US,Telecommunications,,true,2024-01-15
5099-BAILX,Telco-5099-BAILX,,,starter,110.75,,2020-07-04,,2023-12-16,4,87.5,0,1,,0,US,Telecommunications,,true,2024-01-15
9931-KGHOA,Telco-9931-KGHOA,,,starter,55.0,,2020-04-05,,2024-01-15,8,37.5,0,3,,0,US,Telecommunications,,false,
1775-KWJKQ,Telco-1775-KWJKQ,,,enterprise,89.85,24,2018-02-15,2026-01-04,2024-01-15,8,100.0,0,3,,0,US,Telecommunications,,false,
7665-VIGUD,Telco-7665-VIGUD,,,growth,20.35,12,2023-03-21,2024-03-15,2024-01-15,3,12.5,0,0,,0,US,Telecommunications,,false,
9411-TPQQV,Telco-9411-TPQQV,,,growth,54.55,12,2020-10-02,2024-09-11,2024-01-15,8,50.0,0,1,,0,US,Telecommunications,,false,
7207-RMRDB,Telco-7207-RMRDB,,,starter,105.5,,2018-09-13,,2023-12-16,4,75.0,0,5,,2,US,Telecommunications,,true,2024-01-15
7954-MLBUN,Telco-7954-MLBUN,,,enterprise,99.45,24,2021-06-29,2025-06-08,2024-01-15,15,62.5,0,1,,0,US,Telecommunications,,false,
2077-DDHJK,Telco-2077-DDHJK,,,enterprise,70.9,24,2018-06-15,2024-05-14,2024-01-15,8,75.0,0,2,,0,US,Telecommunications,,false,
4913-EHYUI,Telco-4913-EHYUI,,,growth,104.55,12,2019-06-10,2020-06-04,2023-12-16,4,75.0,0,4,,0,US,Telecommunications,,true,2024-01-15
0195-IESCP,Telco-0195-IESCP,,,starter,85.25,,2023-03-21,,2023-12-16,4,37.5,0,0,,2,US,Telecommunications,,true,2024-01-15
9574-BOSMD,Telco-9574-BOSMD,,,enterprise,25.4,24,2018-06-15,2024-05-14,2024-01-15,3,25.0,0,5,,0,US,Telecommunications,,false,
4580-TMHJU,Telco-4580-TMHJU,,,starter,56.15,,2020-07-04,,2023-12-16,2,25.0,0,3,,2,US,Telecommunications,,true,2024-01-15
0970-ETWGE,Telco-0970-ETWGE,,,starter,89.55,,2023-12-16,,2023-12-16,4,37.5,0,0,,2,US,Telecommunications,,true,2024-01-15
4908-XAXAY,Telco-4908-XAXAY,,,growth,89.85,12,2020-01-06,2024-12-10,2024-01-15,15,50.0,0,4,,0,US,Telecommunications,,false,
8404-VLQFB,Telco-8404-VLQFB,,,starter,25.25,,2022-10-22,,2024-01-15,3,25.0,0,1,,1,US,Telecommunications,,false,
1626-ERCMM,Telco-1626-ERCMM,,,starter,94.55,,2022-05-25,,2023-12-16,4,50.0,0,1,,2,US,Telecommunications,,true,2024-01-15
0887-HJGAR,Telco-0887-HJGAR,,,starter,45.7,,2023-12-16,,2023-12-16,2,12.5,0,0,,1,US,Telecommunications,,true,2024-01-15
2391-IPLOP,Telco-2391-IPLOP,,,growth,69.65,12,2019-12-07,2024-11-10,2024-01-15,8,62.5,0,2,,1,US,Telecommunications,,false,
5644-PDMZC,Telco-5644-PDMZC,,,starter,89.5,,2023-11-16,,2023-12-16,4,50.0,0,0,,2,US,Telecommunications,,true,2024-01-15
3509-GWQGF,Telco-3509-GWQGF,,,starter,70.0,,2022-01-25,,2024-01-15,15,12.5,0,2,,0,US,Telecommunications,,false,
9576-ANLXO,Telco-9576-ANLXO,,,starter,69.55,,2023-10-17,,2023-12-16,4,12.5,0,0,,0,US,Telecommunications,,true,2024-01-15
2024-BASKD,Telco-2024-BASKD,,,starter,74.6,,2023-12-16,,2023-12-16,4,25.0,0,0,,1,US,Telecommunications,,true,2024-01-15
5845-BZZIB,Telco-5845-BZZIB,,,enterprise,20.1,24,2021-03-01,2025-02-08,2024-01-15,3,12.5,0,2,,0,US,Telecommunications,,false,
1140-UKVZG,Telco-1140-UKVZG,,,starter,24.8,,2022-08-23,,2024-01-15,3,25.0,0,1,,0,US,Telecommunications,,false,
4160-AMJTL,Telco-4160-AMJTL,,,starter,19.65,,2023-05-20,,2023-12-16,1,12.5,0,0,,2,US,Telecommunications,,true,2024-01-15
5183-SNMJQ,Telco-5183-SNMJQ,,,starter,95.1,,2023-03-21,,2024-01-15,15,50.0,0,0,,0,US,Telecommunications,,false,
8100-PNJMH,Telco-8100-PNJMH,,,enterprise,88.85,24,2018-06-15,2024-05-14,2024-01-15,8,100.0,0,2,,0,US,Telecommunications,,false,
7838-LAZFO,Telco-7838-LAZFO,,,growth,78.8,12,2020-05-05,2024-04-14,2024-01-15,8,75.0,0,3,,0,US,Telecommunications,,false,
4464-JCOLN,Telco-4464-JCOLN,,,growth,19.85,12,2023-11-16,2024-11-10,2023-12-16,1,12.5,0,0,,1,US,Telecommunications,,true,2024-01-15
2085-JVGAD,Telco-2085-JVGAD,,,starter,20.35,,2020-12-31,,2024-01-15,3,12.5,0,3,,0,US,Telecommunications,,false,
5650-VDUDS,Telco-5650-VDUDS,,,starter,24.25,,2023-09-17,,2023-12-16,2,0.0,0,0,,1,US,Telecommunications,,true,2024-01-15
8095-WANWK,Telco-8095-WANWK,,,starter,45.25,,2023-03-21,,2024-01-15,8,12.5,0,0,,0,US,Telecommunications,,false,
3030-ZKIWL,Telco-3030-ZKIWL,,,starter,20.05,,2023-12-16,,2024-01-15,3,12.5,0,0,,0,US,Telecommunications,,false,
9565-FLVCG,Telco-9565-FLVCG,,,enterprise,69.55,24,2018-09-13,2024-08-12,2024-01-15,8,62.5,0,5,,0,US,Telecommunications,,false,
8755-OGKNA,Telco-8755-OGKNA,,,enterprise,19.5,24,2019-05-11,2025-04-09,2024-01-15,3,12.5,0,4,,0,US,Telecommunications,,false,
2800-VEQXM,Telco-2800-VEQXM,,,starter,74.75,,2023-10-17,,2024-01-15,15,25.0,0,0,,0,US,Telecommunications,,false,
7538-GWHML,Telco-7538-GWHML,,,starter,69.65,,2023-11-16,,2023-12-16,4,12.5,0,0,,2,US,Telecommunications,,true,2024-01-15
5533-RJFTJ,Telco-5533-RJFTJ,,,starter,30.2,,2020-01-06,,2024-01-15,8,12.5,0,4,,0,US,Telecommunications,,false,
3859-CVCET,Telco-3859-CVCET,,,starter,45.65,,2023-09-17,,2023-12-16,2,12.5,0,0,,1,US,Telecommunications,,true,2024-01-15
0214-JHPFW,Telco-0214-JHPFW,,,enterprise,57.8,24,2018-04-16,2024-03-15,2024-01-15,8,62.5,0,2,,0,US,Telecommunications,,false,
5642-MHDQT,Telco-5642-MHDQT,,,growth,19.85,12,2019-09-08,2024-08-12,2024-01-15,3,12.5,0,4,,0,US,Telecommunications,,false,
3088-FVYWK,Telco-3088-FVYWK,,,enterprise,25.55,24,2019-09-08,2025-08-07,2024-01-15,3,25.0,0,4,,0,US,Telecommunications,,false,
3276-HDUEG,Telco-3276-HDUEG,,,starter,75.05,,2023-12-16,,2023-12-16,4,25.0,0,0,,1,US,Telecommunications,,true,2024-01-15
9092-GDZKO,Telco-9092-GDZKO,,,starter,24.85,,2022-03-26,,2024-01-15,3,25.0,0,1,,0,US,Telecommunications,,false,
0823-HSCDJ,Telco-0823-HSCDJ,,,starter,49.15,,2019-10-08,,2023-12-16,2,37.5,0,4,,2,US,Telecommunications,,true,2024-01-15
3729-OWRVL,Telco-3729-OWRVL,,,enterprise,110.35,24,2018-09-13,2024-08-12,2024-01-15,15,87.5,0,2,,1,US,Telecommunications,,false,
2324-AALNO,Telco-2324-AALNO,,,growth,24.55,12,2020-02-05,2025-01-09,2024-01-15,3,25.0,0,4,,0,US,Telecommunications,,false,
0822-GAVAP,Telco-0822-GAVAP,,,starter,34.7,,2023-11-16,,2023-12-16,2,12.5,0,0,,2,US,Telecommunications,,true,2024-01-15
5760-IFJOZ,Telco-5760-IFJOZ,,,starter,107.95,,2023-10-17,,2024-01-15,15,75.0,0,0,,0,US,Telecommunications,,false,
2826-UWHIS,Telco-2826-UWHIS,,,starter,81.4,,2020-05-05,,2024-01-15,15,37.5,0,3,,0,US,Telecommunications,,false,
1448-PWKYE,Telco-1448-PWKYE,,,starter,80.0,,2023-12-16,,2023-12-16,4,25.0,0,0,,2,US,Telecommunications,,true,2024-01-15
7501-IWUNG,Telco-7501-IWUNG,,,enterprise,73.8,24,2019-01-11,2024-12-10,2024-01-15,8,62.5,0,2,,0,US,Telecommunications,,false,
4957-TREIR,Telco-4957-TREIR,,,starter,64.4,,2023-10-17,,2024-01-15,8,50.0,0,0,,0,US,Telecommunications,,false,
7251-LJBQN,Telco-7251-LJBQN,,,growth,103.75,12,2020-10-02,2024-09-11,2024-01-15,15,75.0,0,1,,0,US,Telecommunications,,false,
8040-MNRTF,Telco-8040-MNRTF,,,starter,71.1,,2023-12-16,,2024-01-15,15,12.5,0,0,,0,US,Telecommunications,,false,
1536-HBSWP,Telco-1536-HBSWP,,,starter,49.9,,2023-12-16,,2024-01-15,8,25.0,0,0,,1,US,Telecommunications,,false,
5313-FPXWG,Telco-5313-FPXWG,,,growth,24.6,12,2019-11-07,2024-10-11,2024-01-15,3,25.0,0,4,,0,US,Telecommunications,,false,
0067-DKWBL,Telco-0067-DKWBL,,,starter,49.25,,2023-11-16,,2023-12-16,2,25.0,0,0,,2,US,Telecommunications,,true,2024-01-15
0946-FKYTX,Telco-0946-FKYTX,,,growth,30.1,12,2019-10-08,2024-09-11,2024-01-15,8,12.5,0,4,,0,US,Telecommunications,,false,
5076-YVXCM,Telco-5076-YVXCM,,,starter,83.4,,2019-11-07,,2024-01-15,15,37.5,0,4,,0,US,Telecommunications,,false,
8262-COGGB,Telco-8262-COGGB,,,starter,20.45,,2023-12-16,,2024-01-15,3,12.5,0,0,,0,US,Telecommunications,,false,
6663-JOCQO,Telco-6663-JOCQO,,,growth,75.25,12,2021-06-29,2024-06-13,2024-01-15,8,75.0,0,1,,0,US,Telecommunications,,false,
9620-QJREV,Telco-9620-QJREV,,,growth,20.55,12,2020-03-06,2024-02-14,2024-01-15,3,12.5,0,3,,0,US,Telecommunications,,false,
2276-YDAVZ,Telco-2276-YDAVZ,,,starter,75.1,,2023-10-17,,2023-12-16,4,25.0,0,0,,0,US,Telecommunications,,true,2024-01-15
2682-KEVRP,Telco-2682-KEVRP,,,growth,20.05,12,2022-03-26,2024-03-15,2024-01-15,3,12.5,0,1,,0,US,Telecommunications,,false,
2480-JZOSN,Telco-2480-JZOSN,,,starter,20.65,,2023-12-16,,2024-01-15,3,12.5,0,0,,0,US,Telecommunications,,false,
0078-XZMHT,Telco-0078-XZMHT,,,enterprise,85.15,24,2018-02-15,2026-01-04,2024-01-15,8,87.5,0,3,,0,US,Telecommunications,,false,
5896-NPFWW,Telco-5896-NPFWW,,,starter,50.15,,2023-10-17,,2023-12-16,2,25.0,0,0,,2,US,Telecommunications,,true,2024-01-15
9978-HYCIN,Telco-9978-HYCIN,,,growth,84.95,12,2020-03-06,2024-02-14,2024-01-15,15,37.5,0,3,,0,US,Telecommunications,,false,
8338-QIUNR,Telco-8338-QIUNR,,,enterprise,66.5,24,2018-02-15,2026-01-04,2024-01-15,8,62.5,0,3,,0,US,Telecommunications,,false,
1525-LNLOJ,Telco-1525-LNLOJ,,,enterprise,63.3,24,2018-08-14,2024-07-13,2024-01-15,8,50.0,0,5,,0,US,Telecommunications,,false,
9450-TRJUU,Telco-9450-TRJUU,,,starter,83.15,,2021-03-01,,2024-01-15,15,37.5,0,2,,1,US,Telecommunications,,false,
1766-GKNMI,Telco-1766-GKNMI,,,starter,84.9,,2021-08-28,,2024-01-15,15,37.5,0,2,,1,US,Telecommunications,,false,
6942-LBFDP,Telco-6942-LBFDP,,,starter,20.55,,2023-11-16,,2024-01-15,3,12.5,0,0,,0,US,Telecommunications,,false,
1456-TWCGB,Telco-1456-TWCGB,,,starter,49.25,,2023-09-17,,2024-01-15,8,25.0,0,0,,0,US,Telecommunications,,false,
7133-VBDCG,Telco-7133-VBDCG,,,starter,79.85,,2021-12-26,,2023-12-16,4,37.5,0,2,,0,US,Telecommunications,,true,2024-01-15
7596-ZYWBB,Telco-7596-ZYWBB,,,enterprise,59.6,24,2018-09-13,2024-08-12,2024-01-15,8,50.0,0,2,,0,US,Telecommunications,,false,
8329-UTMVM,Telco-8329-UTMVM,,,growth,104.65,12,2021-10-27,2024-10-11,2024-01-15,15,75.0,0,1,,0,US,Telecommunications,,false,
3014-WJKSM,Telco-3014-WJKSM,,,starter,75.3,,2021-08-28,,2024-01-15,15,25.0,0,2,,0,US,Telecommunications,,false,
3347-YJZZE,Telco-3347-YJZZE,,,starter,80.1,,2021-08-28,,2024-01-15,8,75.0,0,2,,0,US,Telecommunications,,false,
1029-QFBEN,Telco-1029-QFBEN,,,starter,19.55,,2023-12-16,,2023-12-16,1,12.5,0,0,,1,US,Telecommunications,,true,2024-01-15
7929-DMBCV,Telco-7929-DMBCV,,,starter,81.0,,2022-05-25,,2024-01-15,15,37.5,0,0,,0,US,Telecommunications,,false,
9661-JALZV,Telco-9661-JALZV,,,enterprise,24.7,24,2019-04-11,2025-03-10,2024-01-15,3,25.0,0,4,,0,US,Telecommunications,,false,
5433-KYGHE,Telco-5433-KYGHE,,,starter,86.0,,2022-11-21,,2024-01-15,15,50.0,0,0,,0,US,Telecommunications,,false,
4312-KFRXN,Telco-4312-KFRXN,,,enterprise,25.4,24,2018-02-15,2026-01-04,2024-01-15,3,25.0,0,6,,0,US,Telecommunications,,false,
5575-TPIZQ,Telco-5575-TPIZQ,,,starter,89.15,,2020-04-05,,2024-01-15,15,50.0,0,3,,0,US,Telecommunications,,false,
0114-IGABW,Telco-0114-IGABW,,,enterprise,58.25,24,2018-03-17,2024-02-14,2024-01-15,8,62.5,0,2,,0,US,Telecommunications,,false,
9944-AEXBM,Telco-9944-AEXBM,,,starter,85.65,,2021-05-30,,2024-01-15,15,37.5,0,2,,0,US,Telecommunications,,false,
1853-ARAAQ,Telco-1853-ARAAQ,,,starter,50.35,,2021-11-26,,2024-01-15,8,37.5,0,2,,0,US,Telecommunications,,false,
6952-OMNWB,Telco-6952-OMNWB,,,starter,80.35,,2018-06-15,,2024-01-15,15,37.5,0,5,,0,US,Telecommunications,,false,
4697-LUPSU,Telco-4697-LUPSU,,,growth,20.2,12,2023-11-16,2024-11-10,2024-01-15,3,12.5,0,0,,0,US,Telecommunications,,false,
8434-VGEQQ,Telco-8434-VGEQQ,,,enterprise,20.55,24,2019-01-11,2024-12-10,2024-01-15,3,12.5,0,5,,0,US,Telecommunications,,false,
4952-YSOGZ,Telco-4952-YSOGZ,,,starter,85.95,,2023-09-17,,2023-12-16,4,37.5,0,0,,2,US,Telecommunications,,true,2024-01-15
1589-AGTLK,Telco-1589-AGTLK,,,starter,45.35,,2023-10-17,,2023-12-16,2,12.5,0,0,,2,US,Telecommunications,,true,2024-01-15
5244-IRFIH,Telco-5244-IRFIH,,,starter,94.5,,2021-04-30,,2023-12-16,4,50.0,0,2,,2,US,Telecommunications,,true,2024-01-15
6549-YMFAW,Telco-6549-YMFAW,,,starter,21.25,,2023-04-20,,2024-01-15,3,12.5,0,0,,0,US,Telecommunications,,false,
4950-HKQTE,Telco-4950-HKQTE,,,enterprise,26.25,24,2022-03-26,2024-03-15,2024-01-15,3,25.0,0,1,,0,US,Telecommunications,,false,
6786-OBWQR,Telco-6786-OBWQR,,,starter,80.85,,2023-08-18,,2024-01-15,15,25.0,0,0,,1,US,Telecommunications,,false,
2684-EIWEO,Telco-2684-EIWEO,,,starter,91.7,,2021-07-29,,2023-12-16,4,62.5,0,2,,0,US,Telecommunications,,true,2024-01-15
2753-JMMCV,Telco-2753-JMMCV,,,enterprise,74.2,24,2018-09-13,2024-08-12,2024-01-15,8,75.0,0,2,,0,US,Telecommunications,,false,
6439-GTPCA,Telco-6439-GTPCA,,,starter,87.25,,2020-05-05,,2023-12-16,4,50.0,0,1,,2,US,Telecommunications,,true,2024-01-15
6621-YOBKI,Telco-6621-YOBKI,,,starter,20.35,,2023-08-18,,2024-01-15,3,12.5,0,0,,0,US,Telecommunications,,false,
1216-JWVUX,Telco-1216-JWVUX,,,starter,75.5,,2021-12-26,,2024-01-15,15,25.0,0,2,,1,US,Telecommunications,,false,
7564-GHCVB,Telco-7564-GHCVB,,,enterprise,79.05,24,2018-02-15,2026-01-04,2024-01-15,15,37.5,0,6,,0,US,Telecommunications,,false,
1173-NOEYG,Telco-1173-NOEYG,,,starter,90.15,,2021-10-27,,2024-01-15,15,50.0,0,2,,0,US,Telecommunications,,false,
7595-EHCDL,Telco-7595-EHCDL,,,starter,50.6,,2021-05-30,,2024-01-15,8,37.5,0,2,,0,US,Telecommunications,,false,
6647-ZEDXT,Telco-6647-ZEDXT,,,growth,110.45,12,2021-07-29,2024-07-13,2024-01-15,15,87.5,0,1,,0,US,Telecommunications,,false,
2521-NPUZR,Telco-2521-NPUZR,,,enterprise,101.0,24,2018-04-16,2024-03-15,2024-01-15,15,75.0,0,2,,0,US,Telecommunications,,false,
1307-TVUFB,Telco-1307-TVUFB,,,starter,79.35,,2020-08-03,,2024-01-15,15,37.5,0,3,,0,US,Telecommunications,,false,
7503-MIOGA,Telco-7503-MIOGA,,,enterprise,89.85,24,2018-02-15,2026-01-04,2024-01-15,8,100.0,0,3,,0,US,Telecommunications,,false,
4381-MHQDC,Telco-4381-MHQDC,,,enterprise,65.0,24,2020-03-06,2024-02-14,2024-01-15,8,62.5,0,1,,0,US,Telecommunications,,false,
6923-JHPMP,Telco-6923-JHPMP,,,starter,80.45,,2023-11-16,,2024-01-15,15,37.5,0,0,,1,US,Telecommunications,,false,
5138-WVKYJ,Telco-5138-WVKYJ,,,starter,98.55,,2023-03-21,,2023-12-16,4,62.5,0,0,,2,US,Telecommunications,,true,2024-01-15
4018-PPNDW,Telco-4018-PPNDW,,,enterprise,24.1,24,2019-01-11,2024-12-10,2024-01-15,3,25.0,0,5,,0,US,Telecommunications,,false,
1635-FJFCC,Telco-1635-FJFCC,,,starter,44.05,,2023-08-18,,2024-01-15,8,12.5,0,0,,0,US,Telecommunications,,false,
2499-AJYUA,Telco-2499-AJYUA,,,enterprise,110.8,24,2018-02-15,2026-01-04,2024-01-15,15,87.5,0,3,,0,US,Telecommunications,,false,
6919-ELBGL,Telco-6919-ELBGL,,,enterprise,114.95,24,2018-02-15,2026-01-04,2024-01-15,15,100.0,0,3,,0,US,Telecommunications,,false,
3966-HRMZA,Telco-3966-HRMZA,,,starter,75.05,,2023-10-17,,2024-01-15,15,25.0,0,0,,0,US,Telecommunications,,false,
6425-JWTDV,Telco-6425-JWTDV,,,enterprise,19.25,24,2020-02-05,2026-01-04,2024-01-15,3,12.5,0,4,,0,US,Telecommunications,,false,
8405-IGQFX,Telco-8405-IGQFX,,,growth,90.05,12,2018-11-12,2024-10-11,2024-01-15,15,50.0,0,2,,0,US,Telecommunications,,false,
8224-IVVPA,Telco-8224-IVVPA,,,starter,56.7,,2021-10-27,,2024-01-15,8,37.5,0,2,,0,US,Telecommunications,,false,
9477-LGWQI,Telco-9477-LGWQI,,,enterprise,80.15,24,2018-04-16,2024-03-15,2024-01-15,8,75.0,0,5,,0,US,Telecommunications,,false,
1410-RSCMR,Telco-1410-RSCMR,,,starter,71.35,,2023-06-19,,2024-01-15,8,62.5,0,0,,0,US,Telecommunications,,false,
3115-CZMZD,Telco-3115-CZMZD,,,enterprise,20.25,24,2024-01-15,2026-01-04,2024-01-15,3,12.5,0,0,,0,US,Telecommunications,,false,
0139-IVFJG,Telco-0139-IVFJG,,,starter,90.35,,2023-11-16,,2024-01-15,15,50.0,0,0,,1,US,Telecommunications,,false,
6683-VLCTZ,Telco-6683-VLCTZ,,,starter,98.55,,2022-05-25,,2023-12-16,4,62.5,0,1,,2,US,Telecommunications,,true,2024-01-15
5730-DBDSI,Telco-5730-DBDSI,,,enterprise,19.7,24,2018-08-14,2024-07-13,2024-01-15,3,12.5,0,5,,0,US,Telecommunications,,false,
0030-FNXPP,Telco-0030-FNXPP,,,starter,19.85,,2023-10-17,,2024-01-15,3,12.5,0,0,,0,US,Telecommunications,,false,
2189-WWOEW,Telco-2189-WWOEW,,,starter,85.9,,2022-10-22,,2023-12-16,4,37.5,0,1,,0,US,Telecommunications,,true,2024-01-15
5684-FJVYR,Telco-5684-FJVYR,,,enterprise,90.35,24,2018-02-15,2026-01-04,2024-01-15,15,62.5,0,3,,0,US,Telecommunications,,false,
4013-GUXND,Telco-4013-GUXND,,,starter,20.8,,2023-12-16,,2024-01-15,3,12.5,0,0,,0,US,Telecommunications,,false,
1894-IGFSG,Telco-1894-IGFSG,,,starter,89.25,,2022-03-26,,2023-12-16,4,37.5,0,1,,2,US,Telecommunications,,true,2024-01-15
7379-POKDZ,Telco-7379-POKDZ,,,starter,70.3,,2023-10-17,,2023-12-16,4,12.5,0,0,,2,US,Telecommunications,,true,2024-01-15
1266-NZYUI,Telco-1266-NZYUI,,,enterprise,66.85,24,2018-02-15,2026-01-04,2024-01-15,8,62.5,0,3,,0,US,Telecommunications,,false,
7969-FFOWG,Telco-7969-FFOWG,,,enterprise,19.9,24,2018-09-13,2024-08-12,2024-01-15,3,12.5,0,5,,0,US,Telecommunications,,false,
4718-DHSMV,Telco-4718-DHSMV,,,starter,35.8,,2023-02-19,,2024-01-15,8,12.5,0,0,,0,US,Telecommunications,,false,
5175-WLYXL,Telco-5175-WLYXL,,,starter,78.85,,2022-03-26,,2024-01-15,15,37.5,0,1,,0,US,Telecommunications,,false,
7817-OMJNA,Telco-7817-OMJNA,,,growth,20.4,12,2022-11-21,2024-11-10,2024-01-15,3,12.5,0,1,,0,US,Telecommunications,,false,
8728-SKJLR,Telco-8728-SKJLR,,,starter,74.25,,2020-09-02,,2024-01-15,15,25.0,0,1,,1,US,Telecommunications,,false,
3137-NYQQI,Telco-3137-NYQQI,,,growth,64.8,12,2022-08-23,2024-08-12,2024-01-15,8,50.0,0,1,,0,US,Telecommunications,,false,
7706-DZNKK,Telco-7706-DZNKK,,,starter,20.45,,2023-02-19,,2024-01-15,3,12.5,0,0,,0,US,Telecommunications,,false,
0236-HFWSV,Telco-0236-HFWSV,,,starter,93.35,,2022-10-22,,2023-12-16,4,50.0,0,1,,2,US,Telecommunications,,true,2024-01-15
3900-AQPHZ,Telco-3900-AQPHZ,,,starter,19.9,,2023-12-16,,2023-12-16,1,12.5,0,0,,1,US,Telecommunications,,true,2024-01-15
5842-POCOP,Telco-5842-POCOP,,,starter,88.9,,2023-08-18,,2023-12-16,4,50.0,0,0,,1,US,Telecommunications,,true,2024-01-15
2037-XJFUP,Telco-2037-XJFUP,,,growth,95.8,12,2021-04-30,2022-04-25,2023-12-16,4,50.0,0,2,,2,US,Telecommunications,,true,2024-01-15
8823-RLPWL,Telco-8823-RLPWL,,,enterprise,110.65,24,2018-02-15,2026-01-04,2024-01-15,15,87.5,0,6,,0,US,Telecommunications,,false,
9505-SQFSW,Telco-9505-SQFSW,,,starter,40.3,,2023-10-17,,2024-01-15,8,25.0,0,0,,0,US,Telecommunications,,false,
7314-OXENN,Telco-7314-OXENN,,,starter,82.0,,2023-11-16,,2023-12-16,4,37.5,0,0,,2,US,Telecommunications,,true,2024-01-15
3758-CKOQL,Telco-3758-CKOQL,,,growth,107.0,12,2019-03-12,2024-02-14,2024-01-15,15,87.5,0,2,,0,US,Telecommunications,,false,
0322-CHQRU,Telco-0322-CHQRU,,,starter,45.35,,2023-11-16,,2023-12-16,2,12.5,0,0,,2,US,Telecommunications,,true,2024-01-15
5676-CFLYY,Telco-5676-CFLYY,,,enterprise,73.35,24,2018-03-17,2024-02-14,2024-01-15,8,62.5,0,2,,0,US,Telecommunications,,false,
7521-AFHAB,Telco-7521-AFHAB,,,starter,44.8,,2023-08-18,,2024-01-15,8,12.5,0,0,,0,US,Telecommunications,,false,
0285-INHLN,Telco-0285-INHLN,,,starter,54.75,,2021-10-27,,2024-01-15,8,37.5,0,2,,0,US,Telecommunications,,false,
4678-DVQEO,Telco-4678-DVQEO,,,starter,52.2,,2023-12-16,,2023-12-16,2,25.0,0,0,,2,US,Telecommunications,,true,2024-01-15
5125-CNDSP,Telco-5125-CNDSP,,,growth,40.6,12,2018-11-12,2024-10-11,2024-01-15,8,37.5,0,2,,0,US,Telecommunications,,false,
0691-IFBQW,Telco-0691-IFBQW,,,growth,110.0,12,2020-04-05,2021-03-31,2023-12-16,4,87.5,0,3,,2,US,Telecommunications,,true,2024-01-15
4992-LTJNE,Telco-4992-LTJNE,,,enterprise,55.3,24,2018-02-15,2026-01-04,2024-01-15,8,37.5,0,6,,0,US,Telecommunications,,false,
2202-OUTMO,Telco-2202-OUTMO,,,starter,60.85,,2021-03-31,,2024-01-15,8,50.0,0,1,,0,US,Telecommunications,,false,
0810-BDHAW,Telco-0810-BDHAW,,,growth,78.4,12,2022-01-25,2025-01-09,2024-01-15,8,75.0,0,2,,1,US,Telecommunications,,false,
0229-LFJAF,Telco-0229-LFJAF,,,enterprise,69.65,24,2018-02-15,2026-01-04,2024-01-15,8,75.0,0,3,,0,US,Telecommunications,,false,
7131-ZQZNK,Telco-7131-ZQZNK,,,enterprise,59.85,24,2019-02-10,2025-01-09,2024-01-15,8,62.5,0,2,,0,US,Telecommunications,,false,
3442-ZHHCC,Telco-3442-ZHHCC,,,growth,76.9,12,2018-06-15,2024-05-14,2024-01-15,8,75.0,0,5,,0,US,Telecommunications,,false,
5726-CVNYA,Telco-5726-CVNYA,,,enterprise,19.85,24,2023-05-20,2025-05-09,2024-01-15,3,12.5,0,0,,0,US,Telecommunications,,false,
9871-ELEYA,Telco-9871-ELEYA,,,enterprise,67.65,24,2021-03-31,2025-03-10,2024-01-15,8,62.5,0,1,,0,US,Telecommunications,,false,
4257-GAESD,Telco-4257-GAESD,,,starter,45.0,,2023-07-19,,2024-01-15,8,25.0,0,0,,0,US,Telecommunications,,false,
5173-WXOQV,Telco-5173-WXOQV,,,starter,64.2,,2023-11-16,,2024-01-15,8,50.0,0,0,,0,US,Telecommunications,,false,
2040-OBMLJ,Telco-2040-OBMLJ,,,growth,81.7,12,2021-06-29,2024-06-13,2024-01-15,15,37.5,0,1,,0,US,Telecommunications,,false,
6286-ZHAOK,Telco-6286-ZHAOK,,,starter,25.55,,2022-05-25,,2024-01-15,3,25.0,0,1,,0,US,Telecommunications,,false,
3807-XHCJH,Telco-3807-XHCJH,,,starter,20.0,,2023-12-16,,2024-01-15,3,12.5,0,0,,1,US,Telecommunications,,false,
3009-JWMPU,Telco-3009-JWMPU,,,growth,96.75,12,2018-12-12,2019-12-07,2023-12-16,4,62.5,0,5,,2,US,Telecommunications,,true,2024-01-15
5671-RQRLP,Telco-5671-RQRLP,,,enterprise,75.65,24,2018-04-16,2024-03-15,2024-01-15,15,25.0,0,5,,0,US,Telecommunications,,false,
1450-GALXR,Telco-1450-GALXR,,,starter,98.5,,2023-03-21,,2023-12-16,4,62.5,0,0,,2,US,Telecommunications,,true,2024-01-15
8859-AXJZP,Telco-8859-AXJZP,,,enterprise,23.8,24,2020-11-01,2024-10-11,2024-01-15,3,25.0,0,3,,0,US,Telecommunications,,false,
3174-AKMAS,Telco-3174-AKMAS,,,enterprise,64.2,24,2020-04-05,2024-03-15,2024-01-15,8,50.0,0,1,,0,US,Telecommunications,,false,
3138-BKYAV,Telco-3138-BKYAV,,,starter,85.35,,2023-07-19,,2023-12-16,4,37.5,0,0,,2,US,Telecommunications,,true,2024-01-15
9926-PJHDQ,Telco-9926-PJHDQ,,,enterprise,76.8,24,2018-02-15,2026-01-04,2024-01-15,8,62.5,0,6,,0,US,Telecommunications,,false,
7382-DFJTU,Telco-7382-DFJTU,,,starter,55.2,,2022-07-24,,2024-01-15,8,37.5,0,0,,0,US,Telecommunications,,false,
2798-NYLMZ,Telco-2798-NYLMZ,,,enterprise,108.55,24,2018-03-17,2024-02-14,2024-01-15,15,87.5,0,2,,0,US,Telecommunications,,false,
4289-DTDKW,Telco-4289-DTDKW,,,starter,101.3,,2020-10-02,,2023-12-16,4,62.5,0,3,,2,US,Telecommunications,,true,2024-01-15
1820-TQVEV,Telco-1820-TQVEV,,,starter,69.55,,2023-12-16,,2023-12-16,4,12.5,0,0,,2,US,Telecommunications,,true,2024-01-15
2239-JALAW,Telco-2239-JALAW,,,growth,103.25,12,2019-04-11,2020-04-05,2023-12-16,4,75.0,0,4,,0,US,Telecommunications,,true,2024-01-15
4853-RULSV,Telco-4853-RULSV,,,enterprise,104.0,24,2018-04-16,2020-04-05,2023-12-16,4,75.0,0,2,,0,US,Telecommunications,,true,2024-01-15
8098-TDCBU,Telco-8098-TDCBU,,,enterprise,25.25,24,2020-08-03,2024-07-13,2024-01-15,3,25.0,0,3,,1,US,Telecommunications,,false,
3551-GAEGL,Telco-3551-GAEGL,,,growth,30.4,12,2021-03-31,2024-03-15,2024-01-15,8,12.5,0,2,,0,US,Telecommunications,,false,
4785-NKHCX,Telco-4785-NKHCX,,,starter,20.05,,2023-08-18,,2024-01-15,3,12.5,0,0,,0,US,Telecommunications,,false,
3196-NVXLZ,Telco-3196-NVXLZ,,,starter,84.6,,2021-12-26,,2024-01-15,15,37.5,0,2,,0,US,Telecommunications,,false,
6275-YDUVO,Telco-6275-YDUVO,,,starter,86.2,,2023-11-16,,2023-12-16,4,37.5,0,0,,1,US,Telecommunications,,true,2024-01-15
0036-IHMOT,Telco-0036-IHMOT,,,growth,103.7,12,2019-07-10,2024-06-13,2024-01-15,15,75.0,0,2,,0,US,Telecommunications,,false,
0115-TFERT,Telco-0115-TFERT,,,starter,111.2,,2022-04-25,,2023-12-16,4,87.5,0,0,,2,US,Telecommunications,,true,2024-01-15
4178-EGMON,Telco-4178-EGMON,,,enterprise,88.0,24,2018-04-16,2024-03-15,2024-01-15,15,62.5,0,2,,0,US,Telecommunications,,false,
4220-TINQT,Telco-4220-TINQT,,,starter,106.35,,2019-01-11,,2024-01-15,15,75.0,0,2,,1,US,Telecommunications,,false,
5318-YKDPV,Telco-5318-YKDPV,,,enterprise,79.15,24,2020-07-04,2024-06-13,2024-01-15,8,75.0,0,1,,0,US,Telecommunications,,false,
7975-TZMLR,Telco-7975-TZMLR,,,growth,103.1,12,2020-03-06,2024-02-14,2024-01-15,15,75.0,0,3,,1,US,Telecommunications,,false,
0295-QVKPB,Telco-0295-QVKPB,,,starter,63.95,,2023-08-18,,2024-01-15,8,50.0,0,0,,0,US,Telecommunications,,false,
4335-BSMJS,Telco-4335-BSMJS,,,enterprise,25.8,24,2018-12-12,2024-11-10,2024-01-15,3,25.0,0,5,,0,US,Telecommunications,,false,
2311-QYMUQ,Telco-2311-QYMUQ,,,starter,89.45,,2022-09-22,,2023-12-16,4,50.0,0,1,,0,US,Telecommunications,,true,2024-01-15
3643-AHCFP,Telco-3643-AHCFP,,,starter,95.6,,2023-06-19,,2023-12-16,4,50.0,0,0,,0,US,Telecommunications,,true,2024-01-15
9146-JRIOX,Telco-9146-JRIOX,,,starter,25.55,,2022-11-21,,2024-01-15,3,25.0,0,1,,0,US,Telecommunications,,false,
3104-OWCGK,Telco-3104-OWCGK,,,growth,90.95,12,2019-02-10,2020-02-05,2023-12-16,4,50.0,0,5,,2,US,Telecommunications,,true,2024-01-15
5337-IIWKZ,Telco-5337-IIWKZ,,,starter,44.85,,2021-03-31,,2024-01-15,8,37.5,0,1,,1,US,Telecommunications,,false,
9101-BWFSS,Telco-9101-BWFSS,,,growth,108.55,12,2019-12-07,2020-12-01,2023-12-16,4,87.5,0,2,,2,US,Telecommunications,,true,2024-01-15
9650-VBUOG,Telco-9650-VBUOG,,,enterprise,25.05,24,2020-12-01,2024-11-10,2024-01-15,3,25.0,0,3,,0,US,Telecommunications,,false,
3487-EARAT,Telco-3487-EARAT,,,growth,74.1,12,2018-04-16,2024-03-15,2024-01-15,8,75.0,0,2,,0,US,Telecommunications,,false,
2672-TGEFF,Telco-2672-TGEFF,,,starter,88.8,,2020-12-31,,2024-01-15,15,50.0,0,3,,1,US,Telecommunications,,false,
9231-ZJYAM,Telco-9231-ZJYAM,,,starter,78.85,,2023-09-17,,2023-12-16,4,25.0,0,0,,2,US,Telecommunications,,true,2024-01-15
4250-WAROZ,Telco-4250-WAROZ,,,starter,93.25,,2019-02-10,,2024-01-15,15,62.5,0,5,,1,US,Telecommunications,,false,
8184-WMOFI,Telco-8184-WMOFI,,,growth,71.4,12,2018-12-12,2024-11-10,2024-01-15,8,62.5,0,2,,0,US,Telecommunications,,false,
6982-SSHFK,Telco-6982-SSHFK,,,starter,44.4,,2023-12-16,,2023-12-16,2,12.5,0,0,,1,US,Telecommunications,,true,2024-01-15
6092-QZVPP,Telco-6092-QZVPP,,,starter,79.2,,2021-01-30,,2024-01-15,8,75.0,0,1,,0,US,Telecommunications,,false,
4625-LAMOB,Telco-4625-LAMOB,,,enterprise,20.4,24,2020-06-04,2024-05-14,2024-01-15,3,12.5,0,3,,0,US,Telecommunications,,false,
0727-BMPLR,Telco-0727-BMPLR,,,growth,100.0,12,2019-07-10,2020-07-04,2023-12-16,4,62.5,0,4,,2,US,Telecommunications,,true,2024-01-15
0392-BZIUW,Telco-0392-BZIUW,,,enterprise,105.0,24,2018-02-15,2026-01-04,2024-01-15,15,75.0,0,6,,0,US,Telecommunications,,false,
1038-ZAGBI,Telco-1038-ZAGBI,,,growth,19.8,12,2023-01-20,2024-01-15,2023-12-16,1,12.5,0,1,,0,US,Telecommunications,,true,2024-01-15
6549-NNDYT,Telco-6549-NNDYT,,,starter,30.85,,2022-12-21,,2024-01-15,8,12.5,0,1,,0,US,Telecommunications,,false,
3027-ZTDHO,Telco-3027-ZTDHO,,,starter,89.9,,2023-12-16,,2023-12-16,4,37.5,0,0,,2,US,Telecommunications,,true,2024-01-15
0422-OHQHQ,Telco-0422-OHQHQ,,,growth,20.55,12,2022-10-22,2024-10-11,2024-01-15,3,12.5,0,1,,0,US,Telecommunications,,false,
6916-HIJSE,Telco-6916-HIJSE,,,enterprise,84.85,24,2018-09-13,2024-08-12,2024-01-15,8,87.5,0,2,,0,US,Telecommunications,,false,
2316-ESMLS,Telco-2316-ESMLS,,,growth,33.15,12,2023-01-20,2025-01-09,2024-01-15,8,25.0,0,0,,0,US,Telecommunications,,false,
9778-OGKQZ,Telco-9778-OGKQZ,,,enterprise,92.0,24,2018-02-15,2026-01-04,2024-01-15,8,100.0,0,3,,0,US,Telecommunications,,false,
7408-OFWXJ,Telco-7408-OFWXJ,,,enterprise,89.8,24,2018-02-15,2026-01-04,2024-01-15,8,100.0,0,3,,0,US,Telecommunications,,false,
6007-TCTST,Telco-6007-TCTST,,,enterprise,115.8,24,2018-02-15,2026-01-04,2024-01-15,15,100.0,0,3,,0,US,Telecommunications,,false,
2252-NKNSI,Telco-2252-NKNSI,,,enterprise,85.15,24,2019-10-08,2025-09-06,2024-01-15,8,87.5,0,2,,0,US,Telecommunications,,false,
8713-IGZSO,Telco-8713-IGZSO,,,starter,24.85,,2023-11-16,,2024-01-15,3,25.0,0,0,,0,US,Telecommunications,,false,
7905-TVXTA,Telco-7905-TVXTA,,,starter,64.35,,2023-08-18,,2024-01-15,8,50.0,0,0,,1,US,Telecommunications,,false,
7695-PKLCZ,Telco-7695-PKLCZ,,,enterprise,20.5,24,2018-06-15,2024-05-14,2024-01-15,3,12.5,0,5,,0,US,Telecommunications,,false,
2382-BCKQJ,Telco-2382-BCKQJ,,,growth,100.15,12,2018-12-12,2019-12-07,2023-12-16,4,62.5,0,5,,2,US,Telecommunications,,true,2024-01-15
8374-UULRV,Telco-8374-UULRV,,,enterprise,86.05,24,2018-02-15,2026-01-04,2024-01-15,8,87.5,0,3,,0,US,Telecommunications,,false,
2207-NHRJK,Telco-2207-NHRJK,,,starter,50.8,,2023-12-16,,2023-12-16,2,25.0,0,0,,2,US,Telecommunications,,true,2024-01-15
3224-DFQNQ,Telco-3224-DFQNQ,,,growth,89.0,12,2018-08-14,2024-07-13,2024-01-15,15,62.5,0,2,,1,US,Telecommunications,,false,
5275-PMFUT,Telco-5275-PMFUT,,,enterprise,64.8,24,2018-02-15,2026-01-04,2024-01-15,8,75.0,0,3,,0,US,Telecommunications,,false,
4795-UXVCJ,Telco-4795-UXVCJ,,,growth,19.8,12,2021-11-26,2024-11-10,2024-01-15,3,12.5,0,2,,0,US,Telecommunications,,false,
9777-IQHWP,Telco-9777-IQHWP,,,enterprise,93.4,24,2018-10-13,2024-09-11,2024-01-15,15,62.5,0,5,,0,US,Telecommunications,,false,
0947-MUGVO,Telco-0947-MUGVO,,,starter,73.65,,2022-05-25,,2023-12-16,4,25.0,0,1,,2,US,Telecommunications,,true,2024-01-15
9944-HKVVB,Telco-9944-HKVVB,,,starter,95.1,,2023-10-17,,2023-12-16,4,50.0,0,0,,2,US,Telecommunications,,true,2024-01-15
4124-MMETB,Telco-4124-MMETB,,,starter,94.65,,2022-03-26,,2023-12-16,4,50.0,0,1,,0,US,Telecommunications,,true,2024-01-15
3671-SHRSP,Telco-3671-SHRSP,,,starter,80.6,,2023-09-17,,2023-12-16,4,37.5,0,0,,1,US,Telecommunications,,true,2024-01-15
0979-MOZQI,Telco-0979-MOZQI,,,enterprise,39.0,24,2018-12-12,2024-11-10,2024-01-15,8,25.0,0,2,,0,US,Telecommunications,,false,
2732-ISEZX,Telco-2732-ISEZX,,,starter,20.5,,2023-08-18,,2024-01-15,3,12.5,0,0,,0,US,Telecommunications,,false,
3313-QKNKB,Telco-3313-QKNKB,,,growth,85.55,12,2019-03-12,2020-03-06,2023-12-16,4,37.5,0,4,,2,US,Telecommunications,,true,2024-01-15
0323-XWWTN,Telco-0323-XWWTN,,,enterprise,26.4,24,2023-10-17,2025-10-06,2024-01-15,3,25.0,0,0,,0,US,Telecommunications,,false,
1937-OTUKY,Telco-1937-OTUKY,,,enterprise,98.2,24,2018-02-15,2026-01-04,2024-01-15,15,75.0,0,3,,0,US,Telecommunications,,false,
1573-LGXBA,Telco-1573-LGXBA,,,growth,97.55,12,2019-05-11,2024-04-14,2024-01-15,15,62.5,0,4,,0,US,Telecommunications,,false,
1764-VUUMT,Telco-1764-VUUMT,,,enterprise,19.95,24,2018-08-14,2024-07-13,2024-01-15,3,12.5,0,5,,0,US,Telecommunications,,false,
5073-WXOYN,Telco-5073-WXOYN,,,starter,50.8,,2019-02-10,,2023-12-16,2,37.5,0,5,,2,US,Telecommunications,,true,2024-01-15
4713-ZBURT,Telco-4713-ZBURT,,,enterprise,99.7,24,2020-05-05,2024-04-14,2024-01-15,15,62.5,0,3,,0,US,Telecommunications,,false,
3050-GBUSH,Telco-3050-GBUSH,,,starter,34.8,,2023-10-17,,2024-01-15,8,12.5,0,0,,0,US,Telecommunications,,false,
0207-MDKNV,Telco-0207-MDKNV,,,starter,105.1,,2022-10-22,,2023-12-16,4,75.0,0,0,,2,US,Telecommunications,,true,2024-01-15
7876-AEHIG,Telco-7876-AEHIG,,,growth,60.15,12,2019-11-07,2024-10-11,2024-01-15,8,62.5,0,2,,0,US,Telecommunications,,false,
7945-HLKEA,Telco-7945-HLKEA,,,growth,64.75,12,2019-02-10,2025-01-09,2024-01-15,8,62.5,0,2,,1,US,Telecommunications,,false,
9342-VNIMQ,Telco-9342-VNIMQ,,,starter,54.65,,2021-04-30,,2024-01-15,8,37.5,0,2,,0,US,Telecommunications,,false,
9851-KIELU,Telco-9851-KIELU,,,starter,110.1,,2023-03-21,,2023-12-16,4,87.5,0,0,,2,US,Telecommunications,,true,2024-01-15
3523-BRGUW,Telco-3523-BRGUW,,,growth,19.3,12,2021-11-26,2024-11-10,2024-01-15,3,12.5,0,2,,0,US,Telecommunications,,false,
3908-BLSYF,Telco-3908-BLSYF,,,starter,83.9,,2023-07-19,,2023-12-16,4,37.5,0,0,,2,US,Telecommunications,,true,2024-01-15
3199-NPKCN,Telco-3199-NPKCN,,,growth,111.25,12,2018-07-15,2024-06-13,2024-01-15,15,87.5,0,2,,1,US,Telecommunications,,false,
5170-PTRKA,Telco-5170-PTRKA,,,growth,35.8,12,2020-01-06,2024-12-10,2024-01-15,8,25.0,0,2,,0,US,Telecommunications,,false,
4661-NJEUX,Telco-4661-NJEUX,,,starter,20.05,,2023-12-16,,2024-01-15,3,12.5,0,0,,0,US,Telecommunications,,false,
2123-AGEEN,Telco-2123-AGEEN,,,starter,84.35,,2023-06-19,,2024-01-15,15,37.5,0,0,,1,US,Telecommunications,,false,
1258-YMZNM,Telco-1258-YMZNM,,,growth,110.5,12,2021-10-27,2024-10-11,2024-01-15,15,87.5,0,2,,0,US,Telecommunications,,false,
0048-LUMLS,Telco-0048-LUMLS,,,growth,91.2,12,2020-12-31,2024-12-10,2024-01-15,15,37.5,0,3,,0,US,Telecommunications,,false,
7549-MYGPK,Telco-7549-MYGPK,,,starter,100.55,,2018-11-12,,2023-12-16,4,75.0,0,5,,2,US,Telecommunications,,true,2024-01-15
5898-IGSLP,Telco-5898-IGSLP,,,starter,89.3,,2021-06-29,,2024-01-15,15,62.5,0,1,,1,US,Telecommunications,,false,
3804-RVTGV,Telco-3804-RVTGV,,,starter,103.85,,2019-12-07,,2023-12-16,4,75.0,0,4,,0,US,Telecommunications,,true,2024-01-15
6259-WJQLC,Telco-6259-WJQLC,,,starter,81.1,,2021-05-30,,2024-01-15,15,37.5,0,2,,0,US,Telecommunications,,false,
9227-LUNBG,Telco-9227-LUNBG,,,starter,24.6,,2023-12-16,,2023-12-16,2,0.0,0,0,,2,US,Telecommunications,,true,2024-01-15
7997-EASSD,Telco-7997-EASSD,,,growth,81.2,12,2018-11-12,2024-10-11,2024-01-15,15,37.5,0,2,,0,US,Telecommunications,,false,
0730-KOAVE,Telco-0730-KOAVE,,,starter,94.3,,2021-07-29,,2024-01-15,15,62.5,0,2,,0,US,Telecommunications,,false,
8975-SKGRX,Telco-8975-SKGRX,,,enterprise,116.1,24,2018-03-17,2024-02-14,2024-01-15,15,100.0,0,2,,0,US,Telecommunications,,false,
0678-RLHVP,Telco-0678-RLHVP,,,enterprise,105.55,24,2019-09-08,2025-08-07,2024-01-15,15,75.0,0,4,,1,US,Telecommunications,,false,
4315-MURBD,Telco-4315-MURBD,,,starter,98.9,,2023-01-20,,2023-12-16,4,62.5,0,0,,0,US,Telecommunications,,true,2024-01-15
2267-FPIMA,Telco-2267-FPIMA,,,starter,94.4,,2019-12-07,,2024-01-15,15,62.5,0,4,,0,US,Telecommunications,,false,
1051-GEJLJ,Telco-1051-GEJLJ,,,starter,19.5,,2023-11-16,,2024-01-15,3,12.5,0,0,,0,US,Telecommunications,,false,
9734-YWGEX,Telco-9734-YWGEX,,,starter,98.3,,2023-04-20,,2023-12-16,4,62.5,0,0,,0,US,Telecommunications,,true,2024-01-15
2719-BDAQO,Telco-2719-BDAQO,,,starter,93.85,,2022-08-23,,2023-12-16,4,50.0,0,1,,2,US,Telecommunications,,true,2024-01-15
5285-MVEHD,Telco-5285-MVEHD,,,growth,105.6,12,2019-06-10,2024-05-14,2024-01-15,15,75.0,0,4,,0,US,Telecommunications,,false,
0379-DJQHR,Telco-0379-DJQHR,,,enterprise,81.35,24,2018-07-15,2024-06-13,2024-01-15,8,75.0,0,5,,0,US,Telecommunications,,false,
0781-LKXBR,Telco-0781-LKXBR,,,starter,100.5,,2023-04-20,,2023-12-16,4,62.5,0,0,,2,US,Telecommunications,,true,2024-01-15
5543-QDCRY,Telco-5543-QDCRY,,,starter,56.4,,2023-09-17,,2024-01-15,8,25.0,0,0,,1,US,Telecommunications,,false,
0297-RBCSG,Telco-0297-RBCSG,,,growth,65.35,12,2022-06-24,2024-06-13,2024-01-15,8,50.0,0,0,,0,US,Telecommunications,,false,
4694-PHWFW,Telco-4694-PHWFW,,,starter,19.95,,2023-05-20,,2024-01-15,3,12.5,0,0,,0,US,Telecommunications,,false,
0835-JKADZ,Telco-0835-JKADZ,,,enterprise,111.25,24,2018-03-17,2024-02-14,2024-01-15,15,87.5,0,2,,1,US,Telecommunications,,false,
1907-UBQFC,Telco-1907-UBQFC,,,starter,72.85,,2023-03-21,,2023-12-16,4,25.0,0,0,,2,US,Telecommunications,,true,2024-01-15
7508-SMHXL,Telco-7508-SMHXL,,,starter,89.0,,2022-10-22,,2024-01-15,15,50.0,0,1,,0,US,Telecommunications,,false,
3865-YIOTT,Telco-3865-YIOTT,,,growth,106.1,12,2018-02-15,2025-01-09,2024-01-15,15,75.0,0,6,,0,US,Telecommunications,,false,
5993-BQHEA,Telco-5993-BQHEA,,,growth,20.05,12,2023-01-20,2025-01-09,2024-01-15,3,12.5,0,1,,0,US,Telecommunications,,false,
6024-RUGGH,Telco-6024-RUGGH,,,enterprise,25.2,24,2018-02-15,2026-01-04,2024-01-15,3,25.0,0,6,,0,US,Telecommunications,,false,
6513-EECDB,Telco-6513-EECDB,,,starter,73.55,,2023-12-16,,2023-12-16,4,25.0,0,0,,2,US,Telecommunications,,true,2024-01-15
3956-CJUST,Telco-3956-CJUST,,,starter,75.4,,2022-02-24,,2024-01-15,15,25.0,0,1,,0,US,Telecommunications,,false,
4079-WWQQQ,Telco-4079-WWQQQ,,,enterprise,65.55,24,2018-02-15,2026-01-04,2024-01-15,8,75.0,0,3,,0,US,Telecommunications,,false,
6103-BOCOU,Telco-6103-BOCOU,,,starter,80.7,,2021-11-26,,2024-01-15,15,37.5,0,2,,1,US,Telecommunications,,false,
5149-TGWDZ,Telco-5149-TGWDZ,,,growth,104.55,12,2022-04-25,2024-04-14,2024-01-15,15,75.0,0,0,,0,US,Telecommunications,,false,
7471-WNSUF,Telco-7471-WNSUF,,,growth,24.15,12,2019-02-10,2025-01-09,2024-01-15,3,25.0,0,5,,0,US,Telecommunications,,false,
8942-DBMHZ,Telco-8942-DBMHZ,,,starter,20.45,,2023-01-20,,2024-01-15,3,12.5,0,1,,0,US,Telecommunications,,false,
4301-VVZKA,Telco-4301-VVZKA,,,starter,75.4,,2022-09-22,,2024-01-15,15,25.0,0,1,,1,US,Telecommunications,,false,
9199-PWQVC,Telco-9199-PWQVC,,,growth,79.7,12,2018-11-12,2024-10-11,2024-01-15,8,75.0,0,5,,0,US,Telecommunications,,false,
4824-GUCBY,Telco-4824-GUCBY,,,starter,81.7,,2022-03-26,,2024-01-15,15,37.5,0,1,,1,US,Telecommunications,,false,
5393-HJZSM,Telco-5393-HJZSM,,,starter,76.3,,2021-05-30,,2024-01-15,8,75.0,0,1,,0,US,Telecommunications,,false,
7074-IEVOJ,Telco-7074-IEVOJ,,,starter,79.4,,2023-10-17,,2023-12-16,4,37.5,0,0,,2,US,Telecommunications,,true,2024-01-15
9625-QSTYE,Telco-9625-QSTYE,,,starter,81.15,,2022-12-21,,2023-12-16,4,37.5,0,1,,2,US,Telecommunications,,true,2024-01-15
0862-PRCBS,Telco-0862-PRCBS,,,enterprise,103.75,24,2018-06-15,2024-05-14,2024-01-15,15,75.0,0,2,,0,US,Telecommunications,,false,
8812-ZRHFP,Telco-8812-ZRHFP,,,growth,86.45,12,2021-07-29,2024-07-13,2024-01-15,15,37.5,0,2,,1,US,Telecommunications,,false,
5146-CBVOE,Telco-5146-CBVOE,,,starter,75.1,,2022-09-22,,2024-01-15,15,25.0,0,1,,0,US,Telecommunications,,false,
0454-OKRCT,Telco-0454-OKRCT,,,enterprise,80.6,24,2021-04-30,2025-04-09,2024-01-15,15,37.5,0,1,,0,US,Telecommunications,,false,
5787-KXGIY,Telco-5787-KXGIY,,,enterprise,19.3,24,2018-02-15,2026-01-04,2024-01-15,3,12.5,0,6,,0,US,Telecommunications,,false,
4750-ZRXIU,Telco-4750-ZRXIU,,,starter,84.6,,2023-09-17,,2023-12-16,4,37.5,0,0,,2,US,Telecommunications,,true,2024-01-15
4198-VFOEA,Telco-4198-VFOEA,,,growth,33.6,12,2023-01-20,2025-01-09,2024-01-15,8,25.0,0,0,,0,US,Telecommunications,,false,
6630-UJZMY,Telco-6630-UJZMY,,,starter,83.25,,2023-09-17,,2024-01-15,15,37.5,0,0,,1,US,Telecommunications,,false,
5709-LVOEQ,Telco-5709-LVOEQ,,,enterprise,80.85,24,2024-01-15,2026-01-04,2024-01-15,8,75.0,0,0,,0,US,Telecommunications,,false,
6400-BWQKW,Telco-6400-BWQKW,,,starter,79.05,,2023-07-19,,2023-12-16,4,37.5,0,0,,2,US,Telecommunications,,true,2024-01-15
2692-AQCPF,Telco-2692-AQCPF,,,growth,108.05,12,2018-09-13,2024-08-12,2024-01-15,15,87.5,0,2,,0,US,Telecommunications,,false,
0347-UBKUZ,Telco-0347-UBKUZ,,,starter,19.9,,2022-10-22,,2024-01-15,3,12.5,0,1,,0,US,Telecommunications,,false,
0835-DUUIQ,Telco-0835-DUUIQ,,,growth,21.05,12,2022-01-25,2025-01-09,2024-01-15,3,12.5,0,2,,0,US,Telecommunications,,false,
0811-GSDTP,Telco-0811-GSDTP,,,starter,30.15,,2022-12-21,,2024-01-15,8,12.5,0,1,,1,US,Telecommunications,,false,
7567-ECMCM,Telco-7567-ECMCM,,,starter,79.85,,2022-01-25,,2024-01-15,15,25.0,0,2,,0,US,Telecommunications,,false,
6115-ZTBFQ,Telco-6115-ZTBFQ,,,enterprise,65.5,24,2018-02-15,2026-01-04,2024-01-15,8,75.0,0,3,,0,US,Telecommunications,,false,
6353-BRMMA,Telco-6353-BRMMA,,,starter,104.1,,2019-08-09,,2024-01-15,15,75.0,0,4,,0,US,Telecommunications,,false,
6680-WKXRZ,Telco-6680-WKXRZ,,,starter,74.4,,2023-10-17,,2023-12-16,4,25.0,0,0,,0,US,Telecommunications,,true,2024-01-15
6231-WFGFH,Telco-6231-WFGFH,,,starter,20.5,,2023-09-17,,2024-01-15,3,12.5,0,0,,0,US,Telecommunications,,false,
9904-EHEVJ,Telco-9904-EHEVJ,,,starter,91.35,,2021-05-30,,2024-01-15,15,50.0,0,2,,0,US,Telecommunications,,false,
7028-DVOIQ,Telco-7028-DVOIQ,,,starter,99.05,,2021-03-01,,2023-12-16,4,62.5,0,2,,2,US,Telecommunications,,true,2024-01-15
6169-PPETC,Telco-6169-PPETC,,,enterprise,20.5,24,2021-03-01,2025-02-08,2024-01-15,3,12.5,0,2,,0,US,Telecommunications,,false,
4208-UFFGW,Telco-4208-UFFGW,,,starter,44.95,,2023-11-16,,2023-12-16,2,12.5,0,0,,1,US,Telecommunications,,true,2024-01-15
8584-KMVXD,Telco-8584-KMVXD,,,starter,75.6,,2023-05-20,,2024-01-15,15,25.0,0,0,,1,US,Telecommunications,,false,
8467-WYNSR,Telco-8467-WYNSR,,,starter,55.1,,2022-03-26,,2024-01-15,8,37.5,0,0,,0,US,Telecommunications,,false,
0851-DFJKB,Telco-0851-DFJKB,,,starter,58.95,,2022-10-22,,2024-01-15,8,50.0,0,0,,1,US,Telecommunications,,false,
5382-SOYZL,Telco-5382-SOYZL,,,starter,95.1,,2022-03-26,,2024-01-15,15,50.0,0,1,,1,US,Telecommunications,,false,
9448-REEVD,Telco-9448-REEVD,,,starter,44.7,,2023-12-16,,2023-12-16,2,12.5,0,0,,0,US,Telecommunications,,true,2024-01-15
3261-CQXOL,Telco-3261-CQXOL,,,enterprise,25.45,24,2018-03-17,2024-02-14,2024-01-15,3,25.0,0,5,,0,US,Telecommunications,,false,
8388-FYNPZ,Telco-8388-FYNPZ,,,starter,56.75,,2023-09-17,,2024-01-15,8,37.5,0,0,,1,US,Telecommunications,,false,
4002-BQWPQ,Telco-4002-BQWPQ,,,starter,81.75,,2021-12-26,,2024-01-15,8,87.5,0,1,,0,US,Telecommunications,,false,
5651-YLPRD,Telco-5651-YLPRD,,,starter,86.1,,2021-05-30,,2024-01-15,15,37.5,0,2,,1,US,Telecommunications,,false,
2826-DXLQO,Telco-2826-DXLQO,,,starter,29.8,,2023-06-19,,2024-01-15,8,12.5,0,0,,0,US,Telecommunications,,false,
4378-BZYFP,Telco-4378-BZYFP,,,growth,20.5,12,2022-08-23,2024-08-12,2024-01-15,3,12.5,0,1,,0,US,Telecommunications,,false,
9489-UTFKA,Telco-9489-UTFKA,,,starter,60.9,,2023-05-20,,2024-01-15,8,37.5,0,0,,0,US,Telecommunications,,false,
4849-PYRLQ,Telco-4849-PYRLQ,,,enterprise,73.25,24,2019-06-10,2025-05-09,2024-01-15,8,75.0,0,2,,0,US,Telecommunications,,false,
9117-SHLZX,Telco-9117-SHLZX,,,starter,45.7,,2023-12-16,,2023-12-16,2,12.5,0,0,,1,US,Telecommunications,,true,2024-01-15
9889-TMAHG,Telco-9889-TMAHG,,,starter,100.3,,2023-05-20,,2023-12-16,4,62.5,0,0,,0,US,Telecommunications,,true,2024-01-15
4541-RMRLG,Telco-4541-RMRLG,,,starter,19.25,,2023-06-19,,2023-12-16,1,12.5,0,0,,2,US,Telecommunications,,true,2024-01-15
7764-BDPEE,Telco-7764-BDPEE,,,starter,20.85,,2023-10-17,,2024-01-15,3,12.5,0,0,,0,US,Telecommunications,,false,
3429-IFLEM,Telco-3429-IFLEM,,,enterprise,77.35,24,2018-03-17,2024-02-14,2024-01-15,8,75.0,0,2,,0,US,Telecommunications,,false,
3158-MOERK,Telco-3158-MOERK,,,starter,96.0,,2023-11-16,,2023-12-16,4,50.0,0,0,,2,US,Telecommunications,,true,2024-01-15
7294-TMAOP,Telco-7294-TMAOP,,,starter,90.55,,2023-12-16,,2023-12-16,4,37.5,0,0,,2,US,Telecommunications,,true,2024-01-15
5002-GCQFH,Telco-5002-GCQFH,,,starter,93.85,,2020-01-06,,2024-01-15,15,62.5,0,4,,0,US,Telecommunications,,false,
0556-FJEGU,Telco-0556-FJEGU,,,enterprise,70.1,24,2019-04-11,2025-03-10,2024-01-15,8,62.5,0,2,,0,US,Telecommunications,,false,
8919-FYFQZ,Telco-8919-FYFQZ,,,starter,30.35,,2020-06-04,,2023-12-16,2,12.5,0,3,,2,US,Telecommunications,,true,2024-01-15
0604-THJFP,Telco-0604-THJFP,,,enterprise,75.95,24,2019-03-12,2025-02-08,2024-01-15,8,62.5,0,2,,0,US,Telecommunications,,false,
2834-JRTUA,Telco-2834-JRTUA,,,enterprise,108.05,24,2018-03-17,2020-03-06,2023-12-16,4,87.5,0,2,,2,US,Telecommunications,,true,2024-01-15
5875-YPQFJ,Telco-5875-YPQFJ,,,starter,69.9,,2023-12-16,,2023-12-16,4,12.5,0,0,,2,US,Telecommunications,,true,2024-01-15
5879-SESNB,Telco-5879-SESNB,,,starter,75.25,,2023-02-19,,2024-01-15,15,25.0,0,0,,1,US,Telecommunications,,false,
6646-QVXLR,Telco-6646-QVXLR,,,growth,103.75,12,2018-12-12,2019-12-07,2023-12-16,4,75.0,0,5,,2,US,Telecommunications,,true,2024-01-15
6461-PPAXN,Telco-6461-PPAXN,,,growth,54.95,12,2021-03-01,2024-02-14,2024-01-15,8,37.5,0,1,,0,US,Telecommunications,,false,
3318-ISQFQ,Telco-3318-ISQFQ,,,starter,19.5,,2022-05-25,,2024-01-15,3,12.5,0,1,,0,US,Telecommunications,,false,
1106-HRLKZ,Telco-1106-HRLKZ,,,enterprise,19.6,24,2020-10-02,2024-09-11,2024-01-15,3,12.5,0,3,,0,US,Telecommunications,,false,
2483-XSSMZ,Telco-2483-XSSMZ,,,growth,47.85,12,2020-11-01,2024-10-11,2024-01-15,8,25.0,0,3,,1,US,Telecommunications,,false,
8603-IJWDN,Telco-8603-IJWDN,,,starter,86.6,,2023-12-16,,2023-12-16,4,37.5,0,0,,2,US,Telecommunications,,true,2024-01-15
8165-ZJRNM,Telco-8165-ZJRNM,,,enterprise,23.75,24,2018-02-15,2026-01-04,2024-01-15,3,25.0,0,6,,0,US,Telecommunications,,false,
9369-XFEHK,Telco-9369-XFEHK,,,starter,80.6,,2021-04-30,,2023-12-16,4,37.5,0,2,,0,US,Telecommunications,,true,2024-01-15
2604-XVDAM,Telco-2604-XVDAM,,,starter,43.8,,2023-01-20,,2024-01-15,8,12.5,0,1,,0,US,Telecommunications,,false,
3717-OFRTN,Telco-3717-OFRTN,,,starter,19.75,,2023-12-16,,2024-01-15,3,12.5,0,0,,0,US,Telecommunications,,false,
9046-JBFWA,Telco-9046-JBFWA,,,starter,19.15,,2021-10-27,,2024-01-15,3,12.5,0,2,,0,US,Telecommunications,,false,
3280-NMUVX,Telco-3280-NMUVX,,,growth,19.6,12,2021-03-31,2024-03-15,2024-01-15,3,12.5,0,2,,0,US,Telecommunications,,false,
1206-EHBDD,Telco-1206-EHBDD,,,enterprise,80.3,24,2019-06-10,2025-05-09,2024-01-15,15,37.5,0,4,,0,US,Telecommunications,,false,
8361-LBRDI,Telco-8361-LBRDI,,,enterprise,24.35,24,2019-04-11,2025-03-10,2024-01-15,3,25.0,0,4,,0,US,Telecommunications,,false,
4883-KCPZJ,Telco-4883-KCPZJ,,,enterprise,25.25,24,2022-03-26,2024-03-15,2024-01-15,3,25.0,0,1,,0,US,Telecommunications,,false,
9108-EQPNQ,Telco-9108-EQPNQ,,,enterprise,26.1,24,2023-03-21,2025-03-10,2024-01-15,3,25.0,0,0,,0,US,Telecommunications,,false,
7277-KAMWT,Telco-7277-KAMWT,,,enterprise,20.0,24,2022-12-21,2024-12-10,2024-01-15,3,12.5,0,1,,0,US,Telecommunications,,false,
3842-IYKUE,Telco-3842-IYKUE,,,starter,85.3,,2021-03-01,,2023-12-16,4,50.0,0,1,,0,US,Telecommunications,,true,2024-01-15
6641-XRPSU,Telco-6641-XRPSU,,,starter,70.0,,2021-03-31,,2023-12-16,4,12.5,0,2,,0,US,Telecommunications,,true,2024-01-15
1374-DMZUI,Telco-1374-DMZUI,,,starter,94.3,,2023-09-17,,2023-12-16,4,50.0,0,0,,2,US,Telecommunications,,true,2024-01-15
2545-LXYVJ,Telco-2545-LXYVJ,,,enterprise,20.7,24,2018-02-15,2026-01-04,2024-01-15,3,12.5,0,6,,0,US,Telecommunications,,false,
3234-VKACU,Telco-3234-VKACU,,,starter,70.3,,2023-11-16,,2024-01-15,8,50.0,0,0,,1,US,Telecommunications,,false,
8357-EQXFO,Telco-8357-EQXFO,,,starter,95.35,,2023-06-19,,2023-12-16,4,50.0,0,0,,2,US,Telecommunications,,true,2024-01-15
1989-PRJHP,Telco-1989-PRJHP,,,starter,75.5,,2021-10-27,,2023-12-16,4,25.0,0,2,,2,US,Telecommunications,,true,2024-01-15
8120-JDCAM,Telco-8120-JDCAM,,,starter,69.55,,2023-09-17,,2024-01-15,15,12.5,0,0,,0,US,Telecommunications,,false,
8917-FAEMR,Telco-8917-FAEMR,,,enterprise,19.85,24,2020-12-31,2024-12-10,2024-01-15,3,12.5,0,3,,0,US,Telecommunications,,false,
7047-YXDMZ,Telco-7047-YXDMZ,,,starter,20.0,,2022-04-25,,2024-01-15,3,12.5,0,1,,0,US,Telecommunications,,false,
2858-EIMXH,Telco-2858-EIMXH,,,growth,95.85,12,2019-09-08,2024-08-12,2024-01-15,15,50.0,0,4,,0,US,Telecommunications,,false,
9524-EGPJC,Telco-9524-EGPJC,,,starter,90.1,,2022-07-24,,2023-12-16,4,50.0,0,0,,2,US,Telecommunications,,true,2024-01-15
6993-OHLXR,Telco-6993-OHLXR,,,starter,68.95,,2023-11-16,,2023-12-16,4,12.5,0,0,,2,US,Telecommunications,,true,2024-01-15
8818-XYFCQ,Telco-8818-XYFCQ,,,starter,99.55,,2021-05-30,,2023-12-16,4,62.5,0,2,,0,US,Telecommunications,,true,2024-01-15
6419-ZTTLE,Telco-6419-ZTTLE,,,growth,20.75,12,2022-02-24,2024-02-14,2024-01-15,3,12.5,0,1,,1,US,Telecommunications,,false,
0929-HYQEW,Telco-0929-HYQEW,,,starter,50.15,,2023-10-17,,2024-01-15,8,25.0,0,0,,0,US,Telecommunications,,false,
6614-YOLAC,Telco-6614-YOLAC,,,enterprise,58.65,24,2018-03-17,2024-02-14,2024-01-15,8,62.5,0,2,,0,US,Telecommunications,,false,
7426-RHZGU,Telco-7426-RHZGU,,,starter,95.9,,2023-04-20,,2024-01-15,15,50.0,0,0,,0,US,Telecommunications,,false,
4065-JJAVA,Telco-4065-JJAVA,,,starter,49.5,,2023-12-16,,2024-01-15,8,25.0,0,0,,1,US,Telecommunications,,false,
4695-VADHF,Telco-4695-VADHF,,,starter,57.45,,2022-07-24,,2023-12-16,2,37.5,0,1,,2,US,Telecommunications,,true,2024-01-15
3863-IUBJR,Telco-3863-IUBJR,,,growth,53.65,12,2023-01-20,2024-01-15,2023-12-16,2,25.0,0,1,,0,US,Telecommunications,,true,2024-01-15
7649-SIJJF,Telco-7649-SIJJF,,,enterprise,80.1,24,2018-03-17,2024-02-14,2024-01-15,8,87.5,0,2,,0,US,Telecommunications,,false,
9361-YNQWJ,Telco-9361-YNQWJ,,,growth,24.4,12,2018-10-13,2024-09-11,2024-01-15,3,25.0,0,5,,0,US,Telecommunications,,false,
3748-FVMZZ,Telco-3748-FVMZZ,,,starter,40.05,,2023-09-17,,2024-01-15,8,25.0,0,0,,1,US,Telecommunications,,false,
9391-TTOYH,Telco-9391-TTOYH,,,starter,19.5,,2022-02-24,,2024-01-15,3,12.5,0,1,,0,US,Telecommunications,,false,
1452-XRSJV,Telco-1452-XRSJV,,,starter,51.05,,2020-11-01,,2024-01-15,8,25.0,0,3,,0,US,Telecommunications,,false,
3422-WJOYD,Telco-3422-WJOYD,,,growth,54.35,12,2021-09-27,2024-09-11,2024-01-15,8,37.5,0,1,,0,US,Telecommunications,,false,
8242-SOQUO,Telco-8242-SOQUO,,,starter,84.7,,2023-08-18,,2024-01-15,15,37.5,0,0,,1,US,Telecommunications,,false,
7460-ITWWP,Telco-7460-ITWWP,,,starter,86.1,,2020-05-05,,2024-01-15,15,37.5,0,3,,1,US,Telecommunications,,false,
7147-AYBAA,Telco-7147-AYBAA,,,starter,70.35,,2020-12-31,,2024-01-15,15,12.5,0,3,,0,US,Telecommunications,,false,
7868-TMWMZ,Telco-7868-TMWMZ,,,enterprise,110.0,24,2019-02-10,2025-01-09,2024-01-15,15,87.5,0,2,,0,US,Telecommunications,,false,
4822-RVYBB,Telco-4822-RVYBB,,,starter,100.6,,2023-05-20,,2023-12-16,4,62.5,0,0,,2,US,Telecommunications,,true,2024-01-15
6732-FZUGP,Telco-6732-FZUGP,,,growth,94.9,12,2020-03-06,2024-02-14,2024-01-15,15,62.5,0,3,,0,US,Telecommunications,,false,
8436-BJUMM,Telco-8436-BJUMM,,,starter,83.75,,2021-11-26,,2023-12-16,4,37.5,0,2,,2,US,Telecommunications,,true,2024-01-15
4184-TJFAN,Telco-4184-TJFAN,,,starter,88.3,,2023-10-17,,2023-12-16,4,50.0,0,0,,1,US,Telecommunications,,true,2024-01-15
8329-GWVPJ,Telco-8329-GWVPJ,,,starter,69.75,,2019-12-07,,2024-01-15,15,12.5,0,4,,0,US,Telecommunications,,false,
1352-VHKAJ,Telco-1352-VHKAJ,,,starter,71.6,,2021-10-27,,2024-01-15,8,62.5,0,1,,0,US,Telecommunications,,false,
4145-UQXUQ,Telco-4145-UQXUQ,,,starter,92.1,,2023-05-20,,2023-12-16,4,50.0,0,0,,2,US,Telecommunications,,true,2024-01-15
2632-TACXW,Telco-2632-TACXW,,,enterprise,23.65,24,2018-12-12,2024-11-10,2024-01-15,3,25.0,0,5,,0,US,Telecommunications,,false,
8146-QQKZH,Telco-8146-QQKZH,,,enterprise,81.85,24,2018-03-17,2024-02-14,2024-01-15,8,75.0,0,2,,0,US,Telecommunications,,false,
1767-CJKBA,Telco-1767-CJKBA,,,enterprise,25.1,24,2018-08-14,2024-07-13,2024-01-15,3,25.0,0,5,,0,US,Telecommunications,,false,
6445-TNRXS,Telco-6445-TNRXS,,,enterprise,114.7,24,2018-06-15,2024-05-14,2024-01-15,15,100.0,0,2,,0,US,Telecommunications,,false,
4581-LNWUM,Telco-4581-LNWUM,,,starter,49.15,,2022-12-21,,2024-01-15,8,37.5,0,1,,1,US,Telecommunications,,false,
4869-EPIUS,Telco-4869-EPIUS,,,growth,80.9,12,2019-06-10,2024-05-14,2024-01-15,15,25.0,0,4,,1,US,Telecommunications,,false,
9948-YPTDG,Telco-9948-YPTDG,,,starter,79.45,,2020-12-01,,2023-12-16,4,37.5,0,3,,2,US,Telecommunications,,true,2024-01-15
1236-WFCDV,Telco-1236-WFCDV,,,starter,90.45,,2022-11-21,,2023-12-16,4,37.5,0,1,,0,US,Telecommunications,,true,2024-01-15
1915-OAKWD,Telco-1915-OAKWD,,,growth,19.3,12,2022-09-22,2024-09-11,2024-01-15,3,12.5,0,1,,0,US,Telecommunications,,false,
7296-PIXQY,Telco-7296-PIXQY,,,starter,70.2,,2022-11-21,,2024-01-15,15,12.5,0,1,,1,US,Telecommunications,,false,
4883-QICIH,Telco-4883-QICIH,,,starter,69.75,,2021-05-30,,2023-12-16,4,12.5,0,2,,0,US,Telecommunications,,true,2024-01-15
3354-OADJP,Telco-3354-OADJP,,,growth,54.25,12,2023-05-20,2024-05-14,2024-01-15,8,37.5,0,0,,0,US,Telecommunications,,false,
3524-WQDSG,Telco-3524-WQDSG,,,starter,99.3,,2020-07-04,,2024-01-15,15,62.5,0,3,,0,US,Telecommunications,,false,
0810-DHDBD,Telco-0810-DHDBD,,,growth,74.0,12,2019-10-08,2024-09-11,2024-01-15,8,75.0,0,2,,0,US,Telecommunications,,false,
4026-SKKHW,Telco-4026-SKKHW,,,starter,50.25,,2023-10-17,,2024-01-15,8,25.0,0,0,,0,US,Telecommunications,,false,
2829-HYVZP,Telco-2829-HYVZP,,,growth,19.8,12,2021-08-28,2024-08-12,2024-01-15,3,12.5,0,2,,0,US,Telecommunications,,false,
8329-IBCTI,Telco-8329-IBCTI,,,starter,19.65,,2023-12-16,,2023-12-16,1,12.5,0,0,,1,US,Telecommunications,,true,2024-01-15
1271-SJBGZ,Telco-1271-SJBGZ,,,starter,43.65,,2023-01-20,,2023-12-16,2,37.5,0,0,,2,US,Telecommunications,,true,2024-01-15
3845-JHAMY,Telco-3845-JHAMY,,,starter,35.5,,2022-09-22,,2024-01-15,8,12.5,0,1,,0,US,Telecommunications,,false,
7013-PSXHK,Telco-7013-PSXHK,,,growth,80.75,12,2020-10-02,2024-09-11,2024-01-15,8,75.0,0,1,,0,US,Telecommunications,,false,
5669-SRAIP,Telco-5669-SRAIP,,,starter,39.5,,2023-08-18,,2023-12-16,2,25.0,0,0,,2,US,Telecommunications,,true,2024-01-15
5981-ITEMU,Telco-5981-ITEMU,,,starter,97.1,,2020-10-02,,2023-12-16,4,50.0,0,3,,0,US,Telecommunications,,true,2024-01-15
3486-NPGST,Telco-3486-NPGST,,,growth,19.55,12,2021-01-30,2025-01-09,2024-01-15,3,12.5,0,3,,0,US,Telecommunications,,false,
6941-PMGEP,Telco-6941-PMGEP,,,starter,80.0,,2023-08-18,,2023-12-16,4,25.0,0,0,,2,US,Telecommunications,,true,2024-01-15
1624-WOIWJ,Telco-1624-WOIWJ,,,starter,84.7,,2023-03-21,,2023-12-16,4,37.5,0,0,,1,US,Telecommunications,,true,2024-01-15
2074-GKOWZ,Telco-2074-GKOWZ,,,starter,89.55,,2023-11-16,,2023-12-16,4,37.5,0,0,,0,US,Telecommunications,,true,2024-01-15
0376-YMCJC,Telco-0376-YMCJC,,,starter,90.6,,2022-02-24,,2023-12-16,4,50.0,0,0,,2,US,Telecommunications,,true,2024-01-15
6100-FJZDG,Telco-6100-FJZDG,,,growth,20.05,12,2021-11-26,2024-11-10,2024-01-15,3,12.5,0,2,,0,US,Telecommunications,,false,
4829-ZLJTK,Telco-4829-ZLJTK,,,enterprise,112.4,24,2018-02-15,2026-01-04,2024-01-15,15,87.5,0,6,,1,US,Telecommunications,,false,
1730-VFMWO,Telco-1730-VFMWO,,,starter,50.2,,2021-03-31,,2024-01-15,8,25.0,0,1,,0,US,Telecommunications,,false,
7143-BQIBA,Telco-7143-BQIBA,,,starter,62.25,,2023-03-21,,2024-01-15,8,50.0,0,0,,0,US,Telecommunications,,false,
3800-LYTRK,Telco-3800-LYTRK,,,growth,55.7,12,2022-11-21,2024-11-10,2024-01-15,8,37.5,0,0,,0,US,Telecommunications,,false,
0634-SZPQA,Telco-0634-SZPQA,,,starter,90.05,,2022-02-24,,2023-12-16,4,50.0,0,1,,0,US,Telecommunications,,true,2024-01-15
9646-NMHXE,Telco-9646-NMHXE,,,enterprise,19.65,24,2020-03-06,2024-02-14,2024-01-15,3,12.5,0,3,,0,US,Telecommunications,,false,
7030-NJVDP,Telco-7030-NJVDP,,,starter,89.25,,2022-01-25,,2024-01-15,15,50.0,0,1,,1,US,Telecommunications,,false,
5536-RTPWK,Telco-5536-RTPWK,,,starter,99.05,,2020-01-06,,2023-12-16,4,62.5,0,4,,0,US,Telecommunications,,true,2024-01-15
8883-GRDWQ,Telco-8883-GRDWQ,,,growth,54.0,12,2022-05-25,2024-05-14,2024-01-15,8,37.5,0,0,,0,US,Telecommunications,,false,
6166-ILMNY,Telco-6166-ILMNY,,,starter,69.75,,2023-11-16,,2023-12-16,4,12.5,0,0,,0,US,Telecommunications,,true,2024-01-15
3097-NNSPB,Telco-3097-NNSPB,,,starter,49.05,,2023-11-16,,2023-12-16,2,25.0,0,0,,0,US,Telecommunications,,true,2024-01-15
7771-ZONAT,Telco-7771-ZONAT,,,enterprise,56.75,24,2022-03-26,2024-03-15,2024-01-15,8,50.0,0,0,,0,US,Telecommunications,,false,
0655-RBDUG,Telco-0655-RBDUG,,,starter,98.05,,2023-06-19,,2023-12-16,4,62.5,0,0,,0,US,Telecommunications,,true,2024-01-15
2111-DWYHN,Telco-2111-DWYHN,,,starter,21.1,,2023-12-16,,2024-01-15,3,12.5,0,0,,0,US,Telecommunications,,false,
4194-WHFCB,Telco-4194-WHFCB,,,starter,96.65,,2019-03-12,,2024-01-15,15,62.5,0,2,,0,US,Telecommunications,,false,
4121-AGSIN,Telco-4121-AGSIN,,,growth,24.5,12,2019-04-11,2024-03-15,2024-01-15,3,25.0,0,4,,0,US,Telecommunications,,false,
4361-BKAXE,Telco-4361-BKAXE,,,starter,114.5,,2020-09-02,,2023-12-16,4,100.0,0,1,,0,US,Telecommunications,,true,2024-01-15
9845-PEEKO,Telco-9845-PEEKO,,,enterprise,79.2,24,2019-03-12,2025-02-08,2024-01-15,15,37.5,0,4,,0,US,Telecommunications,,false,
0455-XFASS,Telco-0455-XFASS,,,starter,69.55,,2023-10-17,,2024-01-15,15,12.5,0,0,,1,US,Telecommunications,,false,
0301-KOBTQ,Telco-0301-KOBTQ,,,enterprise,20.05,24,2021-05-30,2025-05-09,2024-01-15,3,12.5,0,2,,0,US,Telecommunications,,false,
1751-NCDLI,Telco-1751-NCDLI,,,starter,98.85,,2020-04-05,,2024-01-15,15,62.5,0,3,,1,US,Telecommunications,,false,
4367-NUYAO,Telco-4367-NUYAO,,,enterprise,25.75,24,2024-01-15,2026-01-04,2024-01-15,3,25.0,0,0,,0,US,Telecommunications,,false,
9878-TNQGW,Telco-9878-TNQGW,,,starter,80.95,,2023-11-16,,2023-12-16,4,25.0,0,0,,2,US,Telecommunications,,true,2024-01-15
9170-ARBTB,Telco-9170-ARBTB,,,growth,19.6,12,2019-10-08,2024-09-11,2024-01-15,3,12.5,0,4,,0,US,Telecommunications,,false,
4441-NIHPT,Telco-4441-NIHPT,,,starter,74.3,,2022-12-21,,2023-12-16,4,25.0,0,1,,2,US,Telecommunications,,true,2024-01-15
8999-BOHSE,Telco-8999-BOHSE,,,starter,89.7,,2023-02-19,,2023-12-16,4,37.5,0,0,,0,US,Telecommunications,,true,2024-01-15
7241-AJHFS,Telco-7241-AJHFS,,,starter,87.65,,2021-05-30,,2024-01-15,15,50.0,0,1,,0,US,Telecommunications,,false,
7029-RPUAV,Telco-7029-RPUAV,,,starter,100.45,,2022-08-23,,2023-12-16,4,62.5,0,1,,0,US,Telecommunications,,true,2024-01-15
4546-FOKWR,Telco-4546-FOKWR,,,starter,74.75,,2022-09-22,,2024-01-15,15,25.0,0,1,,0,US,Telecommunications,,false,
9036-CSKBW,Telco-9036-CSKBW,,,growth,107.45,12,2019-11-07,2024-10-11,2024-01-15,15,87.5,0,4,,0,US,Telecommunications,,false,
5832-TRLPB,Telco-5832-TRLPB,,,growth,75.35,12,2021-08-28,2024-08-12,2024-01-15,8,62.5,0,1,,0,US,Telecommunications,,false,
8590-YFFQO,Telco-8590-YFFQO,,,enterprise,64.95,24,2018-04-16,2024-03-15,2024-01-15,8,62.5,0,2,,0,US,Telecommunications,,false,
8659-IOOPU,Telco-8659-IOOPU,,,enterprise,100.45,24,2018-03-17,2024-02-14,2024-01-15,15,75.0,0,2,,1,US,Telecommunications,,false,
1338-CECEE,Telco-1338-CECEE,,,growth,68.5,12,2020-09-02,2024-08-12,2024-01-15,8,62.5,0,3,,0,US,Telecommunications,,false,
7439-DKZTW,Telco-7439-DKZTW,,,starter,80.55,,2023-12-16,,2024-01-15,15,25.0,0,0,,1,US,Telecommunications,,false,
4646-QZXTF,Telco-4646-QZXTF,,,starter,81.25,,2023-06-19,,2024-01-15,8,75.0,0,0,,0,US,Telecommunications,,false,
4607-CHPCA,Telco-4607-CHPCA,,,growth,90.4,12,2021-12-26,2022-12-21,2023-12-16,4,37.5,0,2,,2,US,Telecommunications,,true,2024-01-15
9742-XOKTS,Telco-9742-XOKTS,,,growth,89.55,12,2018-07-15,2024-06-13,2024-01-15,15,62.5,0,2,,1,US,Telecommunications,,false,
6921-OZMFH,Telco-6921-OZMFH,,,starter,55.7,,2023-08-18,,2024-01-15,8,37.5,0,0,,0,US,Telecommunications,,false,
9578-FOMUK,Telco-9578-FOMUK,,,starter,24.8,,2022-10-22,,2024-01-15,3,25.0,0,1,,1,US,Telecommunications,,false,
4712-UYOOI,Telco-4712-UYOOI,,,starter,20.0,,2022-05-25,,2024-01-15,3,12.5,0,1,,1,US,Telecommunications,,false,
8824-RWFXJ,Telco-8824-RWFXJ,,,starter,56.15,,2023-10-17,,2023-12-16,2,37.5,0,0,,1,US,Telecommunications,,true,2024-01-15
7722-CVFXN,Telco-7722-CVFXN,,,growth,105.2,12,2019-08-09,2024-07-13,2024-01-15,15,75.0,0,2,,1,US,Telecommunications,,false,
8717-VCTXJ,Telco-8717-VCTXJ,,,growth,19.55,12,2020-08-03,2024-07-13,2024-01-15,3,12.5,0,3,,0,US,Telecommunications,,false,
7363-QTBIW,Telco-7363-QTBIW,,,starter,79.75,,2023-04-20,,2024-01-15,15,25.0,0,0,,1,US,Telecommunications,,false,
4159-NAAIX,Telco-4159-NAAIX,,,enterprise,97.45,24,2018-11-12,2024-10-11,2024-01-15,15,62.5,0,5,,0,US,Telecommunications,,false,
0971-QIFJK,Telco-0971-QIFJK,,,enterprise,24.25,24,2018-05-16,2024-04-14,2024-01-15,3,25.0,0,5,,0,US,Telecommunications,,false,
9397-TZSHA,Telco-9397-TZSHA,,,enterprise,24.6,24,2018-05-16,2024-04-14,2024-01-15,3,25.0,0,5,,0,US,Telecommunications,,false,
3391-JSQEW,Telco-3391-JSQEW,,,starter,50.15,,2020-10-02,,2024-01-15,8,25.0,0,3,,0,US,Telecommunications,,false,
0343-QLUZP,Telco-0343-QLUZP,,,enterprise,39.6,24,2019-02-10,2025-01-09,2024-01-15,8,37.5,0,5,,0,US,Telecommunications,,false,
9763-PDTKK,Telco-9763-PDTKK,,,starter,94.4,,2023-09-17,,2023-12-16,4,62.5,0,0,,0,US,Telecommunications,,true,2024-01-15
2176-LVPNX,Telco-2176-LVPNX,,,enterprise,89.85,24,2018-03-17,2024-02-14,2024-01-15,8,100.0,0,2,,0,US,Telecommunications,,false,
7627-JKIAZ,Telco-7627-JKIAZ,,,starter,78.95,,2020-12-31,,2023-12-16,4,37.5,0,3,,0,US,Telecommunications,,true,2024-01-15
3312-UUMZW,Telco-3312-UUMZW,,,starter,98.85,,2021-05-30,,2024-01-15,15,62.5,0,2,,0,US,Telecommunications,,false,
1271-UODNO,Telco-1271-UODNO,,,enterprise,53.85,24,2020-11-01,2024-10-11,2024-01-15,8,37.5,0,1,,0,US,Telecommunications,,false,
8461-EFQYM,Telco-8461-EFQYM,,,growth,24.25,12,2020-12-01,2024-11-10,2024-01-15,3,25.0,0,3,,1,US,Telecommunications,,false,
6900-RBKER,Telco-6900-RBKER,,,enterprise,89.45,24,2019-10-08,2025-09-06,2024-01-15,15,50.0,0,4,,0,US,Telecommunications,,false,
6891-JPYFF,Telco-6891-JPYFF,,,starter,105.25,,2020-02-05,,2024-01-15,15,75.0,0,4,,0,US,Telecommunications,,false,
1459-QNFQT,Telco-1459-QNFQT,,,enterprise,59.5,24,2018-04-16,2024-03-15,2024-01-15,8,62.5,0,2,,0,US,Telecommunications,,false,
1047-NNCBF,Telco-1047-NNCBF,,,starter,70.55,,2022-05-25,,2024-01-15,15,12.5,0,1,,0,US,Telecommunications,,false,
3696-XRIEN,Telco-3696-XRIEN,,,growth,82.5,12,2019-12-07,2024-11-10,2024-01-15,8,87.5,0,2,,0,US,Telecommunications,,false,
4081-DYXAV,Telco-4081-DYXAV,,,growth,44.85,12,2022-06-24,2023-06-19,2023-12-16,2,25.0,0,1,,0,US,Telecommunications,,true,2024-01-15
0074-HDKDG,Telco-0074-HDKDG,,,growth,61.6,12,2021-12-26,2024-12-10,2024-01-15,8,50.0,0,2,,0,US,Telecommunications,,false,
8791-GFXLZ,Telco-8791-GFXLZ,,,starter,49.05,,2023-01-20,,2024-01-15,8,25.0,0,1,,0,US,Telecommunications,,false,
8111-SLLHI,Telco-8111-SLLHI,,,starter,105.65,,2020-11-01,,2023-12-16,4,75.0,0,3,,2,US,Telecommunications,,true,2024-01-15
0927-LCSMG,Telco-0927-LCSMG,,,starter,74.65,,2023-06-19,,2023-12-16,4,25.0,0,0,,1,US,Telecommunications,,true,2024-01-15
9330-DHBFL,Telco-9330-DHBFL,,,growth,66.25,12,2022-02-24,2024-02-14,2024-01-15,8,62.5,0,0,,0,US,Telecommunications,,false,
0098-BOWSO,Telco-0098-BOWSO,,,starter,19.4,,2021-10-27,,2024-01-15,3,12.5,0,2,,1,US,Telecommunications,,false,
3452-ABWRL,Telco-3452-ABWRL,,,starter,86.05,,2020-03-06,,2024-01-15,15,37.5,0,3,,0,US,Telecommunications,,false,
5859-HZYLF,Telco-5859-HZYLF,,,enterprise,19.15,24,2021-11-26,2025-11-05,2024-01-15,3,12.5,0,2,,0,US,Telecommunications,,false,
8257-RZAHR,Telco-8257-RZAHR,,,starter,64.7,,2022-11-21,,2023-12-16,2,50.0,0,1,,0,US,Telecommunications,,true,2024-01-15
5293-WXJAK,Telco-5293-WXJAK,,,starter,104.05,,2023-02-19,,2023-12-16,4,75.0,0,0,,0,US,Telecommunications,,true,2024-01-15
3156-QLHBO,Telco-3156-QLHBO,,,starter,19.25,,2023-11-16,,2024-01-15,3,12.5,0,0,,0,US,Telecommunications,,false,
2208-NQBCT,Telco-2208-NQBCT,,,starter,81.95,,2021-11-26,,2024-01-15,15,37.5,0,2,,1,US,Telecommunications,,false,
1779-PWPMG,Telco-1779-PWPMG,,,enterprise,114.65,24,2018-02-15,2026-01-04,2024-01-15,15,100.0,0,3,,0,US,Telecommunications,,false,
6621-NRZAK,Telco-6621-NRZAK,,,enterprise,20.0,24,2018-11-12,2024-10-11,2024-01-15,3,12.5,0,5,,0,US,Telecommunications,,false,
0831-JNISG,Telco-0831-JNISG,,,enterprise,19.8,24,2018-03-17,2024-02-14,2024-01-15,3,12.5,0,5,,0,US,Telecommunications,,false,
0774-IFUVM,Telco-0774-IFUVM,,,starter,65.15,,2023-02-19,,2024-01-15,8,50.0,0,0,,0,US,Telecommunications,,false,
3082-WQRVY,Telco-3082-WQRVY,,,growth,19.65,12,2022-11-21,2024-11-10,2024-01-15,3,12.5,0,1,,0,US,Telecommunications,,false,
9553-DLCLU,Telco-9553-DLCLU,,,enterprise,88.95,24,2022-12-21,2024-12-10,2024-01-15,8,100.0,0,0,,0,US,Telecommunications,,false,
1641-BYBTK,Telco-1641-BYBTK,,,starter,20.2,,2023-07-19,,2024-01-15,3,12.5,0,0,,0,US,Telecommunications,,false,
2460-NGXBJ,Telco-2460-NGXBJ,,,starter,75.2,,2023-02-19,,2024-01-15,15,25.0,0,0,,0,US,Telecommunications,,false,
2446-ZKVAF,Telco-2446-ZKVAF,,,starter,56.8,,2022-07-24,,2024-01-15,8,37.5,0,1,,0,US,Telecommunications,,false,
0841-NULXI,Telco-0841-NULXI,,,starter,35.55,,2023-12-16,,2023-12-16,2,12.5,0,0,,2,US,Telecommunications,,true,2024-01-15
3522-CDKHF,Telco-3522-CDKHF,,,starter,75.5,,2021-05-30,,2024-01-15,15,25.0,0,2,,0,US,Telecommunications,,false,
1430-SFQSA,Telco-1430-SFQSA,,,growth,35.6,12,2021-08-28,2024-08-12,2024-01-15,8,25.0,0,1,,0,US,Telecommunications,,false,
0411-EZJZE,Telco-0411-EZJZE,,,starter,60.25,,2023-10-17,,2024-01-15,8,37.5,0,0,,1,US,Telecommunications,,false,
7851-WZEKY,Telco-7851-WZEKY,,,starter,95.15,,2023-11-16,,2023-12-16,4,50.0,0,0,,2,US,Telecommunications,,true,2024-01-15
8844-TONUD,Telco-8844-TONUD,,,starter,96.65,,2022-12-21,,2023-12-16,4,50.0,0,1,,1,US,Telecommunications,,true,2024-01-15
8807-ARQET,Telco-8807-ARQET,,,starter,40.35,,2020-09-02,,2024-01-15,8,25.0,0,3,,1,US,Telecommunications,,false,
8992-CEUEN,Telco-8992-CEUEN,,,starter,18.85,,2023-12-16,,2024-01-15,3,12.5,0,0,,1,US,Telecommunications,,false,
4320-QMLLA,Telco-4320-QMLLA,,,starter,54.85,,2023-06-19,,2024-01-15,8,25.0,0,0,,0,US,Telecommunications,,false,
8777-PVYGU,Telco-8777-PVYGU,,,growth,64.3,12,2019-10-08,2024-09-11,2024-01-15,8,50.0,0,4,,0,US,Telecommunications,,false,
8292-ITGYJ,Telco-8292-ITGYJ,,,enterprise,24.65,24,2020-05-05,2024-04-14,2024-01-15,3,25.0,0,3,,0,US,Telecommunications,,false,
6870-ZWMNX,Telco-6870-ZWMNX,,,enterprise,76.1,24,2018-04-16,2024-03-15,2024-01-15,8,75.0,0,2,,0,US,Telecommunications,,false,
0621-CXBKL,Telco-0621-CXBKL,,,enterprise,18.7,24,2019-09-08,2025-08-07,2024-01-15,3,12.5,0,4,,0,US,Telecommunications,,false,
5268-DSMNQ,Telco-5268-DSMNQ,,,growth,97.95,12,2018-12-12,2024-11-10,2024-01-15,15,62.5,0,5,,0,US,Telecommunications,,false,
5334-JLAXU,Telco-5334-JLAXU,,,starter,94.1,,2019-02-10,,2024-01-15,15,62.5,0,5,,0,US,Telecommunications,,false,
4086-YQSNZ,Telco-4086-YQSNZ,,,starter,80.4,,2023-10-17,,2023-12-16,4,25.0,0,0,,2,US,Telecommunications,,true,2024-01-15
6242-MBHPK,Telco-6242-MBHPK,,,starter,95.1,,2022-02-24,,2024-01-15,15,50.0,0,1,,1,US,Telecommunications,,false,
5868-CZJDR,Telco-5868-CZJDR,,,starter,31.35,,2023-12-16,,2023-12-16,2,12.5,0,0,,1,US,Telecommunications,,true,2024-01-15
9359-UGBTK,Telco-9359-UGBTK,,,growth,72.35,12,2018-07-15,2024-06-13,2024-01-15,8,62.5,0,2,,0,US,Telecommunications,,false,
0135-NMXAP,Telco-0135-NMXAP,,,starter,89.75,,2023-01-20,,2023-12-16,4,50.0,0,1,,0,US,Telecommunications,,true,2024-01-15
4782-OSFXZ,Telco-4782-OSFXZ,,,enterprise,82.7,24,2018-03-17,2024-02-14,2024-01-15,8,87.5,0,2,,0,US,Telecommunications,,false,
6479-OAUSD,Telco-6479-OAUSD,,,growth,19.9,12,2021-12-26,2024-12-10,2024-01-15,3,12.5,0,2,,0,US,Telecommunications,,false,
7129-ACFOG,Telco-7129-ACFOG,,,starter,53.8,,2023-08-18,,2024-01-15,8,37.5,0,0,,1,US,Telecommunications,,false,
4189-NAKJS,Telco-4189-NAKJS,,,growth,51.55,12,2021-11-26,2024-11-10,2024-01-15,8,25.0,0,2,,0,US,Telecommunications,,false,
5562-BETPV,Telco-5562-BETPV,,,growth,19.65,12,2023-12-16,2024-12-10,2024-01-15,3,12.5,0,0,,0,US,Telecommunications,,false,
1282-IHQAC,Telco-1282-IHQAC,,,growth,44.05,12,2018-04-16,2024-03-15,2024-01-15,8,37.5,0,5,,0,US,Telecommunications,,false,
9127-FHJBZ,Telco-9127-FHJBZ,,,enterprise,114.0,24,2018-02-15,2026-01-04,2024-01-15,15,100.0,0,3,,1,US,Telecommunications,,false,
6270-OMFIW,Telco-6270-OMFIW,,,growth,94.4,12,2019-02-10,2020-02-05,2023-12-16,4,50.0,0,5,,2,US,Telecommunications,,true,2024-01-15
1641-RQDAY,Telco-1641-RQDAY,,,starter,100.4,,2021-05-30,,2024-01-15,15,62.5,0,2,,1,US,Telecommunications,,false,
0107-WESLM,Telco-0107-WESLM,,,starter,19.85,,2023-12-16,,2023-12-16,1,12.5,0,0,,2,US,Telecommunications,,true,2024-01-15
6994-ORCWG,Telco-6994-ORCWG,,,growth,54.25,12,2022-11-21,2024-11-10,2024-01-15,8,37.5,0,1,,0,US,Telecommunications,,false,
1346-UFHAX,Telco-1346-UFHAX,,,starter,80.0,,2022-12-21,,2024-01-15,15,37.5,0,1,,0,US,Telecommunications,,false,
3992-YWPKO,Telco-3992-YWPKO,,,starter,109.9,,2023-07-19,,2023-12-16,4,87.5,0,0,,0,US,Telecommunications,,true,2024-01-15
2933-XEUJM,Telco-2933-XEUJM,,,enterprise,79.2,24,2020-04-05,2024-03-15,2024-01-15,8,75.0,0,3,,0,US,Telecommunications,,false,
0125-LZQXK,Telco-0125-LZQXK,,,starter,101.35,,2022-10-22,,2023-12-16,4,62.5,0,0,,2,US,Telecommunications,,true,2024-01-15
5461-QKNTN,Telco-5461-QKNTN,,,starter,94.3,,2020-07-04,,2024-01-15,15,62.5,0,1,,1,US,Telecommunications,,false,
4835-YSJMR,Telco-4835-YSJMR,,,enterprise,49.8,24,2020-11-01,2024-10-11,2024-01-15,8,25.0,0,1,,0,US,Telecommunications,,false,
8399-YNDCH,Telco-8399-YNDCH,,,starter,60.05,,2022-04-25,,2023-12-16,2,37.5,0,1,,0,US,Telecommunications,,true,2024-01-15
3164-YAXFY,Telco-3164-YAXFY,,,starter,53.75,,2019-05-11,,2024-01-15,8,50.0,0,4,,1,US,Telecommunications,,false,
0887-WBJVH,Telco-0887-WBJVH,,,growth,93.45,12,2019-09-08,2024-08-12,2024-01-15,15,50.0,0,2,,1,US,Telecommunications,,false,
4660-IRIBM,Telco-4660-IRIBM,,,starter,87.9,,2022-07-24,,2024-01-15,15,50.0,0,1,,0,US,Telecommunications,,false,
5673-FSSMF,Telco-5673-FSSMF,,,starter,60.15,,2023-12-16,,2023-12-16,2,37.5,0,0,,2,US,Telecommunications,,true,2024-01-15
7670-ZBPOQ,Telco-7670-ZBPOQ,,,growth,61.05,12,2019-04-11,2024-03-15,2024-01-15,8,50.0,0,2,,0,US,Telecommunications,,false,
8089-UZWLX,Telco-8089-UZWLX,,,enterprise,104.05,24,2018-03-17,2024-02-14,2024-01-15,15,62.5,0,5,,0,US,Telecommunications,,false,
0080-OROZO,Telco-0080-OROZO,,,growth,99.25,12,2021-03-01,2024-02-14,2024-01-15,15,62.5,0,1,,1,US,Telecommunications,,false,
3916-NRPAP,Telco-3916-NRPAP,,,starter,85.7,,2023-10-17,,2024-01-15,15,37.5,0,0,,0,US,Telecommunications,,false,
6807-SIWJI,Telco-6807-SIWJI,,,growth,104.85,12,2020-12-01,2024-11-10,2024-01-15,15,75.0,0,3,,1,US,Telecommunications,,false,
8221-HVAYI,Telco-8221-HVAYI,,,enterprise,69.15,24,2021-03-01,2025-02-08,2024-01-15,8,75.0,0,1,,0,US,Telecommunications,,false,
1579-KLYDT,Telco-1579-KLYDT,,,starter,90.45,,2023-06-19,,2023-12-16,4,50.0,0,0,,2,US,Telecommunications,,true,2024-01-15
5232-NXPAY,Telco-5232-NXPAY,,,enterprise,74.45,24,2020-03-06,2024-02-14,2024-01-15,8,62.5,0,1,,0,US,Telecommunications,,false,
8967-SZQAS,Telco-8967-SZQAS,,,starter,50.45,,2022-11-21,,2024-01-15,8,25.0,0,1,,1,US,Telecommunications,,false,
4468-KAZHE,Telco-4468-KAZHE,,,starter,60.0,,2022-05-25,,2024-01-15,8,37.5,0,1,,1,US,Telecommunications,,false,
0455-ENTCR,Telco-0455-ENTCR,,,enterprise,85.25,24,2018-08-14,2024-07-13,2024-01-15,8,87.5,0,2,,1,US,Telecommunications,,false,
8944-AILEF,Telco-8944-AILEF,,,starter,19.45,,2022-10-22,,2024-01-15,3,12.5,0,1,,0,US,Telecommunications,,false,
5542-NKVRU,Telco-5542-NKVRU,,,enterprise,20.75,24,2020-08-03,2024-07-13,2024-01-15,3,12.5,0,3,,0,US,Telecommunications,,false,
7126-RBHSD,Telco-7126-RBHSD,,,starter,78.9,,2022-08-23,,2024-01-15,15,37.5,0,1,,1,US,Telecommunications,,false,
5370-IIVVL,Telco-5370-IIVVL,,,growth,104.5,12,2020-12-31,2024-12-10,2024-01-15,15,75.0,0,1,,0,US,Telecommunications,,false,
6789-HJBWG,Telco-6789-HJBWG,,,starter,49.4,,2023-01-20,,2024-01-15,8,25.0,0,1,,1,US,Telecommunications,,false,
3927-NLNRY,Telco-3927-NLNRY,,,growth,94.25,12,2019-09-08,2020-09-02,2023-12-16,4,50.0,0,4,,0,US,Telecommunications,,true,2024-01-15
9087-EYCPR,Telco-9087-EYCPR,,,enterprise,25.0,24,2019-02-10,2025-01-09,2024-01-15,3,25.0,0,5,,0,US,Telecommunications,,false,
6791-YBNAK,Telco-6791-YBNAK,,,starter,25.55,,2022-07-24,,2024-01-15,8,0.0,0,1,,0,US,Telecommunications,,false,
6358-LYNGM,Telco-6358-LYNGM,,,starter,74.9,,2023-12-16,,2023-12-16,4,25.0,0,0,,2,US,Telecommunications,,true,2024-01-15
6077-BDPXA,Telco-6077-BDPXA,,,starter,70.15,,2023-10-17,,2024-01-15,15,12.5,0,0,,1,US,Telecommunications,,false,
0013-MHZWF,Telco-0013-MHZWF,,,starter,69.4,,2023-04-20,,2024-01-15,8,50.0,0,0,,0,US,Telecommunications,,false,
5494-HECPR,Telco-5494-HECPR,,,starter,80.25,,2023-12-16,,2023-12-16,4,25.0,0,0,,2,US,Telecommunications,,true,2024-01-15
8268-YDIXR,Telco-8268-YDIXR,,,growth,93.15,12,2019-06-10,2024-05-14,2024-01-15,15,62.5,0,4,,1,US,Telecommunications,,false,
9824-BEMCV,Telco-9824-BEMCV,,,starter,69.0,,2022-08-23,,2023-12-16,4,12.5,0,1,,2,US,Telecommunications,,true,2024-01-15
1373-ORVIZ,Telco-1373-ORVIZ,,,starter,66.35,,2023-02-19,,2023-12-16,2,50.0,0,0,,2,US,Telecommunications,,true,2024-01-15
4291-SHSBH,Telco-4291-SHSBH,,,starter,69.55,,2023-06-19,,2024-01-15,15,12.5,0,0,,1,US,Telecommunications,,false,
6980-IMXXE,Telco-6980-IMXXE,,,enterprise,20.2,24,2018-05-16,2024-04-14,2024-01-15,3,12.5,0,5,,0,US,Telecommunications,,false,
9866-QEVEE,Telco-9866-QEVEE,,,starter,86.0,,2022-06-24,,2023-12-16,4,37.5,0,1,,0,US,Telecommunications,,true,2024-01-15
9897-KXHCM,Telco-9897-KXHCM,,,starter,80.3,,2023-10-17,,2023-12-16,4,25.0,0,0,,2,US,Telecommunications,,true,2024-01-15
0040-HALCW,Telco-0040-HALCW,,,enterprise,20.4,24,2019-08-09,2025-07-08,2024-01-15,3,12.5,0,4,,0,US,Telecommunications,,false,
0784-GTUUK,Telco-0784-GTUUK,,,growth,23.75,12,2018-12-12,2024-11-10,2024-01-15,3,25.0,0,5,,0,US,Telecommunications,,false,
7979-CORPM,Telco-7979-CORPM,,,starter,90.55,,2022-01-25,,2023-12-16,4,50.0,0,2,,0,US,Telecommunications,,true,2024-01-15
2294-DMMUS,Telco-2294-DMMUS,,,starter,70.45,,2018-12-12,,2024-01-15,8,50.0,0,5,,0,US,Telecommunications,,false,
0872-JCPIB,Telco-0872-JCPIB,,,starter,65.75,,2022-08-23,,2024-01-15,8,50.0,0,1,,0,US,Telecommunications,,false,
3055-MJDSB,Telco-3055-MJDSB,,,starter,24.6,,2023-04-20,,2024-01-15,8,0.0,0,0,,0,US,Telecommunications,,false,
9091-WTUUY,Telco-9091-WTUUY,,,enterprise,69.25,24,2018-10-13,2024-09-11,2024-01-15,8,62.5,0,2,,0,US,Telecommunications,,false,
1618-CFHME,Telco-1618-CFHME,,,starter,75.9,,2023-11-16,,2023-12-16,4,25.0,0,0,,2,US,Telecommunications,,true,2024-01-15
3165-HDOEW,Telco-3165-HDOEW,,,starter,45.85,,2023-12-16,,2023-12-16,2,12.5,0,0,,1,US,Telecommunications,,true,2024-01-15
6581-NQCBA,Telco-6581-NQCBA,,,starter,49.95,,2022-09-22,,2023-12-16,2,37.5,0,0,,2,US,Telecommunications,,true,2024-01-15
7115-IRDHS,Telco-7115-IRDHS,,,enterprise,24.65,24,2018-02-15,2026-01-04,2024-01-15,3,25.0,0,6,,0,US,Telecommunications,,false,
8496-DMZUK,Telco-8496-DMZUK,,,growth,90.4,12,2021-07-29,2024-07-13,2024-01-15,15,62.5,0,2,,0,US,Telecommunications,,false,
2040-VZIKE,Telco-2040-VZIKE,,,starter,100.85,,2020-01-06,,2024-01-15,15,62.5,0,4,,0,US,Telecommunications,,false,
9068-VPWQQ,Telco-9068-VPWQQ,,,enterprise,75.35,24,2019-01-11,2024-12-10,2024-01-15,8,75.0,0,2,,0,US,Telecommunications,,false,
0178-SZBHO,Telco-0178-SZBHO,,,starter,87.2,,2020-03-06,,2024-01-15,15,50.0,0,3,,1,US,Telecommunications,,false,
0384-RVBPI,Telco-0384-RVBPI,,,starter,64.4,,2022-05-25,,2024-01-15,8,50.0,0,1,,0,US,Telecommunications,,false,
1689-MRZQR,Telco-1689-MRZQR,,,starter,78.3,,2021-03-31,,2023-12-16,4,25.0,0,2,,2,US,Telecommunications,,true,2024-01-15
1299-AURJA,Telco-1299-AURJA,,,enterprise,24.7,24,2018-04-16,2024-03-15,2024-01-15,3,25.0,0,5,,0,US,Telecommunications,,false,
4525-VZCZG,Telco-4525-VZCZG,,,growth,105.85,12,2019-08-09,2024-07-13,2024-01-15,15,75.0,0,2,,1,US,Telecommunications,,false,
1543-LLLFT,Telco-1543-LLLFT,,,growth,98.3,12,2019-01-11,2024-12-10,2024-01-15,15,75.0,0,2,,0,US,Telecommunications,,false,
5835-BEQEU,Telco-5835-BEQEU,,,starter,76.95,,2023-10-17,,2023-12-16,4,25.0,0,0,,2,US,Telecommunications,,true,2024-01-15
2788-CJQAQ,Telco-2788-CJQAQ,,,growth,19.45,12,2022-12-21,2024-12-10,2024-01-15,3,12.5,0,1,,0,US,Telecommunications,,false,
5565-FILXA,Telco-5565-FILXA,,,starter,96.15,,2022-09-22,,2023-12-16,4,50.0,0,1,,2,US,Telecommunications,,true,2024-01-15
0319-QZTCO,Telco-0319-QZTCO,,,starter,58.7,,2023-10-17,,2024-01-15,8,37.5,0,0,,0,US,Telecommunications,,false,
2120-SMPEX,Telco-2120-SMPEX,,,starter,20.15,,2021-12-26,,2024-01-15,3,12.5,0,2,,0,US,Telecommunications,,false,
0096-FCPUF,Telco-0096-FCPUF,,,starter,64.5,,2021-07-29,,2024-01-15,8,50.0,0,2,,0,US,Telecommunications,,false,
0668-OGMHD,Telco-0668-OGMHD,,,starter,28.5,,2022-04-25,,2024-01-15,8,12.5,0,1,,1,US,Telecommunications,,false,
5552-ZNFSJ,Telco-5552-ZNFSJ,,,starter,45.3,,2023-12-16,,2023-12-16,2,12.5,0,0,,2,US,Telecommunications,,true,2024-01-15
2223-KAGMX,Telco-2223-KAGMX,,,starter,19.4,,2022-10-22,,2023-12-16,1,12.5,0,1,,0,US,Telecommunications,,true,2024-01-15
6507-ZJSUR,Telco-6507-ZJSUR,,,starter,90.45,,2022-02-24,,2024-01-15,15,37.5,0,1,,1,US,Telecommunications,,false,
9408-HRXRK,Telco-9408-HRXRK,,,starter,105.15,,2020-05-05,,2024-01-15,15,75.0,0,3,,1,US,Telecommunications,,false,
5593-SUAOO,Telco-5593-SUAOO,,,growth,83.15,12,2022-01-25,2025-01-09,2024-01-15,15,50.0,0,2,,0,US,Telecommunications,,false,
7321-PKUYW,Telco-7321-PKUYW,,,starter,90.15,,2023-02-19,,2023-12-16,4,50.0,0,0,,2,US,Telecommunications,,true,2024-01-15
2833-SLKDQ,Telco-2833-SLKDQ,,,starter,45.05,,2023-12-16,,2023-12-16,2,12.5,0,0,,1,US,Telecommunications,,true,2024-01-15
6766-HFKLA,Telco-6766-HFKLA,,,enterprise,103.2,24,2019-06-10,2025-05-09,2024-01-15,15,75.0,0,2,,0,US,Telecommunications,,false,
7595-EUIVN,Telco-7595-EUIVN,,,starter,75.8,,2023-12-16,,2023-12-16,4,25.0,0,0,,2,US,Telecommunications,,true,2024-01-15
7617-EYGLW,Telco-7617-EYGLW,,,starter,19.45,,2023-12-16,,2024-01-15,3,12.5,0,0,,1,US,Telecommunications,,false,
2026-TGDHM,Telco-2026-TGDHM,,,starter,79.3,,2023-06-19,,2023-12-16,4,25.0,0,0,,2,US,Telecommunications,,true,2024-01-15
9220-ZNKJI,Telco-9220-ZNKJI,,,enterprise,88.8,24,2019-07-10,2025-06-08,2024-01-15,15,50.0,0,2,,0,US,Telecommunications,,false,
4030-VPZBD,Telco-4030-VPZBD,,,starter,30.9,,2023-11-16,,2023-12-16,2,12.5,0,0,,2,US,Telecommunications,,true,2024-01-15
2226-ICFDO,Telco-2226-ICFDO,,,enterprise,85.9,24,2018-02-15,2026-01-04,2024-01-15,8,87.5,0,3,,0,US,Telecommunications,,false,
0723-VSOBE,Telco-0723-VSOBE,,,growth,34.2,12,2020-05-05,2024-04-14,2024-01-15,8,12.5,0,3,,1,US,Telecommunications,,false,
5529-GIBVH,Telco-5529-GIBVH,,,enterprise,20.15,24,2020-03-06,2024-02-14,2024-01-15,3,12.5,0,3,,0,US,Telecommunications,,false,
4187-CINZD,Telco-4187-CINZD,,,growth,95.25,12,2020-04-05,2021-03-31,2023-12-16,4,50.0,0,3,,0,US,Telecommunications,,true,2024-01-15
9992-UJOEL,Telco-9992-UJOEL,,,starter,50.3,,2023-11-16,,2024-01-15,8,25.0,0,0,,0,US,Telecommunications,,false,
4741-WWJQZ,Telco-4741-WWJQZ,,,starter,80.15,,2023-11-16,,2024-01-15,15,37.5,0,0,,1,US,Telecommunications,,false,
6625-UTXEW,Telco-6625-UTXEW,,,starter,51.25,,2023-01-20,,2024-01-15,8,25.0,0,1,,1,US,Telecommunications,,false,
6818-WOBHJ,Telco-6818-WOBHJ,,,starter,89.6,,2018-06-15,,2023-12-16,4,50.0,0,5,,0,US,Telecommunications,,true,2024-01-15
6244-BESBM,Telco-6244-BESBM,,,enterprise,95.2,24,2018-05-16,2024-04-14,2024-01-15,15,50.0,0,2,,0,US,Telecommunications,,false,
1004-NOZNR,Telco-1004-NOZNR,,,growth,94.8,12,2019-06-10,2024-05-14,2024-01-15,15,50.0,0,4,,0,US,Telecommunications,,false,
1251-STYSZ,Telco-1251-STYSZ,,,starter,80.25,,2023-09-17,,2024-01-15,15,37.5,0,0,,1,US,Telecommunications,,false,
2612-PHGOX,Telco-2612-PHGOX,,,enterprise,76.1,24,2018-10-13,2024-09-11,2024-01-15,8,75.0,0,2,,0,US,Telecommunications,,false,
2408-TZMJL,Telco-2408-TZMJL,,,growth,110.15,12,2019-03-12,2020-03-06,2023-12-16,4,87.5,0,4,,2,US,Telecommunications,,true,2024-01-15
8480-PPONV,Telco-8480-PPONV,,,enterprise,115.55,24,2018-12-12,2024-11-10,2024-01-15,15,100.0,0,2,,0,US,Telecommunications,,false,
8780-IHCRN,Telco-8780-IHCRN,,,enterprise,24.65,24,2018-11-12,2024-10-11,2024-01-15,3,25.0,0,5,,0,US,Telecommunications,,false,
4598-ZADCK,Telco-4598-ZADCK,,,growth,53.6,12,2019-09-08,2024-08-12,2024-01-15,8,62.5,0,2,,1,US,Telecommunications,,false,
1257-SXUXQ,Telco-1257-SXUXQ,,,starter,19.45,,2023-08-18,,2024-01-15,3,12.5,0,0,,0,US,Telecommunications,,false,
9681-KYGYB,Telco-9681-KYGYB,,,starter,88.2,,2020-01-06,,2024-01-15,15,62.5,0,4,,1,US,Telecommunications,,false,
7182-OVLBJ,Telco-7182-OVLBJ,,,enterprise,101.15,24,2018-12-12,2024-11-10,2024-01-15,15,62.5,0,5,,0,US,Telecommunications,,false,
5095-ETBRJ,Telco-5095-ETBRJ,,,enterprise,56.8,24,2019-07-10,2025-06-08,2024-01-15,8,50.0,0,2,,0,US,Telecommunications,,false,
7005-CYUIL,Telco-7005-CYUIL,,,enterprise,99.4,24,2018-03-17,2024-02-14,2024-01-15,15,75.0,0,2,,1,US,Telecommunications,,false,
4821-WQOYN,Telco-4821-WQOYN,,,enterprise,20.1,24,2018-02-15,2026-01-04,2024-01-15,3,12.5,0,6,,0,US,Telecommunications,,false,
4730-AWNAU,Telco-4730-AWNAU,,,growth,60.7,12,2021-01-30,2025-01-09,2024-01-15,8,62.5,0,1,,0,US,Telecommunications,,false,
3452-FLHYD,Telco-3452-FLHYD,,,growth,20.95,12,2021-12-26,2024-12-10,2024-01-15,3,12.5,0,2,,0,US,Telecommunications,,false,
2388-LAESQ,Telco-2388-LAESQ,,,enterprise,114.85,24,2018-02-15,2026-01-04,2024-01-15,15,100.0,0,3,,0,US,Telecommunications,,false,
9531-NSBMR,Telco-9531-NSBMR,,,growth,19.25,12,2021-01-30,2025-01-09,2024-01-15,3,12.5,0,3,,0,US,Telecommunications,,false,
6260-ONULR,Telco-6260-ONULR,,,starter,62.8,,2023-12-16,,2024-01-15,8,37.5,0,0,,0,US,Telecommunications,,false,
4389-UEFCZ,Telco-4389-UEFCZ,,,enterprise,105.5,24,2018-02-15,2026-01-04,2024-01-15,15,75.0,0,6,,1,US,Telecommunications,,false,
8711-LOBKY,Telco-8711-LOBKY,,,enterprise,19.85,24,2019-03-12,2025-02-08,2024-01-15,3,12.5,0,4,,0,US,Telecommunications,,false,
9134-CEQMF,Telco-9134-CEQMF,,,starter,89.5,,2023-06-19,,2023-12-16,4,37.5,0,0,,2,US,Telecommunications,,true,2024-01-15
8985-OOPOS,Telco-8985-OOPOS,,,growth,74.1,12,2023-12-16,2024-12-10,2024-01-15,8,62.5,0,0,,0,US,Telecommunications,,false,
8800-ZKRFW,Telco-8800-ZKRFW,,,starter,107.5,,2021-07-29,,2024-01-15,15,87.5,0,1,,1,US,Telecommunications,,false,
2616-FLVQC,Telco-2616-FLVQC,,,enterprise,19.55,24,2018-10-13,2024-09-11,2024-01-15,3,12.5,0,5,,0,US,Telecommunications,,false,
9968-FFVVH,Telco-9968-FFVVH,,,growth,68.8,12,2018-11-12,2024-10-11,2024-01-15,8,75.0,0,2,,0,US,Telecommunications,,false,
3108-PCCGG,Telco-3108-PCCGG,,,enterprise,84.45,24,2018-02-15,2026-01-04,2024-01-15,8,87.5,0,6,,0,US,Telecommunications,,false,
7993-PYKOF,Telco-7993-PYKOF,,,starter,75.0,,2023-05-20,,2023-12-16,4,25.0,0,0,,2,US,Telecommunications,,true,2024-01-15
8390-FESFV,Telco-8390-FESFV,,,enterprise,84.5,24,2018-12-12,2024-11-10,2024-01-15,8,87.5,0,2,,0,US,Telecommunications,,false,
3022-BEXHZ,Telco-3022-BEXHZ,,,enterprise,111.2,24,2018-07-15,2024-06-13,2024-01-15,15,87.5,0,2,,0,US,Telecommunications,,false,
5027-XWQHA,Telco-5027-XWQHA,,,starter,44.75,,2023-07-19,,2023-12-16,2,12.5,0,0,,2,US,Telecommunications,,true,2024-01-15
6248-TKCQV,Telco-6248-TKCQV,,,enterprise,80.6,24,2018-04-16,2024-03-15,2024-01-15,8,75.0,0,2,,0,US,Telecommunications,,false,
6729-GDNGC,Telco-6729-GDNGC,,,starter,80.7,,2022-05-25,,2024-01-15,15,25.0,0,1,,0,US,Telecommunications,,false,
6198-ZFIOJ,Telco-6198-ZFIOJ,,,starter,75.6,,2023-08-18,,2024-01-15,15,25.0,0,0,,1,US,Telecommunications,,false,
5989-OMNJE,Telco-5989-OMNJE,,,growth,57.6,12,2022-01-25,2025-01-09,2024-01-15,8,62.5,0,2,,1,US,Telecommunications,,false,
4566-QVRRW,Telco-4566-QVRRW,,,starter,44.05,,2023-02-19,,2023-12-16,2,12.5,0,0,,2,US,Telecommunications,,true,2024-01-15
1291-CUOCY,Telco-1291-CUOCY,,,enterprise,110.6,24,2018-02-15,2026-01-04,2024-01-15,15,87.5,0,3,,0,US,Telecommunications,,false,
9795-SHUHB,Telco-9795-SHUHB,,,enterprise,58.2,24,2018-08-14,2024-07-13,2024-01-15,8,50.0,0,2,,0,US,Telecommunications,,false,
3230-IUALN,Telco-3230-IUALN,,,enterprise,81.0,24,2020-05-05,2024-04-14,2024-01-15,8,75.0,0,1,,0,US,Telecommunications,,false,
0042-RLHYP,Telco-0042-RLHYP,,,enterprise,19.7,24,2018-05-16,2024-04-14,2024-01-15,3,12.5,0,5,,0,US,Telecommunications,,false,
8519-IMDHU,Telco-8519-IMDHU,,,starter,85.6,,2022-10-22,,2023-12-16,4,37.5,0,1,,0,US,Telecommunications,,true,2024-01-15
4945-RVMTE,Telco-4945-RVMTE,,,starter,59.55,,2021-09-27,,2024-01-15,8,37.5,0,2,,0,US,Telecommunications,,false,
0201-OAMXR,Telco-0201-OAMXR,,,growth,115.55,12,2018-04-16,2019-04-11,2023-12-16,4,100.0,0,2,,0,US,Telecommunications,,true,2024-01-15
1866-NXPSP,Telco-1866-NXPSP,,,growth,75.55,12,2021-01-30,2025-01-09,2024-01-15,8,75.0,0,1,,0,US,Telecommunications,,false,
3372-KWFBM,Telco-3372-KWFBM,,,starter,86.6,,2022-09-22,,2023-12-16,4,37.5,0,1,,2,US,Telecommunications,,true,2024-01-15
7831-QGOXH,Telco-7831-QGOXH,,,starter,85.2,,2022-07-24,,2023-12-16,4,37.5,0,1,,2,US,Telecommunications,,true,2024-01-15
6393-WRYZE,Telco-6393-WRYZE,,,starter,97.65,,2021-03-31,,2023-12-16,4,50.0,0,2,,2,US,Telecommunications,,true,2024-01-15
3941-XTSKM,Telco-3941-XTSKM,,,growth,45.1,12,2020-08-03,2024-07-13,2024-01-15,8,37.5,0,3,,0,US,Telecommunications,,false,
1661-CZBAU,Telco-1661-CZBAU,,,growth,70.95,12,2020-02-05,2025-01-09,2024-01-15,8,62.5,0,2,,0,US,Telecommunications,,false,
6599-RCLCJ,Telco-6599-RCLCJ,,,starter,109.55,,2020-03-06,,2023-12-16,4,87.5,0,1,,2,US,Telecommunications,,true,2024-01-15
9831-BPFRI,Telco-9831-BPFRI,,,growth,89.55,12,2020-11-01,2021-10-27,2023-12-16,4,62.5,0,1,,2,US,Telecommunications,,true,2024-01-15
5158-RIVOP,Telco-5158-RIVOP,,,enterprise,20.9,24,2023-02-19,2025-02-08,2024-01-15,3,12.5,0,0,,0,US,Telecommunications,,false,
9788-YTFGE,Telco-9788-YTFGE,,,starter,19.95,,2023-06-19,,2024-01-15,3,12.5,0,0,,0,US,Telecommunications,,false,
9277-JOOMO,Telco-9277-JOOMO,,,starter,24.6,,2023-10-17,,2024-01-15,3,25.0,0,0,,0,US,Telecommunications,,false,
1907-YLNYW,Telco-1907-YLNYW,,,starter,66.7,,2023-05-20,,2024-01-15,8,50.0,0,0,,1,US,Telecommunications,,false,
1725-MIMXW,Telco-1725-MIMXW,,,starter,19.45,,2023-12-16,,2023-12-16,1,12.5,0,0,,1,US,Telecommunications,,true,2024-01-15
8947-YRTDV,Telco-8947-YRTDV,,,growth,94.8,12,2021-05-30,2024-05-14,2024-01-15,15,62.5,0,2,,0,US,Telecommunications,,false,
3161-ONRWK,Telco-3161-ONRWK,,,growth,65.85,12,2019-02-10,2025-01-09,2024-01-15,8,62.5,0,2,,0,US,Telecommunications,,false,
0114-RSRRW,Telco-0114-RSRRW,,,starter,19.95,,2023-03-21,,2024-01-15,3,12.5,0,0,,0,US,Telecommunications,,false,
4565-NLZBV,Telco-4565-NLZBV,,,enterprise,24.65,24,2018-03-17,2024-02-14,2024-01-15,3,25.0,0,5,,0,US,Telecommunications,,false,
0031-PVLZI,Telco-0031-PVLZI,,,starter,20.35,,2023-09-17,,2023-12-16,1,12.5,0,0,,1,US,Telecommunications,,true,2024-01-15
7206-GZCDC,Telco-7206-GZCDC,,,starter,69.25,,2023-12-16,,2023-12-16,4,12.5,0,0,,2,US,Telecommunications,,true,2024-01-15
6682-VCIXC,Telco-6682-VCIXC,,,growth,51.25,12,2020-07-04,2024-06-13,2024-01-15,8,50.0,0,1,,0,US,Telecommunications,,false,
4791-QRGMF,Telco-4791-QRGMF,,,growth,99.5,12,2019-03-12,2020-03-06,2023-12-16,4,62.5,0,4,,0,US,Telecommunications,,true,2024-01-15
6475-VHUIZ,Telco-6475-VHUIZ,,,starter,54.25,,2022-02-24,,2024-01-15,8,37.5,0,0,,1,US,Telecommunications,,false,
3910-MRQOY,Telco-3910-MRQOY,,,enterprise,19.4,24,2018-02-15,2026-01-04,2024-01-15,3,12.5,0,6,,0,US,Telecommunications,,false,
0661-WCQNQ,Telco-0661-WCQNQ,,,growth,56.25,12,2022-03-26,2024-03-15,2024-01-15,8,37.5,0,0,,0,US,Telecommunications,,false,
7537-RBWEA,Telco-7537-RBWEA,,,starter,25.15,,2023-12-16,,2024-01-15,8,0.0,0,0,,0,US,Telecommunications,,false,
4656-CAURT,Telco-4656-CAURT,,,enterprise,23.95,24,2018-05-16,2024-04-14,2024-01-15,3,25.0,0,5,,0,US,Telecommunications,,false,
0121-SNYRK,Telco-0121-SNYRK,,,growth,35.4,12,2019-12-07,2024-11-10,2024-01-15,8,25.0,0,2,,0,US,Telecommunications,,false,
1768-ZAIFU,Telco-1768-ZAIFU,,,starter,25.2,,2023-12-16,,2023-12-16,2,0.0,0,0,,2,US,Telecommunications,,true,2024-01-15
4671-LXRDQ,Telco-4671-LXRDQ,,,starter,45.0,,2023-11-16,,2023-12-16,2,12.5,0,0,,1,US,Telecommunications,,true,2024-01-15
3733-LSYCE,Telco-3733-LSYCE,,,starter,75.35,,2022-10-22,,2024-01-15,15,25.0,0,1,,0,US,Telecommunications,,false,
6265-FRMTQ,Telco-6265-FRMTQ,,,enterprise,20.4,24,2021-06-29,2025-06-08,2024-01-15,3,12.5,0,2,,0,US,Telecommunications,,false,
1934-SJVJK,Telco-1934-SJVJK,,,starter,20.15,,2023-12-16,,2023-12-16,1,12.5,0,0,,1,US,Telecommunications,,true,2024-01-15
3838-OZURD,Telco-3838-OZURD,,,starter,105.0,,2018-08-14,,2023-12-16,4,75.0,0,5,,0,US,Telecommunications,,true,2024-01-15
1371-DWPAZ,Telco-1371-DWPAZ,,,enterprise,56.05,24,2024-01-15,2026-01-04,2024-01-15,8,62.5,0,0,,0,US,Telecommunications,,false,
9269-CQOOL,Telco-9269-CQOOL,,,starter,54.7,,2023-10-17,,2023-12-16,2,25.0,0,0,,0,US,Telecommunications,,true,2024-01-15
2017-CCBLH,Telco-2017-CCBLH,,,enterprise,20.0,24,2023-05-20,2025-05-09,2024-01-15,3,12.5,0,0,,0,US,Telecommunications,,false,
7690-KPNCU,Telco-7690-KPNCU,,,growth,73.05,12,2018-10-13,2024-09-11,2024-01-15,8,62.5,0,5,,0,US,Telecommunications,,false,
0536-BGFMZ,Telco-0536-BGFMZ,,,starter,20.5,,2021-09-27,,2024-01-15,3,12.5,0,2,,0,US,Telecommunications,,false,
2293-IJWPS,Telco-2293-IJWPS,,,growth,100.75,12,2019-05-11,2024-04-14,2024-01-15,15,62.5,0,4,,0,US,Telecommunications,,false,
2845-HSJCY,Telco-2845-HSJCY,,,starter,87.25,,2022-11-21,,2023-12-16,4,50.0,0,1,,2,US,Telecommunications,,true,2024-01-15
5469-NUJUR,Telco-5469-NUJUR,,,enterprise,19.95,24,2022-06-24,2024-06-13,2024-01-15,3,12.5,0,1,,0,US,Telecommunications,,false,
1184-PJVDB,Telco-1184-PJVDB,,,starter,79.95,,2023-03-21,,2023-12-16,4,25.0,0,0,,2,US,Telecommunications,,true,2024-01-15
2625-TRCZQ,Telco-2625-TRCZQ,,,starter,49.65,,2019-11-07,,2024-01-15,8,37.5,0,4,,1,US,Telecommunications,,false,
4102-HLENU,Telco-4102-HLENU,,,enterprise,65.65,24,2018-07-15,2024-06-13,2024-01-15,8,62.5,0,5,,0,US,Telecommunications,,false,
7266-GSSJX,Telco-7266-GSSJX,,,starter,20.45,,2023-02-19,,2024-01-15,3,12.5,0,0,,1,US,Telecommunications,,false,
7722-VJRQD,Telco-7722-VJRQD,,,enterprise,60.95,24,2018-02-15,2026-01-04,2024-01-15,8,62.5,0,3,,0,US,Telecommunications,,false,
7073-QETQY,Telco-7073-QETQY,,,growth,20.35,12,2018-08-14,2024-07-13,2024-01-15,3,12.5,0,5,,1,US,Telecommunications,,false,
9415-DPEWS,Telco-9415-DPEWS,,,starter,88.35,,2022-07-24,,2023-12-16,4,50.0,0,0,,2,US,Telecommunications,,true,2024-01-15
5624-RYAMH,Telco-5624-RYAMH,,,starter,19.5,,2023-04-20,,2024-01-15,3,12.5,0,0,,1,US,Telecommunications,,false,
0196-JTUQI,Telco-0196-JTUQI,,,starter,75.2,,2023-04-20,,2024-01-15,15,25.0,0,0,,0,US,Telecommunications,,false,
7130-YXBRO,Telco-7130-YXBRO,,,starter,111.45,,2020-02-05,,2024-01-15,15,87.5,0,4,,0,US,Telecommunications,,false,
9272-LSVYH,Telco-9272-LSVYH,,,starter,70.15,,2023-03-21,,2024-01-15,15,12.5,0,0,,0,US,Telecommunications,,false,
7943-RQCHR,Telco-7943-RQCHR,,,starter,94.75,,2023-04-20,,2023-12-16,4,50.0,0,0,,2,US,Telecommunications,,true,2024-01-15
3793-MMFUH,Telco-3793-MMFUH,,,starter,95.05,,2022-12-21,,2023-12-16,4,50.0,0,1,,2,US,Telecommunications,,true,2024-01-15
3249-ZPQRG,Telco-3249-ZPQRG,,,starter,78.45,,2023-09-17,,2023-12-16,4,37.5,0,0,,2,US,Telecommunications,,true,2024-01-15
2568-BRGYX,Telco-2568-BRGYX,,,starter,70.2,,2023-09-17,,2023-12-16,4,12.5,0,0,,2,US,Telecommunications,,true,2024-01-15
3084-DOWLE,Telco-3084-DOWLE,,,enterprise,92.0,24,2018-02-15,2026-01-04,2024-01-15,8,100.0,0,3,,0,US,Telecommunications,,false,
1084-MNSMJ,Telco-1084-MNSMJ,,,enterprise,85.5,24,2019-11-07,2025-10-06,2024-01-15,8,87.5,0,2,,0,US,Telecommunications,,false,
7721-JXEAW,Telco-7721-JXEAW,,,starter,41.05,,2019-03-12,,2023-12-16,2,25.0,0,4,,0,US,Telecommunications,,true,2024-01-15
7249-WBIYX,Telco-7249-WBIYX,,,starter,85.6,,2023-03-21,,2023-12-16,4,37.5,0,0,,2,US,Telecommunications,,true,2024-01-15
4238-HFHSN,Telco-4238-HFHSN,,,starter,82.15,,2019-01-11,,2024-01-15,15,37.5,0,5,,1,US,Telecommunications,,false,
6250-CGGUN,Telco-6250-CGGUN,,,growth,84.4,12,2019-08-09,2024-07-13,2024-01-15,15,50.0,0,2,,1,US,Telecommunications,,false,
5478-JJVZK,Telco-5478-JJVZK,,,starter,60.9,,2021-04-30,,2024-01-15,8,50.0,0,2,,0,US,Telecommunications,,false,
7596-IIWYC,Telco-7596-IIWYC,,,enterprise,20.25,24,2021-10-27,2025-10-06,2024-01-15,3,12.5,0,2,,0,US,Telecommunications,,false,
6567-HOOPW,Telco-6567-HOOPW,,,starter,79.2,,2023-12-16,,2023-12-16,4,25.0,0,0,,2,US,Telecommunications,,true,2024-01-15
9793-WECQC,Telco-9793-WECQC,,,starter,95.3,,2022-02-24,,2024-01-15,15,50.0,0,1,,0,US,Telecommunications,,false,
4291-HPAXL,Telco-4291-HPAXL,,,starter,19.85,,2023-12-16,,2024-01-15,3,12.5,0,0,,0,US,Telecommunications,,false,
8999-YPYBV,Telco-8999-YPYBV,,,enterprise,84.35,24,2020-05-05,2024-04-14,2024-01-15,8,87.5,0,1,,0,US,Telecommunications,,false,
1839-FBNFR,Telco-1839-FBNFR,,,enterprise,19.85,24,2020-11-01,2024-10-11,2024-01-15,3,12.5,0,3,,0,US,Telecommunications,,false,
3164-AALRN,Telco-3164-AALRN,,,growth,70.0,12,2023-08-18,2024-08-12,2023-12-16,2,50.0,0,0,,1,US,Telecommunications,,true,2024-01-15
3071-MVJCD,Telco-3071-MVJCD,,,enterprise,82.3,24,2018-02-15,2026-01-04,2024-01-15,8,87.5,0,3,,0,US,Telecommunications,,false,
1697-BCSHV,Telco-1697-BCSHV,,,starter,66.8,,2019-04-11,,2024-01-15,8,50.0,0,4,,0,US,Telecommunications,,false,
0562-KBDVM,Telco-0562-KBDVM,,,enterprise,44.6,24,2018-04-16,2024-03-15,2024-01-15,8,50.0,0,2,,0,US,Telecommunications,,false,
1131-SUEKT,Telco-1131-SUEKT,,,growth,98.45,12,2019-01-11,2024-12-10,2024-01-15,15,62.5,0,2,,0,US,Telecommunications,,false,
3717-OEAUQ,Telco-3717-OEAUQ,,,starter,70.7,,2023-11-16,,2024-01-15,15,12.5,0,0,,0,US,Telecommunications,,false,
4538-WNTMJ,Telco-4538-WNTMJ,,,growth,24.95,12,2020-04-05,2024-03-15,2024-01-15,3,25.0,0,3,,0,US,Telecommunications,,false,
3334-CTHOL,Telco-3334-CTHOL,,,starter,49.95,,2023-12-16,,2023-12-16,2,25.0,0,0,,0,US,Telecommunications,,true,2024-01-15
4704-ERYFC,Telco-4704-ERYFC,,,starter,69.25,,2022-03-26,,2023-12-16,4,12.5,0,1,,2,US,Telecommunications,,true,2024-01-15
9432-RUVSL,Telco-9432-RUVSL,,,enterprise,102.5,24,2020-02-05,2026-01-04,2024-01-15,15,75.0,0,2,,0,US,Telecommunications,,false,
8060-HIWJJ,Telco-8060-HIWJJ,,,enterprise,86.55,24,2018-10-13,2024-09-11,2024-01-15,8,87.5,0,2,,0,US,Telecommunications,,false,
7684-XSZIY,Telco-7684-XSZIY,,,enterprise,24.3,24,2018-02-15,2026-01-04,2024-01-15,3,25.0,0,6,,0,US,Telecommunications,,false,
9089-UOWJG,Telco-9089-UOWJG,,,starter,58.35,,2023-01-20,,2024-01-15,8,37.5,0,1,,0,US,Telecommunications,,false,
8621-MNIHH,Telco-8621-MNIHH,,,starter,94.25,,2021-03-31,,2023-12-16,4,62.5,0,2,,2,US,Telecommunications,,true,2024-01-15
8039-ACLPL,Telco-8039-ACLPL,,,enterprise,68.75,24,2018-02-15,2026-01-04,2024-01-15,8,62.5,0,6,,0,US,Telecommunications,,false,
9885-AIBVB,Telco-9885-AIBVB,,,starter,85.8,,2021-08-28,,2024-01-15,15,50.0,0,2,,1,US,Telecommunications,,false,
1934-MKPXS,Telco-1934-MKPXS,,,growth,20.1,12,2021-04-30,2024-04-14,2024-01-15,3,12.5,0,2,,0,US,Telecommunications,,false,
2592-YKDIF,Telco-2592-YKDIF,,,starter,20.35,,2023-12-16,,2024-01-15,3,12.5,0,0,,0,US,Telecommunications,,false,
2272-JKMSI,Telco-2272-JKMSI,,,growth,110.8,12,2018-12-12,2024-11-10,2024-01-15,15,87.5,0,2,,1,US,Telecommunications,,false,
0471-LVHGK,Telco-0471-LVHGK,,,growth,73.0,12,2020-09-02,2021-08-28,2023-12-16,2,62.5,0,3,,2,US,Telecommunications,,true,2024-01-15
9518-RWHZL,Telco-9518-RWHZL,,,growth,100.05,12,2018-10-13,2019-10-08,2023-12-16,4,62.5,0,5,,0,US,Telecommunications,,true,2024-01-15
8714-CTZJW,Telco-8714-CTZJW,,,starter,82.85,,2023-09-17,,2024-01-15,15,37.5,0,0,,0,US,Telecommunications,,false,
3569-EDBPQ,Telco-3569-EDBPQ,,,starter,84.35,,2022-01-25,,2024-01-15,15,50.0,0,1,,1,US,Telecommunications,,false,
3131-NWVFJ,Telco-3131-NWVFJ,,,growth,19.55,12,2022-11-21,2024-11-10,2024-01-15,3,12.5,0,1,,0,US,Telecommunications,,false,
7521-YXVZY,Telco-7521-YXVZY,,,starter,19.95,,2023-10-17,,2024-01-15,3,12.5,0,0,,0,US,Telecommunications,,false,
5419-CONWX,Telco-5419-CONWX,,,starter,99.8,,2023-09-17,,2023-12-16,4,62.5,0,0,,0,US,Telecommunications,,true,2024-01-15
6240-EURKS,Telco-6240-EURKS,,,starter,35.0,,2022-07-24,,2023-12-16,2,12.5,0,1,,2,US,Telecommunications,,true,2024-01-15
2373-NTKOD,Telco-2373-NTKOD,,,starter,66.25,,2023-05-20,,2024-01-15,8,37.5,0,0,,1,US,Telecommunications,,false,
1970-KKFWL,Telco-1970-KKFWL,,,enterprise,23.3,24,2021-03-01,2025-02-08,2024-01-15,3,25.0,0,2,,0,US,Telecommunications,,false,
6960-HVYXR,Telco-6960-HVYXR,,,starter,76.0,,2023-12-16,,2023-12-16,4,25.0,0,0,,2,US,Telecommunications,,true,2024-01-15
9337-SRRNI,Telco-9337-SRRNI,,,enterprise,25.3,24,2018-08-14,2024-07-13,2024-01-15,3,25.0,0,5,,0,US,Telecommunications,,false,
0895-UADGO,Telco-0895-UADGO,,,enterprise,44.55,24,2023-05-20,2025-05-09,2024-01-15,8,37.5,0,0,,0,US,Telecommunications,,false,
5678-VFNEQ,Telco-5678-VFNEQ,,,growth,104.1,12,2018-03-17,2024-02-14,2024-01-15,15,75.0,0,5,,0,US,Telecommunications,,false,
5977-CKHON,Telco-5977-CKHON,,,starter,92.55,,2020-07-04,,2024-01-15,15,50.0,0,3,,0,US,Telecommunications,,false,
7024-OHCCK,Telco-7024-OHCCK,,,starter,93.85,,2023-11-16,,2023-12-16,4,50.0,0,0,,2,US,Telecommunications,,true,2024-01-15
2692-BUCFV,Telco-2692-BUCFV,,,starter,101.45,,2021-08-28,,2024-01-15,15,62.5,0,2,,0,US,Telecommunications,,false,
7861-UVUFT,Telco-7861-UVUFT,,,starter,84.3,,2022-10-22,,2023-12-16,4,37.5,0,1,,2,US,Telecommunications,,true,2024-01-15
1830-GGFNM,Telco-1830-GGFNM,,,enterprise,94.55,24,2018-09-13,2024-08-12,2024-01-15,15,75.0,0,2,,0,US,Telecommunications,,false,
5302-BDJNT,Telco-5302-BDJNT,,,starter,95.5,,2021-03-01,,2024-01-15,15,62.5,0,1,,1,US,Telecommunications,,false,
5223-UZAVK,Telco-5223-UZAVK,,,growth,100.3,12,2018-10-13,2024-09-11,2024-01-15,15,62.5,0,5,,0,US,Telecommunications,,false,
4859-ZSRDZ,Telco-4859-ZSRDZ,,,enterprise,55.5,24,2019-04-11,2025-03-10,2024-01-15,8,50.0,0,2,,0,US,Telecommunications,,false,
5651-WYIPH,Telco-5651-WYIPH,,,starter,49.85,,2022-07-24,,2024-01-15,8,25.0,0,1,,0,US,Telecommunications,,false,
9350-VLHMB,Telco-9350-VLHMB,,,starter,89.55,,2018-07-15,,2024-01-15,15,50.0,0,5,,0,US,Telecommunications,,false,
3498-LZGQZ,Telco-3498-LZGQZ,,,enterprise,19.15,24,2018-11-12,2024-10-11,2024-01-15,3,12.5,0,5,,0,US,Telecommunications,,false,
8785-CJSHH,Telco-8785-CJSHH,,,starter,99.8,,2019-02-10,,2024-01-15,15,62.5,0,5,,1,US,Telecommunications,,false,
5357-TZHPP,Telco-5357-TZHPP,,,starter,84.4,,2023-04-20,,2023-12-16,4,37.5,0,0,,0,US,Telecommunications,,true,2024-01-15
3870-SPZSI,Telco-3870-SPZSI,,,enterprise,113.05,24,2018-04-16,2024-03-15,2024-01-15,15,100.0,0,2,,0,US,Telecommunications,,false,
0680-DFNNY,Telco-0680-DFNNY,,,starter,101.1,,2022-10-22,,2023-12-16,4,62.5,0,1,,2,US,Telecommunications,,true,2024-01-15
7560-QRBXH,Telco-7560-QRBXH,,,growth,19.95,12,2020-02-05,2025-01-09,2024-01-15,3,12.5,0,4,,0,US,Telecommunications,,false,
7077-XJMET,Telco-7077-XJMET,,,starter,74.15,,2023-01-20,,2024-01-15,8,62.5,0,0,,1,US,Telecommunications,,false,
8752-GHJFU,Telco-8752-GHJFU,,,growth,92.0,12,2018-03-17,2024-02-14,2024-01-15,15,75.0,0,2,,1,US,Telecommunications,,false,
6896-SRVYQ,Telco-6896-SRVYQ,,,starter,73.85,,2020-06-04,,2024-01-15,15,25.0,0,3,,1,US,Telecommunications,,false,
7767-UXAGJ,Telco-7767-UXAGJ,,,starter,50.45,,2023-12-16,,2023-12-16,2,25.0,0,0,,2,US,Telecommunications,,true,2024-01-15
4652-ODEVH,Telco-4652-ODEVH,,,enterprise,24.45,24,2020-05-05,2024-04-14,2024-01-15,3,25.0,0,3,,0,US,Telecommunications,,false,
6510-UPNKS,Telco-6510-UPNKS,,,growth,24.8,12,2022-02-24,2024-02-14,2024-01-15,3,25.0,0,1,,0,US,Telecommunications,,false,
6718-BDGHG,Telco-6718-BDGHG,,,growth,64.85,12,2020-07-04,2024-06-13,2024-01-15,8,50.0,0,1,,0,US,Telecommunications,,false,
9046-DQMTP,Telco-9046-DQMTP,,,starter,20.75,,2021-03-01,,2024-01-15,3,12.5,0,2,,0,US,Telecommunications,,false,
6439-LAJXL,Telco-6439-LAJXL,,,starter,68.95,,2023-04-20,,2024-01-15,8,62.5,0,0,,0,US,Telecommunications,,false,
1571-SAVHK,Telco-1571-SAVHK,,,starter,99.95,,2023-01-20,,2023-12-16,4,62.5,0,0,,1,US,Telecommunications,,true,2024-01-15
9052-VKDUW,Telco-9052-VKDUW,,,starter,109.4,,2018-09-13,,2024-01-15,15,87.5,0,5,,0,US,Telecommunications,,false,
9546-CQJSU,Telco-9546-CQJSU,,,starter,91.4,,2023-11-16,,2023-12-16,4,50.0,0,0,,2,US,Telecommunications,,true,2024-01-15
1666-JZPZT,Telco-1666-JZPZT,,,starter,49.0,,2021-10-27,,2024-01-15,8,25.0,0,2,,0,US,Telecommunications,,false,
5777-KJIRB,Telco-5777-KJIRB,,,growth,50.25,12,2020-10-02,2024-09-11,2024-01-15,8,25.0,0,3,,0,US,Telecommunications,,false,
0506-LVNGN,Telco-0506-LVNGN,,,starter,75.55,,2023-08-18,,2023-12-16,4,25.0,0,0,,0,US,Telecommunications,,true,2024-01-15
7677-SJJJK,Telco-7677-SJJJK,,,growth,19.9,12,2023-05-20,2024-05-14,2024-01-15,3,12.5,0,0,,0,US,Telecommunications,,false,
2480-EJWYP,Telco-2480-EJWYP,,,growth,97.8,12,2019-04-11,2024-03-15,2024-01-15,15,62.5,0,4,,0,US,Telecommunications,,false,
3253-HKOKL,Telco-3253-HKOKL,,,growth,100.3,12,2019-10-08,2024-09-11,2024-01-15,15,62.5,0,4,,1,US,Telecommunications,,false,
7055-HNEOJ,Telco-7055-HNEOJ,,,starter,55.8,,2023-10-17,,2024-01-15,8,37.5,0,0,,0,US,Telecommunications,,false,
5514-YQENT,Telco-5514-YQENT,,,enterprise,111.15,24,2020-09-02,2024-08-12,2024-01-15,15,87.5,0,1,,1,US,Telecommunications,,false,
3211-AAPKX,Telco-3211-AAPKX,,,starter,98.55,,2022-05-25,,2024-01-15,15,62.5,0,0,,0,US,Telecommunications,,false,
8445-DNBAE,Telco-8445-DNBAE,,,starter,50.05,,2023-12-16,,2024-01-15,8,25.0,0,0,,1,US,Telecommunications,,false,
2951-QOQTK,Telco-2951-QOQTK,,,starter,80.8,,2023-09-17,,2023-12-16,4,37.5,0,0,,0,US,Telecommunications,,true,2024-01-15
2958-NHPPS,Telco-2958-NHPPS,,,starter,20.85,,2022-02-24,,2024-01-15,3,12.5,0,1,,1,US,Telecommunications,,false,
6806-YDEUL,Telco-6806-YDEUL,,,starter,19.5,,2023-07-19,,2024-01-15,3,12.5,0,0,,0,US,Telecommunications,,false,
1735-XMJVH,Telco-1735-XMJVH,,,starter,19.35,,2023-05-20,,2024-01-15,3,12.5,0,0,,0,US,Telecommunications,,false,
6890-PFRQX,Telco-6890-PFRQX,,,starter,69.5,,2022-07-24,,2024-01-15,8,62.5,0,1,,0,US,Telecommunications,,false,
0222-CNVPT,Telco-0222-CNVPT,,,starter,48.8,,2019-10-08,,2024-01-15,8,37.5,0,4,,0,US,Telecommunications,,false,
5899-OUVKV,Telco-5899-OUVKV,,,starter,94.5,,2021-06-29,,2024-01-15,15,50.0,0,2,,1,US,Telecommunications,,false,
8681-ICONS,Telco-8681-ICONS,,,starter,20.65,,2021-08-28,,2024-01-15,3,12.5,0,2,,0,US,Telecommunications,,false,
1621-YNCJH,Telco-1621-YNCJH,,,enterprise,106.05,24,2021-01-30,2025-01-09,2024-01-15,15,87.5,0,1,,0,US,Telecommunications,,false,
3473-XIIIT,Telco-3473-XIIIT,,,starter,100.0,,2022-09-22,,2023-12-16,4,62.5,0,1,,2,US,Telecommunications,,true,2024-01-15
6362-QHAFM,Telco-6362-QHAFM,,,growth,108.3,12,2020-08-03,2024-07-13,2024-01-15,15,75.0,0,1,,1,US,Telecommunications,,false,
7893-IXHRQ,Telco-7893-IXHRQ,,,starter,20.55,,2023-12-16,,2023-12-16,1,12.5,0,0,,2,US,Telecommunications,,true,2024-01-15
3070-BDOQC,Telco-3070-BDOQC,,,enterprise,99.65,24,2019-02-10,2025-01-09,2024-01-15,15,62.5,0,5,,1,US,Telecommunications,,false,
2952-QAYZF,Telco-2952-QAYZF,,,starter,85.3,,2023-08-18,,2023-12-16,4,50.0,0,0,,2,US,Telecommunications,,true,2024-01-15
6234-PFPXL,Telco-6234-PFPXL,,,starter,95.9,,2022-03-26,,2024-01-15,15,62.5,0,0,,0,US,Telecommunications,,false,
9824-QCJPK,Telco-9824-QCJPK,,,growth,20.0,12,2021-01-30,2025-01-09,2024-01-15,3,12.5,0,3,,0,US,Telecommunications,,false,
4763-PGDPO,Telco-4763-PGDPO,,,starter,70.4,,2023-09-17,,2023-12-16,4,12.5,0,0,,2,US,Telecommunications,,true,2024-01-15
4283-IVYCI,Telco-4283-IVYCI,,,starter,64.95,,2023-04-20,,2024-01-15,8,50.0,0,0,,0,US,Telecommunications,,false,
1866-OBPNR,Telco-1866-OBPNR,,,starter,74.6,,2023-12-16,,2024-01-15,15,25.0,0,0,,0,US,Telecommunications,,false,
8205-MQUGY,Telco-8205-MQUGY,,,starter,49.2,,2023-01-20,,2024-01-15,8,25.0,0,1,,1,US,Telecommunications,,false,
8970-ANWXO,Telco-8970-ANWXO,,,growth,73.75,12,2022-02-24,2024-02-14,2024-01-15,8,62.5,0,0,,0,US,Telecommunications,,false,
9480-BQJEI,Telco-9480-BQJEI,,,growth,92.3,12,2018-12-12,2024-11-10,2024-01-15,15,62.5,0,5,,0,US,Telecommunications,,false,
5394-SVGJV,Telco-5394-SVGJV,,,starter,98.8,,2020-12-31,,2023-12-16,4,62.5,0,1,,0,US,Telecommunications,,true,2024-01-15
6979-TNDEU,Telco-6979-TNDEU,,,starter,19.2,,2023-05-20,,2024-01-15,3,12.5,0,0,,0,US,Telecommunications,,false,
9777-WJJPR,Telco-9777-WJJPR,,,starter,88.65,,2021-06-29,,2024-01-15,15,50.0,0,2,,0,US,Telecommunications,,false,
9283-LZQOH,Telco-9283-LZQOH,,,starter,74.4,,2022-12-21,,2023-12-16,4,25.0,0,1,,0,US,Telecommunications,,true,2024-01-15
7079-QRCBC,Telco-7079-QRCBC,,,starter,98.75,,2022-01-25,,2023-12-16,4,62.5,0,2,,2,US,Telecommunications,,true,2024-01-15
9495-SKLKD,Telco-9495-SKLKD,,,starter,95.95,,2020-05-05,,2024-01-15,15,62.5,0,3,,0,US,Telecommunications,,false,
6048-UWKAL,Telco-6048-UWKAL,,,enterprise,105.4,24,2018-05-16,2024-04-14,2024-01-15,15,75.0,0,2,,0,US,Telecommunications,,false,
5067-DGXLL,Telco-5067-DGXLL,,,starter,20.25,,2023-11-16,,2024-01-15,3,12.5,0,0,,0,US,Telecommunications,,false,
5469-CTCWN,Telco-5469-CTCWN,,,growth,106.0,12,2019-01-11,2020-01-06,2023-12-16,4,75.0,0,5,,2,US,Telecommunications,,true,2024-01-15
9851-QXEEQ,Telco-9851-QXEEQ,,,starter,104.7,,2020-09-02,,2023-12-16,4,75.0,0,3,,2,US,Telecommunications,,true,2024-01-15
6281-FKEWS,Telco-6281-FKEWS,,,growth,49.05,12,2020-06-04,2024-05-14,2024-01-15,8,37.5,0,3,,1,US,Telecommunications,,false,
8898-KASCD,Telco-8898-KASCD,,,growth,35.55,12,2020-11-01,2024-10-11,2024-01-15,8,25.0,0,1,,0,US,Telecommunications,,false,
9242-TKFSV,Telco-9242-TKFSV,,,enterprise,65.1,24,2018-02-15,2026-01-04,2024-01-15,8,75.0,0,3,,0,US,Telecommunications,,false,
9290-SHCMB,Telco-9290-SHCMB,,,starter,96.85,,2022-12-21,,2024-01-15,15,50.0,0,1,,1,US,Telecommunications,,false,
0743-HNPFG,Telco-0743-HNPFG,,,growth,69.75,12,2019-11-07,2024-10-11,2024-01-15,8,62.5,0,2,,0,US,Telecommunications,,false,
2277-BKJKN,Telco-2277-BKJKN,,,enterprise,99.2,24,2018-03-17,2024-02-14,2024-01-15,15,62.5,0,5,,1,US,Telecommunications,,false,
9809-IMGCQ,Telco-9809-IMGCQ,,,starter,96.7,,2022-03-26,,2023-12-16,4,50.0,0,1,,2,US,Telecommunications,,true,2024-01-15
5208-HFSBT,Telco-5208-HFSBT,,,starter,55.05,,2023-11-16,,2023-12-16,2,37.5,0,0,,0,US,Telecommunications,,true,2024-01-15
5035-PGZXH,Telco-5035-PGZXH,,,growth,106.8,12,2019-06-10,2024-05-14,2024-01-15,15,75.0,0,4,,1,US,Telecommunications,,false,
8695-WDYEA,Telco-8695-WDYEA,,,starter,51.25,,2023-12-16,,2024-01-15,8,25.0,0,0,,0,US,Telecommunications,,false,
6543-JXSOO,Telco-6543-JXSOO,,,growth,57.75,12,2022-02-24,2024-02-14,2024-01-15,8,50.0,0,0,,0,US,Telecommunications,,false,
8016-ZMGMO,Telco-8016-ZMGMO,,,growth,70.85,12,2018-08-14,2024-07-13,2024-01-15,8,62.5,0,5,,0,US,Telecommunications,,false,
8605-ITULD,Telco-8605-ITULD,,,starter,19.55,,2023-12-16,,2024-01-15,3,12.5,0,0,,0,US,Telecommunications,,false,
3254-YRILK,Telco-3254-YRILK,,,starter,88.2,,2022-06-24,,2023-12-16,4,50.0,0,1,,2,US,Telecommunications,,true,2024-01-15
6416-YJTTB,Telco-6416-YJTTB,,,starter,79.5,,2023-02-19,,2024-01-15,15,37.5,0,0,,0,US,Telecommunications,,false,
2667-WYLWJ,Telco-2667-WYLWJ,,,growth,19.75,12,2023-05-20,2024-05-14,2023-12-16,1,12.5,0,0,,1,US,Telecommunications,,true,2024-01-15
4472-VESGY,Telco-4472-VESGY,,,starter,98.15,,2019-10-08,,2024-01-15,15,75.0,0,4,,0,US,Telecommunications,,false,
3195-TQDZX,Telco-3195-TQDZX,,,starter,20.25,,2023-10-17,,2024-01-15,3,12.5,0,0,,1,US,Telecommunications,,false,
3128-YOVTD,Telco-3128-YOVTD,,,starter,79.15,,2019-11-07,,2024-01-15,15,37.5,0,4,,0,US,Telecommunications,,false,
0529-ONKER,Telco-0529-ONKER,,,starter,75.65,,2022-10-22,,2023-12-16,4,25.0,0,1,,2,US,Telecommunications,,true,2024-01-15
1728-CXQBE,Telco-1728-CXQBE,,,starter,94.25,,2018-10-13,,2024-01-15,15,62.5,0,5,,1,US,Telecommunications,,false,
7041-TXQJH,Telco-7041-TXQJH,,,starter,40.2,,2020-12-31,,2024-01-15,8,25.0,0,3,,0,US,Telecommunications,,false,
5014-GSOUQ,Telco-5014-GSOUQ,,,enterprise,19.95,24,2022-12-21,2024-12-10,2024-01-15,3,12.5,0,1,,0,US,Telecommunications,,false,
5724-BIDBU,Telco-5724-BIDBU,,,growth,55.35,12,2020-01-06,2024-12-10,2024-01-15,8,37.5,0,4,,1,US,Telecommunications,,false,
0481-SUMCB,Telco-0481-SUMCB,,,growth,102.15,12,2020-05-05,2024-04-14,2024-01-15,15,62.5,0,3,,0,US,Telecommunications,,false,
1769-GRUIK,Telco-1769-GRUIK,,,starter,71.1,,2022-07-24,,2024-01-15,15,12.5,0,1,,1,US,Telecommunications,,false,
5240-IJOQT,Telco-5240-IJOQT,,,starter,74.7,,2023-12-16,,2023-12-16,4,25.0,0,0,,2,US,Telecommunications,,true,2024-01-15
8819-WFGGJ,Telco-8819-WFGGJ,,,enterprise,54.1,24,2018-06-15,2024-05-14,2024-01-15,8,50.0,0,5,,0,US,Telecommunications,,false,
7427-AUFPY,Telco-7427-AUFPY,,,enterprise,19.65,24,2019-08-09,2025-07-08,2024-01-15,3,12.5,0,4,,0,US,Telecommunications,,false,
2811-POVEX,Telco-2811-POVEX,,,starter,88.45,,2022-02-24,,2024-01-15,15,50.0,0,1,,0,US,Telecommunications,,false,
1092-GANHU,Telco-1092-GANHU,,,starter,76.65,,2022-08-23,,2023-12-16,4,25.0,0,1,,2,US,Telecommunications,,true,2024-01-15
7898-PDWQE,Telco-7898-PDWQE,,,enterprise,80.4,24,2018-03-17,2024-02-14,2024-01-15,8,87.5,0,2,,0,US,Telecommunications,,false,
9972-EWRJS,Telco-9972-EWRJS,,,enterprise,19.25,24,2018-07-15,2024-06-13,2024-01-15,3,12.5,0,5,,0,US,Telecommunications,,false,
9314-IJWSQ,Telco-9314-IJWSQ,,,starter,84.8,,2022-11-21,,2024-01-15,15,37.5,0,1,,1,US,Telecommunications,,false,
0661-XEYAN,Telco-0661-XEYAN,,,starter,25.8,,2023-12-16,,2023-12-16,2,0.0,0,0,,1,US,Telecommunications,,true,2024-01-15
5799-JRCZO,Telco-5799-JRCZO,,,enterprise,19.5,24,2018-11-12,2024-10-11,2024-01-15,3,12.5,0,5,,0,US,Telecommunications,,false,
1921-KYSAY,Telco-1921-KYSAY,,,growth,68.6,12,2020-09-02,2024-08-12,2024-01-15,8,62.5,0,1,,1,US,Telecommunications,,false,
6198-RTPMF,Telco-6198-RTPMF,,,starter,92.6,,2022-08-23,,2024-01-15,15,50.0,0,1,,1,US,Telecommunications,,false,
2924-KHUVI,Telco-2924-KHUVI,,,growth,100.55,12,2019-06-10,2024-05-14,2024-01-15,15,62.5,0,4,,1,US,Telecommunications,,false,
1925-GMVBW,Telco-1925-GMVBW,,,starter,20.55,,2023-08-18,,2024-01-15,3,12.5,0,0,,0,US,Telecommunications,,false,
7881-EVUAD,Telco-7881-EVUAD,,,starter,42.6,,2023-11-16,,2023-12-16,2,37.5,0,0,,2,US,Telecommunications,,true,2024-01-15
6184-DYUOB,Telco-6184-DYUOB,,,starter,19.6,,2023-10-17,,2024-01-15,3,12.5,0,0,,0,US,Telecommunications,,false,
9207-ZPANB,Telco-9207-ZPANB,,,growth,67.45,12,2020-12-31,2024-12-10,2024-01-15,8,75.0,0,1,,1,US,Telecommunications,,false,
5766-XQXMQ,Telco-5766-XQXMQ,,,starter,68.85,,2021-08-28,,2023-12-16,2,62.5,0,2,,0,US,Telecommunications,,true,2024-01-15
9327-QSDED,Telco-9327-QSDED,,,starter,43.55,,2023-05-20,,2024-01-15,8,12.5,0,0,,0,US,Telecommunications,,false,
1656-DRSMG,Telco-1656-DRSMG,,,starter,109.85,,2018-11-12,,2024-01-15,15,87.5,0,2,,0,US,Telecommunications,,false,
3012-VFFMN,Telco-3012-VFFMN,,,starter,20.65,,2023-06-19,,2024-01-15,3,12.5,0,0,,0,US,Telecommunications,,false,
2984-AFWNC,Telco-2984-AFWNC,,,starter,95.4,,2023-10-17,,2024-01-15,15,50.0,0,0,,1,US,Telecommunications,,false,
0640-YJTPY,Telco-0640-YJTPY,,,enterprise,21.0,24,2018-02-15,2026-01-04,2024-01-15,3,12.5,0,6,,0,US,Telecommunications,,false,
8096-LOIST,Telco-8096-LOIST,,,starter,56.2,,2022-06-24,,2024-01-15,8,25.0,0,1,,1,US,Telecommunications,,false,
9764-REAFF,Telco-9764-REAFF,,,enterprise,18.4,24,2019-03-12,2025-02-08,2024-01-15,3,12.5,0,4,,0,US,Telecommunications,,false,
3703-VAVCL,Telco-3703-VAVCL,,,starter,90.0,,2023-11-16,,2023-12-16,4,50.0,0,0,,0,US,Telecommunications,,true,2024-01-15
7107-UBYKY,Telco-7107-UBYKY,,,starter,25.75,,2021-03-01,,2024-01-15,3,25.0,0,2,,1,US,Telecommunications,,false,
4881-GQJTW,Telco-4881-GQJTW,,,starter,19.6,,2022-11-21,,2024-01-15,3,12.5,0,1,,0,US,Telecommunications,,false,
8519-QJGJD,Telco-8519-QJGJD,,,starter,75.35,,2022-11-21,,2023-12-16,4,25.0,0,1,,2,US,Telecommunications,,true,2024-01-15
7876-DNYAP,Telco-7876-DNYAP,,,enterprise,19.8,24,2018-05-16,2024-04-14,2024-01-15,3,12.5,0,5,,0,US,Telecommunications,,false,
7905-NJMXS,Telco-7905-NJMXS,,,starter,64.2,,2023-06-19,,2024-01-15,8,62.5,0,0,,1,US,Telecommunications,,false,
2882-WDTBA,Telco-2882-WDTBA,,,enterprise,75.75,24,2018-05-16,2024-04-14,2024-01-15,8,75.0,0,2,,0,US,Telecommunications,,false,
2091-GPPIQ,Telco-2091-GPPIQ,,,enterprise,78.95,24,2018-02-15,2026-01-04,2024-01-15,8,75.0,0,3,,1,US,Telecommunications,,false,
6326-MTTXK,Telco-6326-MTTXK,,,starter,100.85,,2023-05-20,,2023-12-16,4,62.5,0,0,,2,US,Telecommunications,,true,2024-01-15
5071-FBJFS,Telco-5071-FBJFS,,,starter,50.3,,2023-09-17,,2024-01-15,8,25.0,0,0,,1,US,Telecommunications,,false,
2796-UUZZO,Telco-2796-UUZZO,,,starter,80.3,,2018-11-12,,2024-01-15,15,37.5,0,5,,0,US,Telecommunications,,false,
2429-AYKKO,Telco-2429-AYKKO,,,enterprise,19.85,24,2018-02-15,2026-01-04,2024-01-15,3,12.5,0,6,,0,US,Telecommunications,,false,
9798-OPFEM,Telco-9798-OPFEM,,,enterprise,21.1,24,2020-04-05,2024-03-15,2024-01-15,3,12.5,0,3,,1,US,Telecommunications,,false,
0330-IVZHA,Telco-0330-IVZHA,,,starter,69.95,,2023-08-18,,2023-12-16,4,12.5,0,0,,2,US,Telecommunications,,true,2024-01-15
3794-NFNCH,Telco-3794-NFNCH,,,starter,50.0,,2021-07-29,,2024-01-15,8,25.0,0,2,,0,US,Telecommunications,,false,
5193-QLVZB,Telco-5193-QLVZB,,,enterprise,104.75,24,2018-11-12,2024-10-11,2024-01-15,15,75.0,0,5,,0,US,Telecommunications,,false,
7114-AEOZE,Telco-7114-AEOZE,,,enterprise,19.85,24,2019-02-10,2025-01-09,2024-01-15,3,12.5,0,5,,0,US,Telecommunications,,false,
2886-KEFUM,Telco-2886-KEFUM,,,growth,107.5,12,2018-11-12,2019-11-07,2023-12-16,4,75.0,0,5,,2,US,Telecommunications,,true,2024-01-15
5522-NYKPB,Telco-5522-NYKPB,,,starter,85.9,,2021-12-26,,2024-01-15,15,37.5,0,1,,1,US,Telecommunications,,false,
4237-RLAQD,Telco-4237-RLAQD,,,starter,45.85,,2023-12-16,,2023-12-16,2,12.5,0,0,,1,US,Telecommunications,,true,2024-01-15
9957-YODKZ,Telco-9957-YODKZ,,,starter,80.8,,2023-07-19,,2024-01-15,15,37.5,0,0,,1,US,Telecommunications,,false,
6518-KZXCB,Telco-6518-KZXCB,,,enterprise,25.25,24,2022-03-26,2024-03-15,2024-01-15,3,25.0,0,1,,0,US,Telecommunications,,false,
2245-ADZFJ,Telco-2245-ADZFJ,,,enterprise,80.55,24,2021-06-29,2025-06-08,2024-01-15,8,75.0,0,1,,0,US,Telecommunications,,false,
7776-QGYJC,Telco-7776-QGYJC,,,starter,81.5,,2020-11-01,,2024-01-15,15,37.5,0,1,,0,US,Telecommunications,,false,
9313-QOLTZ,Telco-9313-QOLTZ,,,starter,20.9,,2021-11-26,,2024-01-15,3,12.5,0,2,,0,US,Telecommunications,,false,
9651-GTSAQ,Telco-9651-GTSAQ,,,growth,106.1,12,2019-09-08,2020-09-02,2023-12-16,4,75.0,0,4,,0,US,Telecommunications,,true,2024-01-15
3186-BAXNB,Telco-3186-BAXNB,,,starter,91.7,,2023-12-16,,2023-12-16,4,50.0,0,0,,2,US,Telecommunications,,true,2024-01-15
4672-FOTSD,Telco-4672-FOTSD,,,starter,67.25,,2023-01-20,,2024-01-15,8,62.5,0,0,,1,US,Telecommunications,,false,
0637-YLETY,Telco-0637-YLETY,,,starter,95.6,,2022-09-22,,2023-12-16,4,62.5,0,1,,0,US,Telecommunications,,true,2024-01-15
9818-XQCUV,Telco-9818-XQCUV,,,starter,20.35,,2023-11-16,,2024-01-15,3,12.5,0,0,,0,US,Telecommunications,,false,
7338-ERIVA,Telco-7338-ERIVA,,,growth,45.05,12,2020-11-01,2024-10-11,2024-01-15,8,37.5,0,1,,0,US,Telecommunications,,false,
1157-BQCUW,Telco-1157-BQCUW,,,starter,74.95,,2023-12-16,,2023-12-16,4,25.0,0,0,,2,US,Telecommunications,,true,2024-01-15
8259-NFJTV,Telco-8259-NFJTV,,,starter,34.65,,2023-06-19,,2024-01-15,8,25.0,0,0,,0,US,Telecommunications,,false,
3223-DWFIO,Telco-3223-DWFIO,,,starter,69.35,,2023-09-17,,2024-01-15,15,12.5,0,0,,1,US,Telecommunications,,false,
2660-EMUBI,Telco-2660-EMUBI,,,starter,95.35,,2023-03-21,,2023-12-16,4,50.0,0,0,,2,US,Telecommunications,,true,2024-01-15
6968-GMKPR,Telco-6968-GMKPR,,,starter,81.55,,2019-07-10,,2024-01-15,15,37.5,0,4,,1,US,Telecommunications,,false,
4751-ERMAN,Telco-4751-ERMAN,,,enterprise,75.4,24,2018-02-15,2026-01-04,2024-01-15,8,62.5,0,6,,0,US,Telecommunications,,false,
1436-ZMJAN,Telco-1436-ZMJAN,,,starter,67.8,,2023-03-21,,2024-01-15,8,50.0,0,0,,0,US,Telecommunications,,false,
3292-PBZEJ,Telco-3292-PBZEJ,,,starter,111.4,,2023-02-19,,2024-01-15,15,87.5,0,0,,1,US,Telecommunications,,false,
0799-DDIHE,Telco-0799-DDIHE,,,starter,46.3,,2022-10-22,,2024-01-15,8,12.5,0,1,,1,US,Telecommunications,,false,
3070-FNFZQ,Telco-3070-FNFZQ,,,enterprise,20.4,24,2022-02-24,2024-02-14,2024-01-15,3,12.5,0,1,,0,US,Telecommunications,,false,
2812-SFXMJ,Telco-2812-SFXMJ,,,starter,20.05,,2023-12-16,,2024-01-15,3,12.5,0,0,,0,US,Telecommunications,,false,
7675-OZCZG,Telco-7675-OZCZG,,,starter,45.0,,2023-10-17,,2023-12-16,2,12.5,0,0,,2,US,Telecommunications,,true,2024-01-15
5014-WUQMG,Telco-5014-WUQMG,,,growth,96.1,12,2020-03-06,2024-02-14,2024-01-15,15,62.5,0,3,,1,US,Telecommunications,,false,
5312-TSZVC,Telco-5312-TSZVC,,,growth,19.65,12,2022-10-22,2024-10-11,2024-01-15,3,12.5,0,1,,0,US,Telecommunications,,false,
2003-CKLOR,Telco-2003-CKLOR,,,starter,99.5,,2018-08-14,,2023-12-16,4,62.5,0,5,,2,US,Telecommunications,,true,2024-01-15
0993-OSGPT,Telco-0993-OSGPT,,,growth,60.65,12,2018-06-15,2024-05-14,2024-01-15,8,50.0,0,2,,0,US,Telecommunications,,false,
9254-RBFON,Telco-9254-RBFON,,,growth,98.6,12,2022-08-23,2023-08-18,2023-12-16,4,62.5,0,0,,0,US,Telecommunications,,true,2024-01-15
1205-WNWPJ,Telco-1205-WNWPJ,,,starter,59.5,,2023-06-19,,2023-12-16,2,37.5,0,0,,1,US,Telecommunications,,true,2024-01-15
9391-EOYLI,Telco-9391-EOYLI,,,starter,80.45,,2023-01-20,,2023-12-16,4,25.0,0,1,,2,US,Telecommunications,,true,2024-01-15
7108-DGVUU,Telco-7108-DGVUU,,,growth,71.7,12,2022-04-25,2024-04-14,2024-01-15,8,62.5,0,1,,0,US,Telecommunications,,false,
2782-JEEBU,Telco-2782-JEEBU,,,starter,36.0,,2022-04-25,,2024-01-15,8,25.0,0,0,,0,US,Telecommunications,,false,
5127-BZENZ,Telco-5127-BZENZ,,,growth,65.2,12,2019-06-10,2024-05-14,2024-01-15,8,50.0,0,4,,0,US,Telecommunications,,false,
2720-FVBQP,Telco-2720-FVBQP,,,starter,48.95,,2023-07-19,,2024-01-15,8,25.0,0,0,,0,US,Telecommunications,,false,
9906-NHHVC,Telco-9906-NHHVC,,,enterprise,53.5,24,2018-09-13,2024-08-12,2024-01-15,8,50.0,0,5,,0,US,Telecommunications,,false,
4522-XRWWI,Telco-4522-XRWWI,,,growth,80.45,12,2020-08-03,2024-07-13,2024-01-15,8,75.0,0,1,,0,US,Telecommunications,,false,
3766-EJLFL,Telco-3766-EJLFL,,,enterprise,109.05,24,2018-06-15,2024-05-14,2024-01-15,15,87.5,0,2,,0,US,Telecommunications,,false,
5939-SXWHM,Telco-5939-SXWHM,,,enterprise,26.3,24,2020-02-05,2026-01-04,2024-01-15,3,25.0,0,4,,0,US,Telecommunications,,false,
8152-UOBNY,Telco-8152-UOBNY,,,growth,106.8,12,2019-12-07,2024-11-10,2024-01-15,15,75.0,0,2,,1,US,Telecommunications,,false,
7351-KYHQH,Telco-7351-KYHQH,,,starter,64.95,,2023-06-19,,2024-01-15,8,50.0,0,0,,1,US,Telecommunications,,false,
7643-RCHXS,Telco-7643-RCHXS,,,enterprise,19.35,24,2018-11-12,2024-10-11,2024-01-15,3,12.5,0,5,,1,US,Telecommunications,,false,
8246-SHFGA,Telco-8246-SHFGA,,,starter,21.1,,2022-08-23,,2024-01-15,3,12.5,0,1,,0,US,Telecommunications,,false,
8387-MOJJT,Telco-8387-MOJJT,,,starter,77.95,,2020-08-03,,2023-12-16,4,25.0,0,3,,0,US,Telecommunications,,true,2024-01-15
0620-XEFWH,Telco-0620-XEFWH,,,starter,18.85,,2023-09-17,,2024-01-15,3,12.5,0,0,,0,US,Telecommunications,,false,
6485-QXWWE,Telco-6485-QXWWE,,,enterprise,26.0,24,2018-12-12,2024-11-10,2024-01-15,3,25.0,0,5,,0,US,Telecommunications,,false,
2761-OCIAX,Telco-2761-OCIAX,,,starter,74.7,,2023-11-16,,2023-12-16,4,25.0,0,0,,2,US,Telecommunications,,true,2024-01-15
7321-VGNKU,Telco-7321-VGNKU,,,starter,70.35,,2023-11-16,,2024-01-15,15,12.5,0,0,,1,US,Telecommunications,,false,
5327-CNLUQ,Telco-5327-CNLUQ,,,enterprise,96.9,24,2020-02-05,2026-01-04,2024-01-15,15,75.0,0,4,,0,US,Telecommunications,,false,
7552-KEYGT,Telco-7552-KEYGT,,,enterprise,19.55,24,2021-10-27,2025-10-06,2024-01-15,3,12.5,0,2,,0,US,Telecommunications,,false,
5816-JMLGY,Telco-5816-JMLGY,,,enterprise,80.4,24,2018-04-16,2024-03-15,2024-01-15,8,75.0,0,2,,0,US,Telecommunications,,false,
3068-OMWZA,Telco-3068-OMWZA,,,starter,88.8,,2023-12-16,,2023-12-16,4,50.0,0,0,,2,US,Telecommunications,,true,2024-01-15
2927-QRRQV,Telco-2927-QRRQV,,,growth,94.65,12,2020-04-05,2024-03-15,2024-01-15,15,62.5,0,3,,1,US,Telecommunications,,false,
6032-KRXXO,Telco-6032-KRXXO,,,starter,90.25,,2021-07-29,,2023-12-16,4,37.5,0,2,,2,US,Telecommunications,,true,2024-01-15
7459-RRWQZ,Telco-7459-RRWQZ,,,starter,64.65,,2022-10-22,,2023-12-16,2,50.0,0,1,,0,US,Telecommunications,,true,2024-01-15
6265-SXWBU,Telco-6265-SXWBU,,,growth,95.75,12,2018-05-16,2024-04-14,2024-01-15,15,62.5,0,5,,0,US,Telecommunications,,false,
7941-RCJOW,Telco-7941-RCJOW,,,enterprise,19.55,24,2018-09-13,2024-08-12,2024-01-15,3,12.5,0,5,,0,US,Telecommunications,,false,
6374-NTQLP,Telco-6374-NTQLP,,,enterprise,104.1,24,2018-02-15,2026-01-04,2024-01-15,15,75.0,0,3,,0,US,Telecommunications,,false,
4154-AQUGT,Telco-4154-AQUGT,,,starter,89.05,,2022-12-21,,2023-12-16,4,50.0,0,0,,0,US,Telecommunications,,true,2024-01-15
2387-KDZQY,Telco-2387-KDZQY,,,growth,20.1,12,2022-08-23,2024-08-12,2024-01-15,3,12.5,0,1,,0,US,Telecommunications,,false,
3584-WKTTW,Telco-3584-WKTTW,,,growth,111.55,12,2019-11-07,2024-10-11,2024-01-15,15,87.5,0,2,,1,US,Telecommunications,,false,
3399-BMLVW,Telco-3399-BMLVW,,,enterprise,60.5,24,2019-11-07,2025-10-06,2024-01-15,8,50.0,0,2,,0,US,Telecommunications,,false,
1971-DTCZB,Telco-1971-DTCZB,,,enterprise,90.95,24,2018-02-15,2026-01-04,2024-01-15,8,100.0,0,3,,0,US,Telecommunications,,false,
3092-IGHWF,Telco-3092-IGHWF,,,growth,87.4,12,2018-07-15,2019-07-10,2023-12-16,4,50.0,0,5,,2,US,Telecommunications,,true,2024-01-15
3374-PZLXD,Telco-3374-PZLXD,,,starter,19.7,,2021-03-31,,2024-01-15,3,12.5,0,2,,0,US,Telecommunications,,false,
3813-DHBBB,Telco-3813-DHBBB,,,enterprise,50.95,24,2018-07-15,2024-06-13,2024-01-15,8,50.0,0,2,,0,US,Telecommunications,,false,
2812-REYAT,Telco-2812-REYAT,,,growth,20.05,12,2020-01-06,2024-12-10,2024-01-15,3,12.5,0,4,,0,US,Telecommunications,,false,
6518-PPLMZ,Telco-6518-PPLMZ,,,enterprise,19.4,24,2019-09-08,2025-08-07,2024-01-15,3,12.5,0,4,,0,US,Telecommunications,,false,
4939-KYYPY,Telco-4939-KYYPY,,,starter,59.45,,2021-10-27,,2024-01-15,8,50.0,0,1,,1,US,Telecommunications,,false,
8017-LXHFA,Telco-8017-LXHFA,,,starter,94.75,,2022-02-24,,2023-12-16,4,50.0,0,1,,2,US,Telecommunications,,true,2024-01-15
5930-GBIWP,Telco-5930-GBIWP,,,enterprise,81.5,24,2018-05-16,2024-04-14,2024-01-15,8,87.5,0,2,,0,US,Telecommunications,,false,
6022-KOUQO,Telco-6022-KOUQO,,,starter,29.05,,2023-11-16,,2024-01-15,8,12.5,0,0,,0,US,Telecommunications,,false,
6352-TWCAU,Telco-6352-TWCAU,,,starter,86.45,,2021-03-01,,2023-12-16,4,37.5,0,2,,2,US,Telecommunications,,true,2024-01-15
2361-UPSND,Telco-2361-UPSND,,,growth,70.6,12,2020-04-05,2024-03-15,2024-01-15,8,62.5,0,1,,0,US,Telecommunications,,false,
6035-RIIOM,Telco-6035-RIIOM,,,enterprise,97.2,24,2019-08-09,2025-07-08,2024-01-15,15,62.5,0,4,,0,US,Telecommunications,,false,
2929-QNSRW,Telco-2929-QNSRW,,,growth,98.25,12,2019-06-10,2020-06-04,2023-12-16,4,62.5,0,4,,2,US,Telecommunications,,true,2024-01-15
1262-OPMFY,Telco-1262-OPMFY,,,starter,75.75,,2023-04-20,,2023-12-16,4,25.0,0,0,,0,US,Telecommunications,,true,2024-01-15
9504-DSHWM,Telco-9504-DSHWM,,,starter,59.2,,2022-05-25,,2024-01-15,8,50.0,0,0,,0,US,Telecommunications,,false,
5035-BVCXS,Telco-5035-BVCXS,,,starter,75.9,,2023-02-19,,2024-01-15,15,25.0,0,0,,0,US,Telecommunications,,false,
6267-DCFFZ,Telco-6267-DCFFZ,,,starter,90.05,,2021-07-29,,2024-01-15,15,50.0,0,2,,1,US,Telecommunications,,false,
3533-UVMOM,Telco-3533-UVMOM,,,enterprise,70.95,24,2018-06-15,2024-05-14,2024-01-15,8,62.5,0,5,,0,US,Telecommunications,,false,
2439-LYPMQ,Telco-2439-LYPMQ,,,starter,102.6,,2020-12-01,,2024-01-15,15,75.0,0,3,,1,US,Telecommunications,,false,
4248-QPAVC,Telco-4248-QPAVC,,,starter,85.35,,2022-08-23,,2023-12-16,4,50.0,0,1,,0,US,Telecommunications,,true,2024-01-15
1899-VXWXM,Telco-1899-VXWXM,,,growth,106.1,12,2020-02-05,2021-01-30,2023-12-16,4,75.0,0,4,,0,US,Telecommunications,,true,2024-01-15
1478-VPOAD,Telco-1478-VPOAD,,,starter,43.8,,2023-12-16,,2024-01-15,8,12.5,0,0,,1,US,Telecommunications,,false,
9995-HOTOH,Telco-9995-HOTOH,,,enterprise,59.0,24,2018-11-12,2024-10-11,2024-01-15,8,62.5,0,5,,1,US,Telecommunications,,false,
2988-PLAHS,Telco-2988-PLAHS,,,growth,69.95,12,2023-10-17,2024-10-11,2024-01-15,8,50.0,0,0,,1,US,Telecommunications,,false,
1371-OJCEK,Telco-1371-OJCEK,,,growth,24.35,12,2020-02-05,2025-01-09,2024-01-15,3,25.0,0,4,,0,US,Telecommunications,,false,
4999-IEZLT,Telco-4999-IEZLT,,,growth,29.45,12,2018-08-14,2024-07-13,2024-01-15,8,12.5,0,2,,0,US,Telecommunications,,false,
8883-ANODQ,Telco-8883-ANODQ,,,enterprise,84.4,24,2018-06-15,2024-05-14,2024-01-15,15,50.0,0,5,,0,US,Telecommunications,,false,
4690-LLKUA,Telco-4690-LLKUA,,,starter,45.05,,2022-08-23,,2023-12-16,2,12.5,0,1,,2,US,Telecommunications,,true,2024-01-15
2351-RRBUE,Telco-2351-RRBUE,,,growth,20.65,12,2023-06-19,2024-06-13,2024-01-15,3,12.5,0,0,,0,US,Telecommunications,,false,
5980-BDHPY,Telco-5980-BDHPY,,,enterprise,87.1,24,2018-02-15,2026-01-04,2024-01-15,8,100.0,0,3,,0,US,Telecommunications,,false,
1498-DQNRX,Telco-1498-DQNRX,,,starter,19.85,,2021-08-28,,2024-01-15,3,12.5,0,2,,0,US,Telecommunications,,false,
9469-WEJBT,Telco-9469-WEJBT,,,starter,90.35,,2020-12-31,,2024-01-15,15,50.0,0,1,,1,US,Telecommunications,,false,
3331-HQDTW,Telco-3331-HQDTW,,,starter,109.8,,2021-03-31,,2023-12-16,4,87.5,0,2,,1,US,Telecommunications,,true,2024-01-15
9490-DFPMD,Telco-9490-DFPMD,,,starter,84.65,,2020-08-03,,2023-12-16,4,37.5,0,3,,2,US,Telecommunications,,true,2024-01-15
2581-VKIRT,Telco-2581-VKIRT,,,growth,65.5,12,2019-03-12,2024-02-14,2024-01-15,8,62.5,0,2,,0,US,Telecommunications,,false,
5442-XSDCW,Telco-5442-XSDCW,,,starter,79.5,,2023-02-19,,2023-12-16,4,25.0,0,0,,0,US,Telecommunications,,true,2024-01-15
7426-WEIJX,Telco-7426-WEIJX,,,starter,80.95,,2019-02-10,,2024-01-15,15,37.5,0,5,,1,US,Telecommunications,,false,
2851-MMUTZ,Telco-2851-MMUTZ,,,starter,56.15,,2021-10-27,,2024-01-15,8,37.5,0,1,,0,US,Telecommunications,,false,
3049-NDXFL,Telco-3049-NDXFL,,,starter,85.8,,2023-12-16,,2023-12-16,4,37.5,0,0,,1,US,Telecommunications,,true,2024-01-15
8580-AECUZ,Telco-8580-AECUZ,,,starter,79.1,,2023-12-16,,2023-12-16,4,25.0,0,0,,2,US,Telecommunications,,true,2024-01-15
3307-TLCUD,Telco-3307-TLCUD,,,starter,34.4,,2022-08-23,,2024-01-15,8,25.0,0,1,,0,US,Telecommunications,,false,
6625-FLENO,Telco-6625-FLENO,,,enterprise,20.75,24,2019-04-11,2025-03-10,2024-01-15,3,12.5,0,4,,0,US,Telecommunications,,false,
2967-MXRAV,Telco-2967-MXRAV,,,growth,18.8,12,2023-12-16,2024-12-10,2024-01-15,3,12.5,0,0,,0,US,Telecommunications,,false,
7963-GQRMY,Telco-7963-GQRMY,,,starter,44.3,,2023-10-17,,2023-12-16,2,12.5,0,0,,1,US,Telecommunications,,true,2024-01-15
8189-HBVRW,Telco-8189-HBVRW,,,starter,90.8,,2019-09-08,,2024-01-15,15,62.5,0,4,,1,US,Telecommunications,,false,
4163-KIUHY,Telco-4163-KIUHY,,,starter,25.6,,2021-03-01,,2024-01-15,3,25.0,0,2,,1,US,Telecommunications,,false,
1228-FZFRV,Telco-1228-FZFRV,,,starter,105.95,,2019-12-07,,2023-12-16,4,75.0,0,4,,0,US,Telecommunications,,true,2024-01-15
3500-NSDOA,Telco-3500-NSDOA,,,enterprise,70.8,24,2018-06-15,2024-05-14,2024-01-15,8,62.5,0,2,,0,US,Telecommunications,,false,
1171-TYKUR,Telco-1171-TYKUR,,,starter,25.4,,2020-03-06,,2024-01-15,3,25.0,0,3,,1,US,Telecommunications,,false,
3761-FLYZI,Telco-3761-FLYZI,,,starter,108.8,,2018-09-13,,2024-01-15,15,75.0,0,5,,0,US,Telecommunications,,false,
2058-DCJBE,Telco-2058-DCJBE,,,starter,69.75,,2023-08-18,,2023-12-16,4,12.5,0,0,,2,US,Telecommunications,,true,2024-01-15
5364-XYIRR,Telco-5364-XYIRR,,,starter,94.65,,2019-11-07,,2023-12-16,4,50.0,0,4,,2,US,Telecommunications,,true,2024-01-15
4829-AUOAX,Telco-4829-AUOAX,,,starter,96.05,,2020-04-05,,2023-12-16,4,50.0,0,3,,0,US,Telecommunications,,true,2024-01-15
1219-NNDDO,Telco-1219-NNDDO,,,starter,76.85,,2023-04-20,,2024-01-15,15,25.0,0,0,,1,US,Telecommunications,,false,
8388-DMKAE,Telco-8388-DMKAE,,,enterprise,20.25,24,2023-05-20,2025-05-09,2024-01-15,3,12.5,0,0,,0,US,Telecommunications,,false,
4403-BWPAY,Telco-4403-BWPAY,,,growth,24.8,12,2022-11-21,2024-11-10,2024-01-15,3,25.0,0,1,,0,US,Telecommunications,,false,
9659-QEQSY,Telco-9659-QEQSY,,,starter,115.65,,2020-05-05,,2024-01-15,15,100.0,0,1,,1,US,Telecommunications,,false,
5405-ZMYXQ,Telco-5405-ZMYXQ,,,starter,74.6,,2023-05-20,,2024-01-15,15,25.0,0,0,,0,US,Telecommunications,,false,
5047-LHVLY,Telco-5047-LHVLY,,,starter,50.15,,2023-12-16,,2023-12-16,2,25.0,0,0,,1,US,Telecommunications,,true,2024-01-15
1442-OKRJE,Telco-1442-OKRJE,,,growth,103.15,12,2018-08-14,2024-07-13,2024-01-15,15,75.0,0,5,,0,US,Telecommunications,,false,
4737-AQCPU,Telco-4737-AQCPU,,,enterprise,72.1,24,2018-02-15,2026-01-04,2024-01-15,8,75.0,0,3,,0,US,Telecommunications,,false,
9158-VCTQB,Telco-9158-VCTQB,,,starter,113.6,,2020-09-02,,2023-12-16,4,100.0,0,1,,0,US,Telecommunications,,true,2024-01-15
2808-CHTDM,Telco-2808-CHTDM,,,enterprise,25.1,24,2022-02-24,2024-02-14,2024-01-15,3,25.0,0,1,,0,US,Telecommunications,,false,
6311-UEUME,Telco-6311-UEUME,,,starter,78.9,,2021-08-28,,2023-12-16,4,25.0,0,2,,2,US,Telecommunications,,true,2024-01-15
0793-TWELN,Telco-0793-TWELN,,,starter,80.15,,2023-09-17,,2024-01-15,15,37.5,0,0,,1,US,Telecommunications,,false,
3283-WCWXT,Telco-3283-WCWXT,,,enterprise,25.4,24,2023-07-19,2025-07-08,2024-01-15,3,25.0,0,0,,0,US,Telecommunications,,false,
1060-ENTOF,Telco-1060-ENTOF,,,growth,105.4,12,2018-07-15,2024-06-13,2024-01-15,15,87.5,0,2,,0,US,Telecommunications,,false,
0999-QXNSA,Telco-0999-QXNSA,,,starter,45.75,,2023-06-19,,2024-01-15,8,12.5,0,0,,0,US,Telecommunications,,false,
5451-MHQOF,Telco-5451-MHQOF,,,growth,24.45,12,2019-06-10,2024-05-14,2024-01-15,3,25.0,0,4,,0,US,Telecommunications,,false,
4836-WNFNO,Telco-4836-WNFNO,,,enterprise,25.0,24,2018-02-15,2026-01-04,2024-01-15,3,25.0,0,6,,0,US,Telecommunications,,false,
9225-BZLNZ,Telco-9225-BZLNZ,,,enterprise,85.25,24,2018-02-15,2026-01-04,2024-01-15,8,87.5,0,6,,1,US,Telecommunications,,false,
0354-VXMJC,Telco-0354-VXMJC,,,enterprise,19.6,24,2022-02-24,2024-02-14,2024-01-15,3,12.5,0,1,,0,US,Telecommunications,,false,
4422-QVIJA,Telco-4422-QVIJA,,,starter,50.15,,2021-03-01,,2024-01-15,8,25.0,0,2,,0,US,Telecommunications,,false,
9365-SRSZE,Telco-9365-SRSZE,,,starter,70.55,,2021-10-27,,2024-01-15,15,12.5,0,2,,1,US,Telecommunications,,false,
6839-ITVZJ,Telco-6839-ITVZJ,,,starter,60.05,,2021-11-26,,2023-12-16,2,50.0,0,1,,2,US,Telecommunications,,true,2024-01-15
8332-OSJDW,Telco-8332-OSJDW,,,growth,26.4,12,2023-01-20,2025-01-09,2024-01-15,3,25.0,0,1,,0,US,Telecommunications,,false,
4735-BJKOU,Telco-4735-BJKOU,,,enterprise,20.15,24,2020-10-02,2024-09-11,2024-01-15,3,12.5,0,3,,0,US,Telecommunications,,false,
0274-JKUJR,Telco-0274-JKUJR,,,starter,58.85,,2023-06-19,,2024-01-15,8,62.5,0,0,,0,US,Telecommunications,,false,
5740-YHGTW,Telco-5740-YHGTW,,,starter,97.55,,2018-04-16,,2024-01-15,15,62.5,0,5,,0,US,Telecommunications,,false,
8917-SZTTJ,Telco-8917-SZTTJ,,,enterprise,19.65,24,2019-02-10,2025-01-09,2024-01-15,3,12.5,0,5,,0,US,Telecommunications,,false,
1696-MZVAU,Telco-1696-MZVAU,,,growth,25.25,12,2020-11-01,2024-10-11,2024-01-15,8,0.0,0,3,,0,US,Telecommunications,,false,
7359-WWYJV,Telco-7359-WWYJV,,,enterprise,114.45,24,2018-02-15,2026-01-04,2024-01-15,15,100.0,0,3,,0,US,Telecommunications,,false,
0375-HVGXO,Telco-0375-HVGXO,,,starter,34.7,,2023-12-16,,2023-12-16,2,12.5,0,0,,2,US,Telecommunications,,true,2024-01-15
4906-ZHGPK,Telco-4906-ZHGPK,,,growth,70.7,12,2019-08-09,2024-07-13,2024-01-15,8,62.5,0,2,,1,US,Telecommunications,,false,
8593-WHYHV,Telco-8593-WHYHV,,,starter,85.3,,2023-10-17,,2023-12-16,4,37.5,0,0,,2,US,Telecommunications,,true,2024-01-15
3795-GWTRD,Telco-3795-GWTRD,,,enterprise,75.55,24,2018-11-12,2024-10-11,2024-01-15,8,75.0,0,2,,0,US,Telecommunications,,false,
1298-PHBTI,Telco-1298-PHBTI,,,enterprise,84.8,24,2018-03-17,2024-02-14,2024-01-15,15,50.0,0,2,,1,US,Telecommunications,,false,
6223-DHJGV,Telco-6223-DHJGV,,,growth,20.65,12,2020-08-03,2024-07-13,2024-01-15,3,12.5,0,3,,0,US,Telecommunications,,false,
6961-MJKBO,Telco-6961-MJKBO,,,enterprise,20.45,24,2020-03-06,2024-02-14,2024-01-15,3,12.5,0,3,,0,US,Telecommunications,,false,
6097-EQISJ,Telco-6097-EQISJ,,,growth,102.45,12,2018-08-14,2019-08-09,2023-12-16,4,75.0,0,5,,0,US,Telecommunications,,true,2024-01-15
4423-YLHDV,Telco-4423-YLHDV,,,starter,104.4,,2022-04-25,,2023-12-16,4,75.0,0,1,,0,US,Telecommunications,,true,2024-01-15
8158-WPEZG,Telco-8158-WPEZG,,,starter,35.65,,2023-02-19,,2024-01-15,8,25.0,0,0,,1,US,Telecommunications,,false,
0107-YHINA,Telco-0107-YHINA,,,starter,99.75,,2023-12-16,,2023-12-16,4,62.5,0,0,,2,US,Telecommunications,,true,2024-01-15
4918-FYJNT,Telco-4918-FYJNT,,,starter,90.45,,2019-07-10,,2024-01-15,15,62.5,0,2,,1,US,Telecommunications,,false,
0727-BNRLG,Telco-0727-BNRLG,,,enterprise,97.65,24,2018-05-16,2024-04-14,2024-01-15,15,75.0,0,2,,0,US,Telecommunications,,false,
4854-CIDCF,Telco-4854-CIDCF,,,starter,73.85,,2023-10-17,,2024-01-15,15,25.0,0,0,,1,US,Telecommunications,,false,
8640-SDGKB,Telco-8640-SDGKB,,,starter,74.4,,2023-09-17,,2023-12-16,2,62.5,0,0,,2,US,Telecommunications,,true,2024-01-15
3280-MRDOF,Telco-3280-MRDOF,,,enterprise,69.1,24,2021-07-29,2025-07-08,2024-01-15,8,62.5,0,1,,0,US,Telecommunications,,false,
6435-SRWBJ,Telco-6435-SRWBJ,,,starter,82.75,,2023-08-18,,2024-01-15,15,50.0,0,0,,1,US,Telecommunications,,false,
9964-WBQDJ,Telco-9964-WBQDJ,,,enterprise,24.4,24,2018-03-17,2024-02-14,2024-01-15,3,25.0,0,5,,0,US,Telecommunications,,false,
6303-KFWSL,Telco-6303-KFWSL,,,growth,55.25,12,2021-08-28,2024-08-12,2024-01-15,8,37.5,0,2,,1,US,Telecommunications,,false,
1702-CCFNJ,Telco-1702-CCFNJ,,,starter,61.35,,2019-10-08,,2024-01-15,8,50.0,0,2,,0,US,Telecommunications,,false,
8932-CZHRQ,Telco-8932-CZHRQ,,,growth,76.75,12,2018-06-15,2024-05-14,2024-01-15,8,75.0,0,5,,0,US,Telecommunications,,false,
0386-CWRGM,Telco-0386-CWRGM,,,enterprise,19.4,24,2020-04-05,2024-03-15,2024-01-15,3,12.5,0,3,,0,US,Telecommunications,,false,
5515-RUGKN,Telco-5515-RUGKN,,,starter,54.75,,2023-05-20,,2024-01-15,8,25.0,0,0,,0,US,Telecommunications,,false,
0404-AHASP,Telco-0404-AHASP,,,enterprise,19.7,24,2018-02-15,2026-01-04,2024-01-15,3,12.5,0,6,,0,US,Telecommunications,,false,
7279-NMVJC,Telco-7279-NMVJC,,,growth,19.9,12,2022-08-23,2024-08-12,2024-01-15,3,12.5,0,1,,0,US,Telecommunications,,false,
2081-VEYEH,Telco-2081-VEYEH,,,starter,107.95,,2023-10-17,,2024-01-15,15,75.0,0,0,,1,US,Telecommunications,,false,
6407-UTSLV,Telco-6407-UTSLV,,,starter,83.8,,2023-11-16,,2024-01-15,15,37.5,0,0,,0,US,Telecommunications,,false,
4116-TZAQJ,Telco-4116-TZAQJ,,,starter,74.25,,2023-04-20,,2023-12-16,4,25.0,0,0,,0,US,Telecommunications,,true,2024-01-15
9060-HJJRW,Telco-9060-HJJRW,,,growth,56.4,12,2019-11-07,2024-10-11,2024-01-15,8,50.0,0,4,,0,US,Telecommunications,,false,
2587-YNLES,Telco-2587-YNLES,,,enterprise,20.1,24,2023-07-19,2025-07-08,2024-01-15,3,12.5,0,0,,0,US,Telecommunications,,false,
7398-SKNQZ,Telco-7398-SKNQZ,,,starter,94.9,,2023-10-17,,2024-01-15,15,50.0,0,0,,1,US,Telecommunications,,false,
5935-FCCNB,Telco-5935-FCCNB,,,starter,94.2,,2022-08-23,,2024-01-15,15,50.0,0,1,,1,US,Telecommunications,,false,
1958-RNRKS,Telco-1958-RNRKS,,,starter,49.9,,2021-07-29,,2024-01-15,8,25.0,0,2,,1,US,Telecommunications,,false,
5136-RGMZO,Telco-5136-RGMZO,,,starter,71.05,,2021-06-29,,2024-01-15,8,62.5,0,1,,1,US,Telecommunications,,false,
8345-MVDYC,Telco-8345-MVDYC,,,enterprise,81.65,24,2020-05-05,2024-04-14,2024-01-15,8,75.0,0,1,,0,US,Telecommunications,,false,
8226-BXGES,Telco-8226-BXGES,,,growth,89.45,12,2018-10-13,2024-09-11,2024-01-15,15,62.5,0,5,,0,US,Telecommunications,,false,
3877-JRJIP,Telco-3877-JRJIP,,,starter,59.85,,2023-12-16,,2023-12-16,2,37.5,0,0,,2,US,Telecommunications,,true,2024-01-15
8375-DKEBR,Telco-8375-DKEBR,,,starter,69.6,,2023-12-16,,2023-12-16,4,12.5,0,0,,2,US,Telecommunications,,true,2024-01-15
9705-IOVQQ,Telco-9705-IOVQQ,,,growth,99.0,12,2019-01-11,2024-12-10,2024-01-15,15,62.5,0,5,,1,US,Telecommunications,,false,
1015-OWJKI,Telco-1015-OWJKI,,,starter,19.05,,2023-12-16,,2024-01-15,3,12.5,0,0,,0,US,Telecommunications,,false,
7511-YMXVQ,Telco-7511-YMXVQ,,,starter,45.4,,2023-04-20,,2023-12-16,2,25.0,0,0,,2,US,Telecommunications,,true,2024-01-15
2040-XBAVJ,Telco-2040-XBAVJ,,,enterprise,114.45,24,2018-02-15,2026-01-04,2024-01-15,15,100.0,0,3,,0,US,Telecommunications,,false,
7551-JOHTI,Telco-7551-JOHTI,,,starter,19.5,,2023-12-16,,2023-12-16,1,12.5,0,0,,1,US,Telecommunications,,true,2024-01-15
8887-IPQNC,Telco-8887-IPQNC,,,starter,44.25,,2023-06-19,,2024-01-15,8,12.5,0,0,,0,US,Telecommunications,,false,
8646-JCOMS,Telco-8646-JCOMS,,,growth,90.55,12,2018-08-14,2024-07-13,2024-01-15,15,62.5,0,2,,0,US,Telecommunications,,false,
9804-ICWBG,Telco-9804-ICWBG,,,starter,69.9,,2023-12-16,,2023-12-16,4,12.5,0,0,,2,US,Telecommunications,,true,2024-01-15
1222-KJNZD,Telco-1222-KJNZD,,,starter,20.4,,2020-10-02,,2024-01-15,3,12.5,0,3,,0,US,Telecommunications,,false,
0106-GHRQR,Telco-0106-GHRQR,,,starter,71.4,,2022-09-22,,2024-01-15,8,62.5,0,1,,0,US,Telecommunications,,false,
5318-IXUZF,Telco-5318-IXUZF,,,starter,87.15,,2023-11-16,,2023-12-16,4,37.5,0,0,,0,US,Telecommunications,,true,2024-01-15
3768-VHXQO,Telco-3768-VHXQO,,,enterprise,24.85,24,2018-07-15,2024-06-13,2024-01-15,3,25.0,0,5,,0,US,Telecommunications,,false,
8952-WCVCD,Telco-8952-WCVCD,,,growth,104.45,12,2020-09-02,2024-08-12,2024-01-15,15,75.0,0,3,,0,US,Telecommunications,,false,
2418-TPEUN,Telco-2418-TPEUN,,,enterprise,19.8,24,2019-06-10,2025-05-09,2024-01-15,3,12.5,0,4,,0,US,Telecommunications,,false,
3963-RYFNS,Telco-3963-RYFNS,,,enterprise,116.45,24,2018-02-15,2026-01-04,2024-01-15,15,100.0,0,3,,0,US,Telecommunications,,false,
3198-VELRD,Telco-3198-VELRD,,,starter,84.75,,2023-10-17,,2023-12-16,4,37.5,0,0,,0,US,Telecommunications,,true,2024-01-15
8540-ZQGEA,Telco-8540-ZQGEA,,,enterprise,20.05,24,2019-08-09,2025-07-08,2024-01-15,3,12.5,0,4,,0,US,Telecommunications,,false,
1320-REHCS,Telco-1320-REHCS,,,starter,110.75,,2019-10-08,,2024-01-15,15,87.5,0,2,,1,US,Telecommunications,,false,
4137-JOPHL,Telco-4137-JOPHL,,,enterprise,89.7,24,2019-12-07,2025-11-05,2024-01-15,15,50.0,0,2,,0,US,Telecommunications,,false,
9436-ZBZCT,Telco-9436-ZBZCT,,,starter,89.95,,2022-11-21,,2023-12-16,4,50.0,0,0,,2,US,Telecommunications,,true,2024-01-15
7801-CEDNV,Telco-7801-CEDNV,,,growth,48.7,12,2021-10-27,2024-10-11,2024-01-15,8,25.0,0,2,,0,US,Telecommunications,,false,
2057-BOYKM,Telco-2057-BOYKM,,,enterprise,96.6,24,2018-02-15,2026-01-04,2024-01-15,15,75.0,0,3,,0,US,Telecommunications,,false,
3658-QQJYD,Telco-3658-QQJYD,,,growth,74.3,12,2018-12-12,2024-11-10,2024-01-15,8,62.5,0,5,,0,US,Telecommunications,,false,
1803-BGNBD,Telco-1803-BGNBD,,,starter,54.3,,2023-01-20,,2024-01-15,8,37.5,0,0,,1,US,Telecommunications,,false,
0134-XWXCE,Telco-0134-XWXCE,,,growth,74.85,12,2020-06-04,2024-05-14,2024-01-15,8,62.5,0,1,,0,US,Telecommunications,,false,
6950-TWMYB,Telco-6950-TWMYB,,,enterprise,79.95,24,2019-08-09,2025-07-08,2024-01-15,15,37.5,0,2,,0,US,Telecommunications,,false,
5848-FHRFC,Telco-5848-FHRFC,,,enterprise,20.05,24,2018-06-15,2024-05-14,2024-01-15,3,12.5,0,5,,0,US,Telecommunications,,false,
2243-FNMMI,Telco-2243-FNMMI,,,starter,19.4,,2022-05-25,,2024-01-15,3,12.5,0,1,,0,US,Telecommunications,,false,
2511-MORQY,Telco-2511-MORQY,,,growth,54.9,12,2019-12-07,2024-11-10,2024-01-15,8,37.5,0,4,,0,US,Telecommunications,,false,
5356-KZCKT,Telco-5356-KZCKT,,,enterprise,24.45,24,2019-04-11,2025-03-10,2024-01-15,3,25.0,0,4,,0,US,Telecommunications,,false,
9470-XCCEM,Telco-9470-XCCEM,,,starter,89.65,,2021-03-01,,2024-01-15,15,50.0,0,2,,0,US,Telecommunications,,false,
6519-CFDBX,Telco-6519-CFDBX,,,starter,45.4,,2023-11-16,,2024-01-15,8,12.5,0,0,,1,US,Telecommunications,,false,
3902-MIVLE,Telco-3902-MIVLE,,,enterprise,75.7,24,2018-11-12,2024-10-11,2024-01-15,8,75.0,0,2,,0,US,Telecommunications,,false,
0409-WTMPL,Telco-0409-WTMPL,,,growth,110.65,12,2019-04-11,2024-03-15,2024-01-15,15,87.5,0,4,,0,US,Telecommunications,,false,
8763-KIAFH,Telco-8763-KIAFH,,,growth,20.55,12,2021-10-27,2024-10-11,2024-01-15,3,12.5,0,2,,0,US,Telecommunications,,false,
3669-WHAFY,Telco-3669-WHAFY,,,enterprise,115.15,24,2018-03-17,2024-02-14,2024-01-15,15,100.0,0,2,,0,US,Telecommunications,,false,
3055-VTCGS,Telco-3055-VTCGS,,,growth,58.55,12,2018-11-12,2024-10-11,2024-01-15,8,37.5,0,5,,0,US,Telecommunications,,false,
3144-KMTWZ,Telco-3144-KMTWZ,,,starter,93.25,,2018-03-17,,2024-01-15,15,62.5,0,5,,0,US,Telecommunications,,false,
7279-BUYWN,Telco-7279-BUYWN,,,starter,113.2,,2020-09-02,,2023-12-16,4,87.5,0,3,,2,US,Telecommunications,,true,2024-01-15
7156-MHUGY,Telco-7156-MHUGY,,,starter,90.5,,2022-12-21,,2023-12-16,4,37.5,0,1,,2,US,Telecommunications,,true,2024-01-15
7198-GLXTC,Telco-7198-GLXTC,,,starter,79.0,,2023-11-16,,2023-12-16,4,25.0,0,0,,2,US,Telecommunications,,true,2024-01-15
2007-QVGAW,Telco-2007-QVGAW,,,enterprise,19.35,24,2018-06-15,2024-05-14,2024-01-15,3,12.5,0,5,,0,US,Telecommunications,,false,
5207-PLSTK,Telco-5207-PLSTK,,,starter,48.75,,2023-12-16,,2024-01-15,8,25.0,0,0,,0,US,Telecommunications,,false,
2307-FYNNL,Telco-2307-FYNNL,,,enterprise,109.05,24,2018-09-13,2024-08-12,2024-01-15,15,87.5,0,2,,1,US,Telecommunications,,false,
5605-XNWEN,Telco-5605-XNWEN,,,enterprise,25.0,24,2018-02-15,2026-01-04,2024-01-15,3,25.0,0,6,,0,US,Telecommunications,,false,
2155-AMQRX,Telco-2155-AMQRX,,,starter,54.9,,2021-09-27,,2024-01-15,8,37.5,0,1,,0,US,Telecommunications,,false,
6181-AXXYF,Telco-6181-AXXYF,,,enterprise,24.75,24,2018-02-15,2026-01-04,2024-01-15,3,25.0,0,6,,0,US,Telecommunications,,false,
5091-HFAZW,Telco-5091-HFAZW,,,starter,91.15,,2023-11-16,,2024-01-15,15,50.0,0,0,,1,US,Telecommunications,,false,
0516-VRYBW,Telco-0516-VRYBW,,,growth,20.15,12,2022-07-24,2023-07-19,2023-12-16,1,12.5,0,1,,0,US,Telecommunications,,true,2024-01-15
2519-LBNQL,Telco-2519-LBNQL,,,growth,104.35,12,2019-02-10,2025-01-09,2024-01-15,15,75.0,0,5,,1,US,Telecommunications,,false,
8623-ULFNQ,Telco-8623-ULFNQ,,,starter,66.05,,2021-11-26,,2024-01-15,8,50.0,0,1,,1,US,Telecommunications,,false,
8380-PEFPE,Telco-8380-PEFPE,,,starter,71.65,,2023-12-16,,2023-12-16,4,12.5,0,0,,2,US,Telecommunications,,true,2024-01-15
5687-DKDTV,Telco-5687-DKDTV,,,starter,20.35,,2023-09-17,,2023-12-16,1,12.5,0,0,,1,US,Telecommunications,,true,2024-01-15
1568-LJSZU,Telco-1568-LJSZU,,,enterprise,92.2,24,2018-06-15,2024-05-14,2024-01-15,8,100.0,0,2,,0,US,Telecommunications,,false,
7530-HDYDS,Telco-7530-HDYDS,,,starter,84.25,,2020-12-01,,2023-12-16,4,50.0,0,1,,0,US,Telecommunications,,true,2024-01-15
7789-HKSBS,Telco-7789-HKSBS,,,growth,105.2,12,2020-08-03,2024-07-13,2024-01-15,15,75.0,0,3,,0,US,Telecommunications,,false,
7416-CKTEP,Telco-7416-CKTEP,,,enterprise,19.6,24,2019-05-11,2025-04-09,2024-01-15,3,12.5,0,4,,0,US,Telecommunications,,false,
2586-CWXVV,Telco-2586-CWXVV,,,starter,30.4,,2019-08-09,,2024-01-15,8,12.5,0,4,,1,US,Telecommunications,,false,
3096-IZETN,Telco-3096-IZETN,,,starter,78.1,,2023-01-20,,2023-12-16,4,25.0,0,1,,0,US,Telecommunications,,true,2024-01-15
2348-KCJLT,Telco-2348-KCJLT,,,growth,61.5,12,2020-06-04,2024-05-14,2024-01-15,8,50.0,0,3,,0,US,Telecommunications,,false,
8401-EMUWF,Telco-8401-EMUWF,,,starter,69.4,,2020-08-03,,2024-01-15,8,62.5,0,3,,0,US,Telecommunications,,false,
4193-IBKSW,Telco-4193-IBKSW,,,enterprise,24.75,24,2018-02-15,2026-01-04,2024-01-15,3,25.0,0,6,,0,US,Telecommunications,,false,
5377-NDTOU,Telco-5377-NDTOU,,,enterprise,91.05,24,2018-03-17,2024-02-14,2024-01-15,8,100.0,0,2,,0,US,Telecommunications,,false,
5922-ABDVO,Telco-5922-ABDVO,,,starter,89.65,,2022-06-24,,2023-12-16,4,50.0,0,1,,1,US,Telecommunications,,true,2024-01-15
2474-LCNUE,Telco-2474-LCNUE,,,starter,73.65,,2022-02-24,,2024-01-15,8,62.5,0,0,,0,US,Telecommunications,,false,
0839-QNXME,Telco-0839-QNXME,,,enterprise,19.4,24,2021-07-29,2025-07-08,2024-01-15,3,12.5,0,2,,0,US,Telecommunications,,false,
3506-OVLKD,Telco-3506-OVLKD,,,growth,26.2,12,2021-03-01,2024-02-14,2024-01-15,3,25.0,0,2,,0,US,Telecommunications,,false,
9172-ANCRX,Telco-9172-ANCRX,,,starter,98.7,,2023-03-21,,2023-12-16,4,62.5,0,0,,2,US,Telecommunications,,true,2024-01-15
6650-VJONK,Telco-6650-VJONK,,,starter,43.85,,2023-12-16,,2024-01-15,8,12.5,0,0,,0,US,Telecommunications,,false,
2178-PMGCJ,Telco-2178-PMGCJ,,,starter,69.7,,2022-03-26,,2024-01-15,15,12.5,0,1,,0,US,Telecommunications,,false,
7492-TAFJD,Telco-7492-TAFJD,,,enterprise,38.55,24,2023-06-19,2025-06-08,2024-01-15,8,37.5,0,0,,0,US,Telecommunications,,false,
2773-MADBQ,Telco-2773-MADBQ,,,enterprise,53.1,24,2021-01-30,2025-01-09,2024-01-15,8,62.5,0,1,,0,US,Telecommunications,,false,
6016-LVTJQ,Telco-6016-LVTJQ,,,starter,20.65,,2021-03-31,,2024-01-15,3,12.5,0,2,,0,US,Telecommunications,,false,
7860-KSUGX,Telco-7860-KSUGX,,,enterprise,64.45,24,2018-02-15,2026-01-04,2024-01-15,8,62.5,0,6,,0,US,Telecommunications,,false,
8966-KZXXA,Telco-8966-KZXXA,,,enterprise,25.1,24,2021-01-30,2025-01-09,2024-01-15,3,25.0,0,3,,0,US,Telecommunications,,false,
6910-HADCM,Telco-6910-HADCM,,,starter,76.35,,2023-12-16,,2023-12-16,4,25.0,0,0,,2,US,Telecommunications,,true,2024-01-15
4816-LXZYW,Telco-4816-LXZYW,,,starter,79.15,,2022-02-24,,2023-12-16,4,37.5,0,1,,2,US,Telecommunications,,true,2024-01-15
9606-PBKBQ,Telco-9606-PBKBQ,,,starter,85.0,,2021-05-30,,2023-12-16,4,37.5,0,2,,2,US,Telecommunications,,true,2024-01-15
5149-QYTTU,Telco-5149-QYTTU,,,growth,95.15,12,2018-03-17,2024-02-14,2024-01-15,15,75.0,0,2,,0,US,Telecommunications,,false,
2070-XYMFH,Telco-2070-XYMFH,,,starter,79.35,,2022-02-24,,2024-01-15,15,37.5,0,1,,0,US,Telecommunications,,false,
2085-BOJKI,Telco-2085-BOJKI,,,growth,96.65,12,2022-08-23,2024-08-12,2024-01-15,15,50.0,0,1,,0,US,Telecommunications,,false,
0817-HSUSE,Telco-0817-HSUSE,,,starter,75.5,,2023-12-16,,2024-01-15,8,62.5,0,0,,1,US,Telecommunications,,false,
5442-PPTJY,Telco-5442-PPTJY,,,enterprise,19.7,24,2023-01-20,2025-01-09,2024-01-15,3,12.5,0,1,,0,US,Telecommunications,,false,
1927-QEWMY,Telco-1927-QEWMY,,,enterprise,20.5,24,2018-02-15,2026-01-04,2024-01-15,3,12.5,0,6,,0,US,Telecommunications,,false,
1663-MHLHE,Telco-1663-MHLHE,,,starter,19.2,,2023-12-16,,2024-01-15,3,12.5,0,0,,0,US,Telecommunications,,false,
5663-QBGIS,Telco-5663-QBGIS,,,enterprise,98.35,24,2018-02-15,2026-01-04,2024-01-15,15,62.5,0,6,,0,US,Telecommunications,,false,
4450-MDZFX,Telco-4450-MDZFX,,,starter,74.35,,2019-02-10,,2024-01-15,15,25.0,0,5,,0,US,Telecommunications,,false,
6701-DHKWQ,Telco-6701-DHKWQ,,,enterprise,51.35,24,2019-01-11,2024-12-10,2024-01-15,8,50.0,0,2,,0,US,Telecommunications,,false,
7554-AKDQF,Telco-7554-AKDQF,,,starter,45.65,,2023-07-19,,2024-01-15,8,12.5,0,0,,0,US,Telecommunications,,false,
3536-IQCTX,Telco-3536-IQCTX,,,starter,85.3,,2021-05-30,,2023-12-16,4,37.5,0,2,,2,US,Telecommunications,,true,2024-01-15
4911-BANWH,Telco-4911-BANWH,,,starter,86.55,,2021-06-29,,2023-12-16,4,37.5,0,2,,0,US,Telecommunications,,true,2024-01-15
8496-EJAUI,Telco-8496-EJAUI,,,starter,73.85,,2022-06-24,,2023-12-16,4,25.0,0,1,,0,US,Telecommunications,,true,2024-01-15
0794-YVSGE,Telco-0794-YVSGE,,,enterprise,20.3,24,2018-02-15,2026-01-04,2024-01-15,3,12.5,0,6,,0,US,Telecommunications,,false,
5423-BHIXO,Telco-5423-BHIXO,,,starter,54.2,,2021-05-30,,2024-01-15,8,37.5,0,2,,1,US,Telecommunications,,false,
6908-VVYHM,Telco-6908-VVYHM,,,starter,90.65,,2018-09-13,,2024-01-15,15,50.0,0,5,,1,US,Telecommunications,,false,
2959-EEXWB,Telco-2959-EEXWB,,,starter,50.9,,2020-05-05,,2024-01-15,8,37.5,0,3,,0,US,Telecommunications,,false,
1839-UMACK,Telco-1839-UMACK,,,growth,25.05,12,2020-08-03,2024-07-13,2024-01-15,3,25.0,0,3,,1,US,Telecommunications,,false,
3030-YDNRM,Telco-3030-YDNRM,,,starter,74.85,,2023-05-20,,2024-01-15,15,25.0,0,0,,1,US,Telecommunications,,false,
7321-KKSDU,Telco-7321-KKSDU,,,enterprise,20.5,24,2021-05-30,2025-05-09,2024-01-15,3,12.5,0,2,,0,US,Telecommunications,,false,
3402-XRIUO,Telco-3402-XRIUO,,,starter,63.55,,2022-03-26,,2024-01-15,8,62.5,0,0,,0,US,Telecommunications,,false,
3132-TVFDZ,Telco-3132-TVFDZ,,,starter,44.85,,2019-05-11,,2023-12-16,2,25.0,0,4,,2,US,Telecommunications,,true,2024-01-15
8286-AFUYI,Telco-8286-AFUYI,,,starter,47.95,,2023-12-16,,2024-01-15,8,25.0,0,0,,1,US,Telecommunications,,false,
8080-DDEMJ,Telco-8080-DDEMJ,,,starter,45.1,,2023-12-16,,2023-12-16,2,12.5,0,0,,2,US,Telecommunications,,true,2024-01-15
8356-WUAOJ,Telco-8356-WUAOJ,,,starter,45.0,,2023-12-16,,2024-01-15,8,12.5,0,0,,1,US,Telecommunications,,false,
6365-MTGZX,Telco-6365-MTGZX,,,starter,96.0,,2022-01-25,,2023-12-16,4,50.0,0,1,,2,US,Telecommunications,,true,2024-01-15
1349-WXNGG,Telco-1349-WXNGG,,,starter,20.05,,2023-12-16,,2023-12-16,1,12.5,0,0,,0,US,Telecommunications,,true,2024-01-15
8058-DMYRU,Telco-8058-DMYRU,,,starter,90.05,,2019-08-09,,2024-01-15,15,50.0,0,4,,1,US,Telecommunications,,false,
9350-ZXYJC,Telco-9350-ZXYJC,,,enterprise,25.3,24,2023-09-17,2025-09-06,2024-01-15,3,25.0,0,0,,0,US,Telecommunications,,false,
6990-YNRIO,Telco-6990-YNRIO,,,enterprise,108.65,24,2018-09-13,2020-09-02,2023-12-16,4,87.5,0,2,,0,US,Telecommunications,,true,2024-01-15
8958-JPTRR,Telco-8958-JPTRR,,,growth,24.3,12,2019-06-10,2024-05-14,2024-01-15,3,25.0,0,4,,1,US,Telecommunications,,false,
6959-GQEGV,Telco-6959-GQEGV,,,starter,75.95,,2020-05-05,,2024-01-15,8,62.5,0,3,,1,US,Telecommunications,,false,
3173-WSSUE,Telco-3173-WSSUE,,,enterprise,19.7,24,2018-03-17,2024-02-14,2024-01-15,3,12.5,0,5,,0,US,Telecommunications,,false,
1265-HVPZB,Telco-1265-HVPZB,,,growth,66.4,12,2019-03-12,2024-02-14,2024-01-15,8,62.5,0,4,,0,US,Telecommunications,,false,
4115-UMJFQ,Telco-4115-UMJFQ,,,growth,35.75,12,2018-05-16,2024-04-14,2024-01-15,8,25.0,0,5,,0,US,Telecommunications,,false,
7369-TRPFD,Telco-7369-TRPFD,,,growth,18.8,12,2022-06-24,2024-06-13,2024-01-15,3,12.5,0,1,,0,US,Telecommunications,,false,
1098-KFQEC,Telco-1098-KFQEC,,,enterprise,19.4,24,2019-07-10,2025-06-08,2024-01-15,3,12.5,0,4,,0,US,Telecommunications,,false,
7190-XHTWJ,Telco-7190-XHTWJ,,,growth,19.3,12,2020-12-01,2024-11-10,2024-01-15,3,12.5,0,3,,0,US,Telecommunications,,false,
0621-TWIEM,Telco-0621-TWIEM,,,starter,45.55,,2023-03-21,,2023-12-16,2,12.5,0,0,,2,US,Telecommunications,,true,2024-01-15
3537-RYBHH,Telco-3537-RYBHH,,,starter,67.45,,2020-03-06,,2024-01-15,8,62.5,0,3,,0,US,Telecommunications,,false,
2485-ITVKB,Telco-2485-ITVKB,,,starter,35.1,,2023-11-16,,2023-12-16,2,12.5,0,0,,2,US,Telecommunications,,true,2024-01-15
3669-OYSJI,Telco-3669-OYSJI,,,starter,46.2,,2023-12-16,,2023-12-16,2,12.5,0,0,,0,US,Telecommunications,,true,2024-01-15
1612-EOHDH,Telco-1612-EOHDH,,,starter,45.15,,2023-12-16,,2023-12-16,2,12.5,0,0,,2,US,Telecommunications,,true,2024-01-15
6702-OHFWR,Telco-6702-OHFWR,,,starter,43.3,,2023-12-16,,2023-12-16,2,37.5,0,0,,2,US,Telecommunications,,true,2024-01-15
5296-BFCYD,Telco-5296-BFCYD,,,enterprise,20.1,24,2020-04-05,2024-03-15,2024-01-15,3,12.5,0,3,,0,US,Telecommunications,,false,
4510-PYUSH,Telco-4510-PYUSH,,,starter,57.15,,2020-12-01,,2023-12-16,2,37.5,0,3,,0,US,Telecommunications,,true,2024-01-15
9359-JANWS,Telco-9359-JANWS,,,enterprise,58.9,24,2018-09-13,2024-08-12,2024-01-15,8,50.0,0,2,,0,US,Telecommunications,,false,
7517-SAWMO,Telco-7517-SAWMO,,,starter,73.2,,2022-06-24,,2023-12-16,4,25.0,0,1,,2,US,Telecommunications,,true,2024-01-15
4143-HHPMK,Telco-4143-HHPMK,,,starter,85.35,,2019-10-08,,2023-12-16,4,37.5,0,4,,2,US,Telecommunications,,true,2024-01-15
3279-DYZQM,Telco-3279-DYZQM,,,enterprise,19.45,24,2018-03-17,2024-02-14,2024-01-15,3,12.5,0,5,,0,US,Telecommunications,,false,
7054-LGEQW,Telco-7054-LGEQW,,,starter,45.95,,2023-12-16,,2023-12-16,2,12.5,0,0,,1,US,Telecommunications,,true,2024-01-15
0523-VNGTF,Telco-0523-VNGTF,,,starter,50.5,,2019-10-08,,2024-01-15,8,50.0,0,2,,1,US,Telecommunications,,false,
9575-IWCAZ,Telco-9575-IWCAZ,,,growth,25.1,12,2023-07-19,2024-07-13,2024-01-15,3,25.0,0,0,,0,US,Telecommunications,,false,
7105-MXJLL,Telco-7105-MXJLL,,,growth,60.7,12,2021-11-26,2024-11-10,2024-01-15,8,37.5,0,2,,0,US,Telecommunications,,false,
7064-FRRSW,Telco-7064-FRRSW,,,growth,99.0,12,2020-02-05,2025-01-09,2024-01-15,15,62.5,0,4,,1,US,Telecommunications,,false,
7940-UQQUG,Telco-7940-UQQUG,,,growth,104.4,12,2018-10-13,2024-09-11,2024-01-15,15,75.0,0,2,,0,US,Telecommunications,,false,
0923-PNFUB,Telco-0923-PNFUB,,,starter,83.75,,2023-10-17,,2023-12-16,4,37.5,0,0,,2,US,Telecommunications,,true,2024-01-15
3961-SXAXY,Telco-3961-SXAXY,,,starter,44.05,,2023-12-16,,2024-01-15,8,12.5,0,0,,0,US,Telecommunications,,false,
7010-BRBUU,Telco-7010-BRBUU,,,enterprise,24.1,24,2018-02-15,2026-01-04,2024-01-15,3,25.0,0,6,,0,US,Telecommunications,,false,
3566-HJGPK,Telco-3566-HJGPK,,,starter,45.55,,2023-12-16,,2024-01-15,8,12.5,0,0,,0,US,Telecommunications,,false,
3062-ICYZQ,Telco-3062-ICYZQ,,,starter,93.8,,2019-11-07,,2024-01-15,15,62.5,0,4,,1,US,Telecommunications,,false,
9938-PRCVK,Telco-9938-PRCVK,,,enterprise,19.7,24,2020-09-02,2024-08-12,2024-01-15,3,12.5,0,3,,0,US,Telecommunications,,false,
0973-KYVNF,Telco-0973-KYVNF,,,enterprise,70.65,24,2018-02-15,2026-01-04,2024-01-15,8,62.5,0,6,,0,US,Telecommunications,,false,
5129-HHMZC,Telco-5129-HHMZC,,,enterprise,86.45,24,2020-07-04,2024-06-13,2024-01-15,8,87.5,0,1,,0,US,Telecommunications,,false,
9637-CDTKZ,Telco-9637-CDTKZ,,,enterprise,114.1,24,2018-02-15,2026-01-04,2024-01-15,15,100.0,0,3,,0,US,Telecommunications,,false,
3946-JEWRQ,Telco-3946-JEWRQ,,,growth,95.2,12,2020-03-06,2024-02-14,2024-01-15,15,50.0,0,3,,0,US,Telecommunications,,false,
7873-CVMAW,Telco-7873-CVMAW,,,enterprise,88.55,24,2018-02-15,2026-01-04,2024-01-15,8,100.0,0,3,,0,US,Telecommunications,,false,
0463-WZZKO,Telco-0463-WZZKO,,,starter,20.75,,2023-10-17,,2024-01-15,3,12.5,0,0,,0,US,Telecommunications,,false,
3494-JCHRQ,Telco-3494-JCHRQ,,,starter,70.05,,2023-12-16,,2023-12-16,4,12.5,0,0,,2,US,Telecommunications,,true,2024-01-15
6474-FVJLC,Telco-6474-FVJLC,,,starter,86.0,,2023-11-16,,2023-12-16,4,37.5,0,0,,2,US,Telecommunications,,true,2024-01-15
4524-QCSSM,Telco-4524-QCSSM,,,starter,44.65,,2021-11-26,,2024-01-15,8,37.5,0,2,,0,US,Telecommunications,,false,
5832-EXGTT,Telco-5832-EXGTT,,,starter,60.2,,2021-08-28,,2024-01-15,8,37.5,0,2,,0,US,Telecommunications,,false,
8840-DQLGN,Telco-8840-DQLGN,,,starter,100.5,,2021-03-01,,2023-12-16,4,75.0,0,1,,0,US,Telecommunications,,true,2024-01-15
2039-JONDJ,Telco-2039-JONDJ,,,growth,55.45,12,2021-10-27,2024-10-11,2024-01-15,8,37.5,0,2,,0,US,Telecommunications,,false,
7217-JYHOQ,Telco-7217-JYHOQ,,,starter,70.3,,2022-01-25,,2024-01-15,8,62.5,0,1,,0,US,Telecommunications,,false,
6695-FRVEC,Telco-6695-FRVEC,,,enterprise,60.4,24,2018-07-15,2024-06-13,2024-01-15,8,50.0,0,2,,0,US,Telecommunications,,false,
4547-LYTDD,Telco-4547-LYTDD,,,starter,72.65,,2022-09-22,,2023-12-16,4,25.0,0,1,,2,US,Telecommunications,,true,2024-01-15
9894-QMIMJ,Telco-9894-QMIMJ,,,growth,55.8,12,2022-02-24,2024-02-14,2024-01-15,8,37.5,0,1,,0,US,Telecommunications,,false,
8069-YQQAJ,Telco-8069-YQQAJ,,,starter,31.1,,2022-11-21,,2024-01-15,8,12.5,0,1,,0,US,Telecommunications,,false,
6770-XUAGN,Telco-6770-XUAGN,,,starter,21.0,,2023-12-16,,2023-12-16,1,12.5,0,0,,2,US,Telecommunications,,true,2024-01-15
4193-ORFCL,Telco-4193-ORFCL,,,starter,45.1,,2023-12-16,,2023-12-16,2,12.5,0,0,,1,US,Telecommunications,,true,2024-01-15
1636-NTNCO,Telco-1636-NTNCO,,,starter,50.95,,2023-09-17,,2024-01-15,8,37.5,0,0,,0,US,Telecommunications,,false,
3466-WAESX,Telco-3466-WAESX,,,starter,69.1,,2022-09-22,,2024-01-15,8,62.5,0,1,,1,US,Telecommunications,,false,
9281-PKKZE,Telco-9281-PKKZE,,,starter,43.95,,2020-04-05,,2024-01-15,8,25.0,0,3,,1,US,Telecommunications,,false,
3638-VBZTA,Telco-3638-VBZTA,,,enterprise,86.5,24,2018-06-15,2024-05-14,2024-01-15,8,87.5,0,2,,0,US,Telecommunications,,false,
7459-IMVYU,Telco-7459-IMVYU,,,starter,69.95,,2020-12-01,,2024-01-15,8,75.0,0,1,,1,US,Telecommunications,,false,
7776-QWNFX,Telco-7776-QWNFX,,,starter,50.4,,2021-07-29,,2023-12-16,2,25.0,0,2,,0,US,Telecommunications,,true,2024-01-15
6689-TCZHQ,Telco-6689-TCZHQ,,,starter,78.95,,2023-08-18,,2023-12-16,4,25.0,0,0,,2,US,Telecommunications,,true,2024-01-15
8563-OYMQY,Telco-8563-OYMQY,,,starter,90.95,,2022-08-23,,2024-01-15,15,50.0,0,1,,0,US,Telecommunications,,false,
0754-EEBDC,Telco-0754-EEBDC,,,enterprise,19.9,24,2023-09-17,2025-09-06,2024-01-15,3,12.5,0,0,,0,US,Telecommunications,,false,
5777-ZPQNC,Telco-5777-ZPQNC,,,growth,20.15,12,2023-01-20,2025-01-09,2024-01-15,3,12.5,0,1,,1,US,Telecommunications,,false,
1951-IEYXM,Telco-1951-IEYXM,,,enterprise,90.6,24,2018-02-15,2026-01-04,2024-01-15,8,100.0,0,3,,0,US,Telecommunications,,false,
3318-NMQXL,Telco-3318-NMQXL,,,starter,92.0,,2023-10-17,,2024-01-15,15,37.5,0,0,,1,US,Telecommunications,,false,
3143-ILDAL,Telco-3143-ILDAL,,,starter,94.45,,2019-06-10,,2023-12-16,4,62.5,0,2,,2,US,Telecommunications,,true,2024-01-15
1022-RKXDR,Telco-1022-RKXDR,,,growth,24.85,12,2020-09-02,2024-08-12,2024-01-15,3,25.0,0,3,,0,US,Telecommunications,,false,
2361-FJWNO,Telco-2361-FJWNO,,,growth,36.0,12,2020-10-02,2024-09-11,2024-01-15,8,25.0,0,1,,0,US,Telecommunications,,false,
2272-UOINI,Telco-2272-UOINI,,,starter,78.5,,2023-06-19,,2024-01-15,8,75.0,0,0,,1,US,Telecommunications,,false,
8232-UTFOZ,Telco-8232-UTFOZ,,,enterprise,19.95,24,2018-05-16,2024-04-14,2024-01-15,3,12.5,0,5,,0,US,Telecommunications,,false,
3750-YHRYO,Telco-3750-YHRYO,,,growth,20.65,12,2023-06-19,2024-06-13,2024-01-15,3,12.5,0,0,,0,US,Telecommunications,,false,
6637-KYRCV,Telco-6637-KYRCV,,,starter,30.5,,2023-08-18,,2024-01-15,8,12.5,0,0,,1,US,Telecommunications,,false,
5668-MEISB,Telco-5668-MEISB,,,enterprise,106.1,24,2018-02-15,2026-01-04,2024-01-15,15,87.5,0,3,,0,US,Telecommunications,,false,
0129-QMPDR,Telco-0129-QMPDR,,,growth,20.5,12,2020-06-04,2024-05-14,2024-01-15,3,12.5,0,3,,0,US,Telecommunications,,false,
7188-CBBBA,Telco-7188-CBBBA,,,growth,95.5,12,2018-09-13,2024-08-12,2024-01-15,15,62.5,0,5,,1,US,Telecommunications,,false,
5356-CSVSQ,Telco-5356-CSVSQ,,,starter,64.6,,2023-10-17,,2024-01-15,8,50.0,0,0,,1,US,Telecommunications,,false,
3221-CJMSG,Telco-3221-CJMSG,,,starter,51.1,,2022-01-25,,2024-01-15,8,25.0,0,1,,0,US,Telecommunications,,false,
4720-VSTSI,Telco-4720-VSTSI,,,starter,84.8,,2020-06-04,,2023-12-16,4,50.0,0,3,,0,US,Telecommunications,,true,2024-01-15
3219-JQRSL,Telco-3219-JQRSL,,,enterprise,89.1,24,2018-02-15,2026-01-04,2024-01-15,8,100.0,0,3,,0,US,Telecommunications,,false,
2801-NISEI,Telco-2801-NISEI,,,starter,54.95,,2022-01-25,,2024-01-15,8,37.5,0,1,,1,US,Telecommunications,,false,
3946-MHCZW,Telco-3946-MHCZW,,,starter,50.9,,2023-12-16,,2023-12-16,2,25.0,0,0,,1,US,Telecommunications,,true,2024-01-15
4623-ZKHLY,Telco-4623-ZKHLY,,,starter,20.45,,2022-03-26,,2024-01-15,3,12.5,0,1,,0,US,Telecommunications,,false,
6732-VAILE,Telco-6732-VAILE,,,enterprise,85.95,24,2018-04-16,2024-03-15,2024-01-15,8,87.5,0,2,,0,US,Telecommunications,,false,
8201-AAXCB,Telco-8201-AAXCB,,,starter,60.35,,2021-12-26,,2024-01-15,8,37.5,0,2,,1,US,Telecommunications,,false,
7696-CFTAT,Telco-7696-CFTAT,,,enterprise,19.8,24,2020-12-31,2024-12-10,2024-01-15,3,12.5,0,3,,0,US,Telecommunications,,false,
1845-CSBRZ,Telco-1845-CSBRZ,,,starter,85.35,,2022-03-26,,2024-01-15,15,37.5,0,1,,0,US,Telecommunications,,false,
2123-VSCOT,Telco-2123-VSCOT,,,enterprise,72.1,24,2019-03-12,2025-02-08,2024-01-15,8,62.5,0,2,,0,US,Telecommunications,,false,
6651-AZVTJ,Telco-6651-AZVTJ,,,starter,99.8,,2020-01-06,,2023-12-16,4,62.5,0,4,,2,US,Telecommunications,,true,2024-01-15
4566-GOLUK,Telco-4566-GOLUK,,,starter,107.35,,2020-03-06,,2023-12-16,4,75.0,0,1,,0,US,Telecommunications,,true,2024-01-15
2484-DGXPZ,Telco-2484-DGXPZ,,,starter,19.55,,2021-06-29,,2023-12-16,1,12.5,0,2,,1,US,Telecommunications,,true,2024-01-15
2018-QKYGT,Telco-2018-QKYGT,,,starter,81.05,,2023-12-16,,2024-01-15,15,25.0,0,0,,1,US,Telecommunications,,false,
2792-VPPET,Telco-2792-VPPET,,,starter,20.5,,2023-10-17,,2024-01-15,3,12.5,0,0,,1,US,Telecommunications,,false,
7409-JURKQ,Telco-7409-JURKQ,,,growth,111.8,12,2019-09-08,2024-08-12,2024-01-15,15,87.5,0,2,,0,US,Telecommunications,,false,
3247-MHJKM,Telco-3247-MHJKM,,,starter,20.2,,2023-12-16,,2024-01-15,3,12.5,0,0,,0,US,Telecommunications,,false,
1964-SVLEA,Telco-1964-SVLEA,,,growth,19.7,12,2022-05-25,2024-05-14,2024-01-15,3,12.5,0,1,,0,US,Telecommunications,,false,
4587-NUKOX,Telco-4587-NUKOX,,,starter,79.1,,2023-10-17,,2023-12-16,4,37.5,0,0,,2,US,Telecommunications,,true,2024-01-15
7297-DVYGA,Telco-7297-DVYGA,,,growth,19.85,12,2019-11-07,2024-10-11,2024-01-15,3,12.5,0,4,,0,US,Telecommunications,,false,
2239-CGBUZ,Telco-2239-CGBUZ,,,growth,60.5,12,2019-11-07,2024-10-11,2024-01-15,8,50.0,0,2,,0,US,Telecommunications,,false,
0854-UYHZD,Telco-0854-UYHZD,,,enterprise,19.55,24,2022-12-21,2024-12-10,2024-01-15,3,12.5,0,1,,0,US,Telecommunications,,false,
7243-LCGGZ,Telco-7243-LCGGZ,,,starter,20.9,,2023-12-16,,2024-01-15,3,12.5,0,0,,0,US,Telecommunications,,false,
8267-KFGYD,Telco-8267-KFGYD,,,starter,21.05,,2023-12-16,,2024-01-15,3,12.5,0,0,,0,US,Telecommunications,,false,
4890-VMUAV,Telco-4890-VMUAV,,,growth,71.5,12,2018-11-12,2024-10-11,2024-01-15,8,75.0,0,2,,1,US,Telecommunications,,false,
9261-WDCAF,Telco-9261-WDCAF,,,starter,54.65,,2023-10-17,,2024-01-15,8,25.0,0,0,,0,US,Telecommunications,,false,
3764-MNMOI,Telco-3764-MNMOI,,,enterprise,19.2,24,2020-04-05,2024-03-15,2024-01-15,3,12.5,0,3,,0,US,Telecommunications,,false,
7442-YGZFK,Telco-7442-YGZFK,,,starter,49.8,,2023-12-16,,2024-01-15,8,25.0,0,0,,0,US,Telecommunications,,false,
0420-BWTPW,Telco-0420-BWTPW,,,starter,25.5,,2023-05-20,,2023-12-16,2,0.0,0,0,,1,US,Telecommunications,,true,2024-01-15
8229-BUJHX,Telco-8229-BUJHX,,,enterprise,20.5,24,2018-03-17,2024-02-14,2024-01-15,3,12.5,0,5,,0,US,Telecommunications,,false,
7449-HVPIV,Telco-7449-HVPIV,,,starter,90.4,,2019-07-10,,2024-01-15,15,50.0,0,4,,0,US,Telecommunications,,false,
5504-WSIUR,Telco-5504-WSIUR,,,growth,90.25,12,2018-04-16,2024-03-15,2024-01-15,15,62.5,0,2,,0,US,Telecommunications,,false,
8183-ONMXC,Telco-8183-ONMXC,,,starter,80.75,,2023-11-16,,2023-12-16,4,25.0,0,0,,2,US,Telecommunications,,true,2024-01-15
8466-PZBLH,Telco-8466-PZBLH,,,enterprise,104.6,24,2018-07-15,2024-06-13,2024-01-15,15,75.0,0,2,,0,US,Telecommunications,,false,
9614-RMGHA,Telco-9614-RMGHA,,,starter,91.85,,2018-09-13,,2023-12-16,4,50.0,0,5,,0,US,Telecommunications,,true,2024-01-15
8735-IJJEG,Telco-8735-IJJEG,,,starter,50.2,,2022-11-21,,2024-01-15,8,25.0,0,1,,0,US,Telecommunications,,false,
0564-MUUQK,Telco-0564-MUUQK,,,starter,95.5,,2022-05-25,,2024-01-15,15,62.5,0,0,,0,US,Telecommunications,,false,
5054-IEXZT,Telco-5054-IEXZT,,,starter,75.35,,2023-12-16,,2023-12-16,4,25.0,0,0,,2,US,Telecommunications,,true,2024-01-15
5834-ASPWA,Telco-5834-ASPWA,,,starter,75.45,,2023-12-16,,2023-12-16,4,25.0,0,0,,2,US,Telecommunications,,true,2024-01-15
0701-RFGFI,Telco-0701-RFGFI,,,starter,95.4,,2020-01-06,,2024-01-15,15,50.0,0,4,,0,US,Telecommunications,,false,
0019-EFAEP,Telco-0019-EFAEP,,,enterprise,101.3,24,2018-02-15,2026-01-04,2024-01-15,15,75.0,0,6,,0,US,Telecommunications,,false,
5619-PTMIK,Telco-5619-PTMIK,,,starter,53.1,,2020-04-05,,2024-01-15,8,37.5,0,3,,1,US,Telecommunications,,false,
3737-XBQDD,Telco-3737-XBQDD,,,starter,84.85,,2022-01-25,,2024-01-15,15,50.0,0,2,,0,US,Telecommunications,,false,
5882-CMAZQ,Telco-5882-CMAZQ,,,starter,34.25,,2023-08-18,,2024-01-15,8,25.0,0,0,,1,US,Telecommunications,,false,
5846-QFDFI,Telco-5846-QFDFI,,,starter,88.6,,2021-04-30,,2024-01-15,15,62.5,0,1,,0,US,Telecommunications,,false,
4445-KWOKW,Telco-4445-KWOKW,,,growth,60.15,12,2020-08-03,2024-07-13,2024-01-15,8,50.0,0,3,,0,US,Telecommunications,,false,
3511-APPBJ,Telco-3511-APPBJ,,,growth,99.95,12,2022-02-24,2024-02-14,2024-01-15,15,62.5,0,1,,0,US,Telecommunications,,false,
7967-HYCDE,Telco-7967-HYCDE,,,starter,70.7,,2023-05-20,,2024-01-15,15,12.5,0,0,,0,US,Telecommunications,,false,
2430-RRYUW,Telco-2430-RRYUW,,,growth,54.8,12,2018-08-14,2024-07-13,2024-01-15,8,37.5,0,5,,0,US,Telecommunications,,false,
3948-XHGNA,Telco-3948-XHGNA,,,starter,49.55,,2022-01-25,,2023-12-16,2,25.0,0,2,,0,US,Telecommunications,,true,2024-01-15
3723-BFBGR,Telco-3723-BFBGR,,,starter,54.8,,2022-01-25,,2024-01-15,8,37.5,0,2,,0,US,Telecommunications,,false,
0565-IYCGT,Telco-0565-IYCGT,,,growth,78.6,12,2018-05-16,2019-05-11,2023-12-16,2,87.5,0,2,,0,US,Telecommunications,,true,2024-01-15
5447-WZAFP,Telco-5447-WZAFP,,,growth,100.3,12,2019-09-08,2024-08-12,2024-01-15,15,62.5,0,4,,0,US,Telecommunications,,false,
5110-CHOPY,Telco-5110-CHOPY,,,enterprise,53.6,24,2019-02-10,2025-01-09,2024-01-15,8,50.0,0,5,,1,US,Telecommunications,,false,
5445-UTODQ,Telco-5445-UTODQ,,,starter,81.1,,2023-06-19,,2023-12-16,4,25.0,0,0,,2,US,Telecommunications,,true,2024-01-15
4425-OWHWB,Telco-4425-OWHWB,,,growth,19.35,12,2022-05-25,2024-05-14,2024-01-15,3,12.5,0,1,,0,US,Telecommunications,,false,
7892-QVYKW,Telco-7892-QVYKW,,,starter,85.6,,2022-02-24,,2024-01-15,15,37.5,0,1,,1,US,Telecommunications,,false,
9675-ICXCT,Telco-9675-ICXCT,,,enterprise,80.8,24,2018-02-15,2026-01-04,2024-01-15,8,75.0,0,3,,1,US,Telecommunications,,false,
1024-VRZHF,Telco-1024-VRZHF,,,starter,74.95,,2023-02-19,,2023-12-16,4,25.0,0,0,,2,US,Telecommunications,,true,2024-01-15
4703-MQYKT,Telco-4703-MQYKT,,,enterprise,19.6,24,2022-04-25,2024-04-14,2024-01-15,3,12.5,0,1,,0,US,Telecommunications,,false,
9497-QCMMS,Telco-9497-QCMMS,,,starter,93.55,,2023-12-16,,2023-12-16,4,50.0,0,0,,2,US,Telecommunications,,true,2024-01-15
5692-ICXLW,Telco-5692-ICXLW,,,starter,90.7,,2021-06-29,,2024-01-15,15,50.0,0,2,,1,US,Telecommunications,,false,
0602-DDUML,Telco-0602-DDUML,,,enterprise,69.75,24,2019-05-11,2025-04-09,2024-01-15,8,62.5,0,2,,0,US,Telecommunications,,false,
2208-MPXIO,Telco-2208-MPXIO,,,enterprise,20.0,24,2020-05-05,2024-04-14,2024-01-15,3,12.5,0,3,,0,US,Telecommunications,,false,
1960-UYCNN,Telco-1960-UYCNN,,,starter,95.25,,2023-03-21,,2024-01-15,15,62.5,0,0,,1,US,Telecommunications,,false,
0348-SDKOL,Telco-0348-SDKOL,,,starter,102.1,,2019-04-11,,2023-12-16,4,75.0,0,2,,0,US,Telecommunications,,true,2024-01-15
3190-FZATL,Telco-3190-FZATL,,,starter,19.95,,2022-11-21,,2024-01-15,3,12.5,0,1,,0,US,Telecommunications,,false,
7336-RLLRH,Telco-7336-RLLRH,,,growth,80.85,12,2021-10-27,2024-10-11,2024-01-15,8,75.0,0,1,,0,US,Telecommunications,,false,
4373-MAVJG,Telco-4373-MAVJG,,,starter,90.9,,2022-11-21,,2023-12-16,4,50.0,0,1,,0,US,Telecommunications,,true,2024-01-15
8901-HJXTF,Telco-8901-HJXTF,,,starter,29.2,,2023-01-20,,2023-12-16,2,12.5,0,1,,1,US,Telecommunications,,true,2024-01-15
7710-JSYOA,Telco-7710-JSYOA,,,enterprise,93.3,24,2018-05-16,2024-04-14,2024-01-15,15,62.5,0,2,,0,US,Telecommunications,,false,
5419-KLXBN,Telco-5419-KLXBN,,,starter,89.15,,2021-12-26,,2023-12-16,4,50.0,0,2,,0,US,Telecommunications,,true,2024-01-15
3424-NMNBO,Telco-3424-NMNBO,,,growth,108.85,12,2019-04-11,2020-04-05,2023-12-16,4,87.5,0,4,,2,US,Telecommunications,,true,2024-01-15
9885-MFVSU,Telco-9885-MFVSU,,,enterprise,46.35,24,2021-03-01,2025-02-08,2024-01-15,8,37.5,0,1,,0,US,Telecommunications,,false,
4514-GFCFI,Telco-4514-GFCFI,,,starter,84.75,,2022-09-22,,2023-12-16,4,37.5,0,1,,2,US,Telecommunications,,true,2024-01-15
0607-MVMGC,Telco-0607-MVMGC,,,growth,78.75,12,2020-05-05,2024-04-14,2024-01-15,8,75.0,0,3,,0,US,Telecommunications,,false,
3365-SAIGS,Telco-3365-SAIGS,,,starter,83.55,,2022-08-23,,2024-01-15,15,37.5,0,1,,1,US,Telecommunications,,false,
9828-AOQLM,Telco-9828-AOQLM,,,starter,45.7,,2023-12-16,,2023-12-16,2,12.5,0,0,,2,US,Telecommunications,,true,2024-01-15
8022-BECSI,Telco-8022-BECSI,,,growth,19.6,12,2022-03-26,2024-03-15,2024-01-15,3,12.5,0,1,,0,US,Telecommunications,,false,
8000-REIQB,Telco-8000-REIQB,,,starter,69.95,,2023-12-16,,2023-12-16,4,12.5,0,0,,2,US,Telecommunications,,true,2024-01-15
9993-LHIEB,Telco-9993-LHIEB,,,enterprise,67.85,24,2018-07-15,2024-06-13,2024-01-15,8,62.5,0,2,,0,US,Telecommunications,,false,
0266-CLZKZ,Telco-0266-CLZKZ,,,enterprise,105.65,24,2018-07-15,2024-06-13,2024-01-15,15,75.0,0,2,,0,US,Telecommunications,,false,
7615-ESMYF,Telco-7615-ESMYF,,,starter,44.6,,2023-11-16,,2023-12-16,2,25.0,0,0,,2,US,Telecommunications,,true,2024-01-15
3858-VOBET,Telco-3858-VOBET,,,starter,74.95,,2022-02-24,,2023-12-16,4,25.0,0,1,,2,US,Telecommunications,,true,2024-01-15
7020-OZKXZ,Telco-7020-OZKXZ,,,starter,75.5,,2023-04-20,,2024-01-15,15,25.0,0,0,,0,US,Telecommunications,,false,
3977-QCRSL,Telco-3977-QCRSL,,,starter,20.15,,2023-08-18,,2024-01-15,3,12.5,0,0,,0,US,Telecommunications,,false,
0017-DINOC,Telco-0017-DINOC,,,enterprise,45.2,24,2019-08-09,2025-07-08,2024-01-15,8,37.5,0,2,,0,US,Telecommunications,,false,
1447-PJGGA,Telco-1447-PJGGA,,,enterprise,95.25,24,2019-05-11,2021-04-30,2023-12-16,4,50.0,0,4,,2,US,Telecommunications,,true,2024-01-15
8565-CLBZW,Telco-8565-CLBZW,,,starter,89.85,,2022-01-25,,2023-12-16,4,50.0,0,2,,1,US,Telecommunications,,true,2024-01-15
9139-WQQDY,Telco-9139-WQQDY,,,growth,100.45,12,2020-01-06,2020-12-31,2023-12-16,4,62.5,0,4,,1,US,Telecommunications,,true,2024-01-15
0224-HJAPT,Telco-0224-HJAPT,,,starter,47.15,,2023-08-18,,2023-12-16,2,25.0,0,0,,2,US,Telecommunications,,true,2024-01-15
8086-OVPWV,Telco-8086-OVPWV,,,starter,80.2,,2023-11-16,,2023-12-16,4,25.0,0,0,,2,US,Telecommunications,,true,2024-01-15
9430-FRQOC,Telco-9430-FRQOC,,,starter,87.1,,2023-09-17,,2023-12-16,4,50.0,0,0,,1,US,Telecommunications,,true,2024-01-15
7639-OPLNG,Telco-7639-OPLNG,,,enterprise,79.25,24,2018-04-16,2024-03-15,2024-01-15,8,87.5,0,2,,0,US,Telecommunications,,false,
3074-GQWYX,Telco-3074-GQWYX,,,starter,75.9,,2023-08-18,,2023-12-16,4,25.0,0,0,,0,US,Telecommunications,,true,2024-01-15
1492-QGCLU,Telco-1492-QGCLU,,,starter,85.7,,2019-09-08,,2024-01-15,8,87.5,0,2,,1,US,Telecommunications,,false,
6845-RGTYS,Telco-6845-RGTYS,,,starter,98.75,,2020-03-06,,2023-12-16,4,75.0,0,3,,2,US,Telecommunications,,true,2024-01-15
7328-OWMOM,Telco-7328-OWMOM,,,growth,20.1,12,2021-06-29,2024-06-13,2024-01-15,3,12.5,0,2,,0,US,Telecommunications,,false,
4418-LZMSV,Telco-4418-LZMSV,,,starter,61.8,,2022-12-21,,2024-01-15,8,50.0,0,0,,0,US,Telecommunications,,false,
5155-AZQPB,Telco-5155-AZQPB,,,starter,49.9,,2021-09-27,,2024-01-15,8,25.0,0,2,,0,US,Telecommunications,,false,
8861-HGGKB,Telco-8861-HGGKB,,,starter,86.45,,2023-03-21,,2023-12-16,4,37.5,0,0,,2,US,Telecommunications,,true,2024-01-15
1087-GRUYI,Telco-1087-GRUYI,,,enterprise,20.4,24,2020-12-01,2024-11-10,2024-01-15,3,12.5,0,3,,0,US,Telecommunications,,false,
7065-YUNRY,Telco-7065-YUNRY,,,starter,45.3,,2023-12-16,,2023-12-16,2,12.5,0,0,,1,US,Telecommunications,,true,2024-01-15
7694-VLBWQ,Telco-7694-VLBWQ,,,growth,104.1,12,2018-07-15,2019-07-10,2023-12-16,4,75.0,0,5,,2,US,Telecommunications,,true,2024-01-15
2546-KZAAT,Telco-2546-KZAAT,,,growth,75.4,12,2019-10-08,2024-09-11,2024-01-15,8,62.5,0,4,,0,US,Telecommunications,,false,
0181-RITDD,Telco-0181-RITDD,,,enterprise,108.15,24,2018-12-12,2024-11-10,2024-01-15,15,87.5,0,2,,0,US,Telecommunications,,false,
5989-PGKJB,Telco-5989-PGKJB,,,starter,86.25,,2022-09-22,,2024-01-15,15,37.5,0,1,,1,US,Telecommunications,,false,
4795-KTRTH,Telco-4795-KTRTH,,,starter,81.0,,2023-08-18,,2023-12-16,4,37.5,0,0,,2,US,Telecommunications,,true,2024-01-15
8272-ONJLV,Telco-8272-ONJLV,,,growth,95.7,12,2023-01-20,2025-01-09,2024-01-15,15,50.0,0,1,,1,US,Telecommunications,,false,
1488-PBLJN,Telco-1488-PBLJN,,,enterprise,116.85,24,2018-02-15,2026-01-04,2024-01-15,15,100.0,0,3,,0,US,Telecommunications,,false,
0308-GIQJT,Telco-0308-GIQJT,,,growth,105.75,12,2018-03-17,2024-02-14,2024-01-15,15,75.0,0,2,,0,US,Telecommunications,,false,
3778-FOAQW,Telco-3778-FOAQW,,,growth,20.15,12,2022-01-25,2025-01-09,2024-01-15,3,12.5,0,2,,0,US,Telecommunications,,false,
4452-ROHMO,Telco-4452-ROHMO,,,enterprise,19.6,24,2022-10-22,2024-10-11,2024-01-15,3,12.5,0,1,,0,US,Telecommunications,,false,
6481-OGDOO,Telco-6481-OGDOO,,,growth,90.6,12,2018-07-15,2019-07-10,2023-12-16,4,50.0,0,5,,0,US,Telecommunications,,true,2024-01-15
3090-LETTY,Telco-3090-LETTY,,,starter,60.95,,2023-11-16,,2024-01-15,8,50.0,0,0,,0,US,Telecommunications,,false,
5349-AZPEW,Telco-5349-AZPEW,,,starter,25.05,,2023-08-18,,2024-01-15,8,0.0,0,0,,0,US,Telecommunications,,false,
3753-TSEMP,Telco-3753-TSEMP,,,starter,88.15,,2022-10-22,,2023-12-16,4,37.5,0,1,,2,US,Telecommunications,,true,2024-01-15
8305-VHZBZ,Telco-8305-VHZBZ,,,starter,20.2,,2023-12-16,,2023-12-16,1,12.5,0,0,,1,US,Telecommunications,,true,2024-01-15
9720-JJJOR,Telco-9720-JJJOR,,,growth,60.3,12,2020-09-02,2024-08-12,2024-01-15,8,50.0,0,3,,0,US,Telecommunications,,false,
8100-HZZLJ,Telco-8100-HZZLJ,,,starter,63.95,,2020-07-04,,2024-01-15,8,50.0,0,3,,1,US,Telecommunications,,false,
8775-ERLNB,Telco-8775-ERLNB,,,starter,74.3,,2023-12-16,,2024-01-15,15,25.0,0,0,,1,US,Telecommunications,,false,
8309-IEYJD,Telco-8309-IEYJD,,,starter,70.6,,2023-12-16,,2024-01-15,15,12.5,0,0,,0,US,Telecommunications,,false,
9172-JITSM,Telco-9172-JITSM,,,starter,90.8,,2021-11-26,,2023-12-16,4,37.5,0,2,,2,US,Telecommunications,,true,2024-01-15
6298-QDFNH,Telco-6298-QDFNH,,,starter,79.35,,2022-03-26,,2023-12-16,4,37.5,0,1,,2,US,Telecommunications,,true,2024-01-15
7398-HPYZQ,Telco-7398-HPYZQ,,,enterprise,90.55,24,2018-03-17,2024-02-14,2024-01-15,8,100.0,0,2,,0,US,Telecommunications,,false,
3546-GHEAE,Telco-3546-GHEAE,,,enterprise,19.45,24,2023-06-19,2025-06-08,2024-01-15,3,12.5,0,0,,0,US,Telecommunications,,false,
7361-YPXFS,Telco-7361-YPXFS,,,starter,64.45,,2021-09-27,,2024-01-15,8,62.5,0,1,,0,US,Telecommunications,,false,
6557-BZXLQ,Telco-6557-BZXLQ,,,starter,69.65,,2022-09-22,,2024-01-15,15,12.5,0,1,,1,US,Telecommunications,,false,
2550-QHZGP,Telco-2550-QHZGP,,,growth,19.5,12,2023-06-19,2024-06-13,2024-01-15,3,12.5,0,0,,0,US,Telecommunications,,false,
7519-JTWQH,Telco-7519-JTWQH,,,enterprise,110.5,24,2018-05-16,2024-04-14,2024-01-15,15,87.5,0,2,,0,US,Telecommunications,,false,
2538-OIMXF,Telco-2538-OIMXF,,,starter,24.7,,2023-12-16,,2024-01-15,8,0.0,0,0,,0,US,Telecommunications,,false,
8543-MSDMF,Telco-8543-MSDMF,,,starter,77.4,,2023-10-17,,2024-01-15,8,62.5,0,0,,1,US,Telecommunications,,false,
9961-JBNMK,Telco-9961-JBNMK,,,starter,96.8,,2022-04-25,,2023-12-16,4,50.0,0,1,,0,US,Telecommunications,,true,2024-01-15
1170-SASML,Telco-1170-SASML,,,starter,85.4,,2018-05-16,,2024-01-15,15,50.0,0,5,,0,US,Telecommunications,,false,
4872-JCVCA,Telco-4872-JCVCA,,,enterprise,47.6,24,2018-03-17,2024-02-14,2024-01-15,8,50.0,0,2,,0,US,Telecommunications,,false,
5346-BZCHP,Telco-5346-BZCHP,,,enterprise,19.4,24,2018-05-16,2024-04-14,2024-01-15,3,12.5,0,5,,0,US,Telecommunications,,false,
2038-LLMLM,Telco-2038-LLMLM,,,starter,103.85,,2020-02-05,,2024-01-15,15,75.0,0,2,,1,US,Telecommunications,,false,
6173-ITPWD,Telco-6173-ITPWD,,,starter,83.35,,2020-03-06,,2023-12-16,4,50.0,0,3,,0,US,Telecommunications,,true,2024-01-15
9734-UYXQI,Telco-9734-UYXQI,,,starter,49.4,,2023-11-16,,2023-12-16,2,25.0,0,0,,2,US,Telecommunications,,true,2024-01-15
1216-BGTSP,Telco-1216-BGTSP,,,starter,108.45,,2020-05-05,,2024-01-15,15,87.5,0,1,,0,US,Telecommunications,,false,
4138-NAXED,Telco-4138-NAXED,,,starter,81.0,,2019-11-07,,2024-01-15,15,37.5,0,4,,0,US,Telecommunications,,false,
2189-UXTKY,Telco-2189-UXTKY,,,starter,79.2,,2022-03-26,,2023-12-16,2,75.0,0,0,,2,US,Telecommunications,,true,2024-01-15
0744-BIKKF,Telco-0744-BIKKF,,,enterprise,86.65,24,2018-02-15,2026-01-04,2024-01-15,8,100.0,0,3,,0,US,Telecommunications,,false,
7483-IQWIB,Telco-7483-IQWIB,,,starter,92.95,,2020-12-31,,2024-01-15,15,62.5,0,3,,1,US,Telecommunications,,false,
5248-KWLAR,Telco-5248-KWLAR,,,enterprise,90.35,24,2018-03-17,2024-02-14,2024-01-15,8,100.0,0,2,,1,US,Telecommunications,,false,
4958-GZWIY,Telco-4958-GZWIY,,,starter,48.7,,2023-06-19,,2023-12-16,2,25.0,0,0,,2,US,Telecommunications,,true,2024-01-15
7996-MHXLW,Telco-7996-MHXLW,,,enterprise,25.15,24,2018-08-14,2024-07-13,2024-01-15,3,25.0,0,5,,0,US,Telecommunications,,false,
7833-PKIHD,Telco-7833-PKIHD,,,growth,76.4,12,2019-11-07,2024-10-11,2024-01-15,8,62.5,0,2,,0,US,Telecommunications,,false,
7061-OVMIM,Telco-7061-OVMIM,,,growth,19.55,12,2021-07-29,2024-07-13,2024-01-15,3,12.5,0,2,,0,US,Telecommunications,,false,
5153-RTHKF,Telco-5153-RTHKF,,,starter,85.35,,2021-03-31,,2024-01-15,15,37.5,0,2,,1,US,Telecommunications,,false,
1852-QSWCD,Telco-1852-QSWCD,,,enterprise,24.8,24,2018-10-13,2024-09-11,2024-01-15,3,25.0,0,5,,0,US,Telecommunications,,false,
4832-VRBMR,Telco-4832-VRBMR,,,growth,103.15,12,2018-09-13,2024-08-12,2024-01-15,15,75.0,0,5,,0,US,Telecommunications,,false,
9079-LWTFD,Telco-9079-LWTFD,,,starter,100.75,,2020-03-06,,2024-01-15,15,75.0,0,1,,0,US,Telecommunications,,false,
6356-ELRKD,Telco-6356-ELRKD,,,starter,95.6,,2023-12-16,,2023-12-16,4,50.0,0,0,,2,US,Telecommunications,,true,2024-01-15
8624-GIOUT,Telco-8624-GIOUT,,,starter,59.75,,2020-01-06,,2023-12-16,2,50.0,0,4,,0,US,Telecommunications,,true,2024-01-15
3392-EHMNK,Telco-3392-EHMNK,,,enterprise,94.1,24,2018-07-15,2024-06-13,2024-01-15,15,62.5,0,2,,0,US,Telecommunications,,false,
5986-WWXDV,Telco-5986-WWXDV,,,growth,19.35,12,2020-11-01,2024-10-11,2024-01-15,3,12.5,0,3,,0,US,Telecommunications,,false,
3061-BCKYI,Telco-3061-BCKYI,,,starter,19.9,,2022-11-21,,2024-01-15,3,12.5,0,1,,0,US,Telecommunications,,false,
6179-GJPSO,Telco-6179-GJPSO,,,starter,108.15,,2020-07-04,,2023-12-16,4,75.0,0,1,,0,US,Telecommunications,,true,2024-01-15
7901-TBKJX,Telco-7901-TBKJX,,,starter,101.05,,2019-06-10,,2024-01-15,15,62.5,0,4,,1,US,Telecommunications,,false,
7228-PAQPD,Telco-7228-PAQPD,,,growth,59.1,12,2022-11-21,2024-11-10,2024-01-15,8,37.5,0,0,,0,US,Telecommunications,,false,
3177-LASXD,Telco-3177-LASXD,,,starter,71.35,,2023-12-16,,2023-12-16,4,12.5,0,0,,2,US,Telecommunications,,true,2024-01-15
7746-QYVCO,Telco-7746-QYVCO,,,growth,55.85,12,2022-09-22,2024-09-11,2024-01-15,8,37.5,0,1,,0,US,Telecommunications,,false,
5804-HYIEZ,Telco-5804-HYIEZ,,,starter,106.05,,2018-04-16,,2024-01-15,15,75.0,0,5,,1,US,Telecommunications,,false,
9919-FZDED,Telco-9919-FZDED,,,enterprise,84.1,24,2018-02-15,2026-01-04,2024-01-15,8,87.5,0,6,,0,US,Telecommunications,,false,
5934-TSSAU,Telco-5934-TSSAU,,,starter,75.3,,2022-02-24,,2024-01-15,15,25.0,0,1,,0,US,Telecommunications,,false,
3486-KHMLI,Telco-3486-KHMLI,,,starter,24.7,,2022-04-25,,2024-01-15,3,25.0,0,1,,0,US,Telecommunications,,false,
4897-QSUYC,Telco-4897-QSUYC,,,starter,20.15,,2023-12-16,,2023-12-16,1,12.5,0,0,,1,US,Telecommunications,,true,2024-01-15
1084-UQCHV,Telco-1084-UQCHV,,,starter,69.75,,2023-12-16,,2023-12-16,4,12.5,0,0,,0,US,Telecommunications,,true,2024-01-15
8290-YWKHZ,Telco-8290-YWKHZ,,,starter,93.2,,2021-05-30,,2023-12-16,4,50.0,0,2,,2,US,Telecommunications,,true,2024-01-15
2955-BJZHG,Telco-2955-BJZHG,,,starter,80.85,,2022-08-23,,2023-12-16,4,25.0,0,1,,2,US,Telecommunications,,true,2024-01-15
3806-DXQOM,Telco-3806-DXQOM,,,starter,33.65,,2023-09-17,,2023-12-16,2,25.0,0,0,,2,US,Telecommunications,,true,2024-01-15
6784-XYJAE,Telco-6784-XYJAE,,,growth,55.8,12,2021-01-30,2025-01-09,2024-01-15,8,37.5,0,3,,1,US,Telecommunications,,false,
3933-DQPWX,Telco-3933-DQPWX,,,enterprise,39.7,24,2019-12-07,2025-11-05,2024-01-15,8,37.5,0,2,,0,US,Telecommunications,,false,
6661-EIPZC,Telco-6661-EIPZC,,,starter,29.5,,2020-02-05,,2024-01-15,8,12.5,0,2,,0,US,Telecommunications,,false,
8957-THMOA,Telco-8957-THMOA,,,enterprise,20.15,24,2019-12-07,2025-11-05,2024-01-15,3,12.5,0,4,,0,US,Telecommunications,,false,
2251-PYLPB,Telco-2251-PYLPB,,,enterprise,79.55,24,2018-02-15,2026-01-04,2024-01-15,8,87.5,0,3,,0,US,Telecommunications,,false,
5555-RNPGT,Telco-5555-RNPGT,,,starter,24.8,,2023-03-21,,2024-01-15,3,25.0,0,0,,0,US,Telecommunications,,false,
1057-FOGLZ,Telco-1057-FOGLZ,,,starter,19.65,,2022-07-24,,2024-01-15,3,12.5,0,1,,0,US,Telecommunications,,false,
9300-RENDD,Telco-9300-RENDD,,,starter,79.95,,2023-12-16,,2023-12-16,4,25.0,0,0,,2,US,Telecommunications,,true,2024-01-15
0761-AETCS,Telco-0761-AETCS,,,starter,19.3,,2023-12-16,,2023-12-16,1,12.5,0,0,,2,US,Telecommunications,,true,2024-01-15
8087-LGYHQ,Telco-8087-LGYHQ,,,starter,94.05,,2023-04-20,,2024-01-15,15,50.0,0,0,,1,US,Telecommunications,,false,
4137-BTIKL,Telco-4137-BTIKL,,,starter,90.75,,2023-11-16,,2024-01-15,15,50.0,0,0,,0,US,Telecommunications,,false,
2190-BCXEC,Telco-2190-BCXEC,,,starter,78.85,,2020-10-02,,2024-01-15,15,37.5,0,1,,0,US,Telecommunications,,false,
6227-FBDXH,Telco-6227-FBDXH,,,growth,99.5,12,2018-05-16,2024-04-14,2024-01-15,15,62.5,0,5,,0,US,Telecommunications,,false,
2153-MREFK,Telco-2153-MREFK,,,growth,99.2,12,2020-12-31,2021-12-26,2023-12-16,4,75.0,0,1,,2,US,Telecommunications,,true,2024-01-15
2911-WDXMV,Telco-2911-WDXMV,,,starter,80.55,,2022-07-24,,2024-01-15,15,37.5,0,1,,0,US,Telecommunications,,false,
7206-PQBBZ,Telco-7206-PQBBZ,,,starter,70.2,,2023-02-19,,2024-01-15,15,12.5,0,0,,1,US,Telecommunications,,false,
3106-ULWFW,Telco-3106-ULWFW,,,starter,85.2,,2023-05-20,,2023-12-16,4,37.5,0,0,,0,US,Telecommunications,,true,2024-01-15
0925-VYDLG,Telco-0925-VYDLG,,,starter,75.25,,2023-10-17,,2023-12-16,4,25.0,0,0,,2,US,Telecommunications,,true,2024-01-15
4547-FZJWE,Telco-4547-FZJWE,,,growth,59.45,12,2019-07-10,2024-06-13,2024-01-15,8,37.5,0,4,,0,US,Telecommunications,,false,
7422-WNBTY,Telco-7422-WNBTY,,,starter,93.35,,2021-04-30,,2024-01-15,15,62.5,0,2,,1,US,Telecommunications,,false,
0842-IWYCP,Telco-0842-IWYCP,,,starter,44.95,,2020-04-05,,2024-01-15,8,12.5,0,3,,0,US,Telecommunications,,false,
3521-HTQTV,Telco-3521-HTQTV,,,enterprise,26.1,24,2021-03-31,2025-03-10,2024-01-15,3,25.0,0,2,,0,US,Telecommunications,,false,
3744-ZBHON,Telco-3744-ZBHON,,,starter,20.2,,2023-10-17,,2024-01-15,3,12.5,0,0,,1,US,Telecommunications,,false,
3373-DIUUN,Telco-3373-DIUUN,,,enterprise,21.25,24,2021-07-29,2025-07-08,2024-01-15,3,12.5,0,2,,0,US,Telecommunications,,false,
8383-SGHJU,Telco-8383-SGHJU,,,growth,59.4,12,2021-04-30,2024-04-14,2024-01-15,8,50.0,0,1,,1,US,Telecommunications,,false,
7607-QKKTJ,Telco-7607-QKKTJ,,,growth,95.0,12,2020-05-05,2024-04-14,2024-01-15,15,62.5,0,3,,0,US,Telecommunications,,false,
7707-PYBBH,Telco-7707-PYBBH,,,starter,61.9,,2020-10-02,,2024-01-15,8,50.0,0,1,,0,US,Telecommunications,,false,
8984-HPEMB,Telco-8984-HPEMB,,,enterprise,118.65,24,2018-03-17,2024-02-14,2024-01-15,15,100.0,0,2,,1,US,Telecommunications,,false,
4349-GFQHK,Telco-4349-GFQHK,,,starter,54.35,,2023-12-16,,2023-12-16,2,37.5,0,0,,2,US,Telecommunications,,true,2024-01-15
4139-DETXS,Telco-4139-DETXS,,,enterprise,64.45,24,2018-02-15,2026-01-04,2024-01-15,8,75.0,0,3,,0,US,Telecommunications,,false,
9779-DPNEJ,Telco-9779-DPNEJ,,,starter,80.15,,2022-03-26,,2024-01-15,15,25.0,0,1,,1,US,Telecommunications,,false,
9805-FILKB,Telco-9805-FILKB,,,growth,20.2,12,2020-04-05,2024-03-15,2024-01-15,3,12.5,0,3,,0,US,Telecommunications,,false,
5793-YOLJN,Telco-5793-YOLJN,,,enterprise,21.0,24,2019-07-10,2025-06-08,2024-01-15,3,12.5,0,4,,0,US,Telecommunications,,false,
0673-IGUQO,Telco-0673-IGUQO,,,starter,20.45,,2023-12-16,,2024-01-15,3,12.5,0,0,,0,US,Telecommunications,,false,
4123-FCVCB,Telco-4123-FCVCB,,,growth,75.85,12,2023-01-20,2025-01-09,2024-01-15,8,62.5,0,0,,0,US,Telecommunications,,false,
8819-IMISP,Telco-8819-IMISP,,,starter,80.45,,2021-06-29,,2024-01-15,15,37.5,0,2,,1,US,Telecommunications,,false,
7802-EFKNY,Telco-7802-EFKNY,,,starter,24.95,,2023-08-18,,2023-12-16,2,0.0,0,0,,2,US,Telecommunications,,true,2024-01-15
8311-UEUAB,Telco-8311-UEUAB,,,enterprise,75.5,24,2018-07-15,2024-06-13,2024-01-15,8,62.5,0,5,,1,US,Telecommunications,,false,
5858-EAFCZ,Telco-5858-EAFCZ,,,starter,44.45,,2023-12-16,,2024-01-15,8,12.5,0,0,,0,US,Telecommunications,,false,
8035-BUYVG,Telco-8035-BUYVG,,,growth,42.35,12,2020-10-02,2021-09-27,2023-12-16,2,37.5,0,3,,2,US,Telecommunications,,true,2024-01-15
1163-ONYEY,Telco-1163-ONYEY,,,starter,74.55,,2020-09-02,,2024-01-15,8,75.0,0,3,,0,US,Telecommunications,,false,
9787-XVQIU,Telco-9787-XVQIU,,,starter,75.3,,2023-12-16,,2023-12-16,4,25.0,0,0,,2,US,Telecommunications,,true,2024-01-15
8945-MUQUF,Telco-8945-MUQUF,,,growth,94.8,12,2019-11-07,2020-11-01,2023-12-16,4,62.5,0,4,,2,US,Telecommunications,,true,2024-01-15
5656-MJEFC,Telco-5656-MJEFC,,,enterprise,48.15,24,2020-08-03,2024-07-13,2024-01-15,8,50.0,0,1,,0,US,Telecommunications,,false,
6082-OQFBA,Telco-6082-OQFBA,,,growth,19.65,12,2022-02-24,2024-02-14,2024-01-15,3,12.5,0,1,,0,US,Telecommunications,,false,
8051-HJRLT,Telco-8051-HJRLT,,,starter,70.55,,2023-12-16,,2023-12-16,4,12.5,0,0,,2,US,Telecommunications,,true,2024-01-15
8974-OVACP,Telco-8974-OVACP,,,starter,20.15,,2023-12-16,,2024-01-15,3,12.5,0,0,,0,US,Telecommunications,,false,
4010-YLMVT,Telco-4010-YLMVT,,,starter,106.6,,2019-06-10,,2024-01-15,15,75.0,0,4,,0,US,Telecommunications,,false,
1379-FRVEB,Telco-1379-FRVEB,,,starter,91.0,,2022-10-22,,2024-01-15,15,50.0,0,1,,1,US,Telecommunications,,false,
8612-GXIDD,Telco-8612-GXIDD,,,enterprise,25.4,24,2023-01-20,2025-01-09,2024-01-15,3,25.0,0,1,,0,US,Telecommunications,,false,
6288-CHQJB,Telco-6288-CHQJB,,,enterprise,69.95,24,2019-08-09,2025-07-08,2024-01-15,8,62.5,0,2,,0,US,Telecommunications,,false,
8160-HOWOX,Telco-8160-HOWOX,,,starter,66.85,,2023-06-19,,2024-01-15,8,37.5,0,0,,1,US,Telecommunications,,false,
3023-GFLBR,Telco-3023-GFLBR,,,starter,86.15,,2021-04-30,,2023-12-16,4,37.5,0,2,,0,US,Telecommunications,,true,2024-01-15
6648-INWPS,Telco-6648-INWPS,,,starter,20.15,,2022-09-22,,2024-01-15,3,12.5,0,1,,1,US,Telecommunications,,false,
4223-BKEOR,Telco-4223-BKEOR,,,growth,64.85,12,2022-04-25,2024-04-14,2024-01-15,8,50.0,0,1,,0,US,Telecommunications,,false,
4079-VTGLK,Telco-4079-VTGLK,,,enterprise,74.85,24,2021-07-29,2025-07-08,2024-01-15,8,62.5,0,2,,1,US,Telecommunications,,false,
1763-WQFUK,Telco-1763-WQFUK,,,starter,50.5,,2023-10-17,,2024-01-15,8,25.0,0,0,,0,US,Telecommunications,,false,
1391-UBDAR,Telco-1391-UBDAR,,,starter,72.9,,2023-02-19,,2024-01-15,15,25.0,0,0,,1,US,Telecommunications,,false,
8894-JVDCV,Telco-8894-JVDCV,,,growth,115.05,12,2018-12-12,2024-11-10,2024-01-15,15,100.0,0,2,,0,US,Telecommunications,,false,
2023-VQFDL,Telco-2023-VQFDL,,,starter,19.0,,2022-07-24,,2024-01-15,3,12.5,0,1,,1,US,Telecommunications,,false,
1345-GKDZZ,Telco-1345-GKDZZ,,,starter,19.55,,2023-07-19,,2024-01-15,3,12.5,0,0,,0,US,Telecommunications,,false,
2014-MKGMH,Telco-2014-MKGMH,,,growth,101.1,12,2020-04-05,2024-03-15,2024-01-15,15,62.5,0,3,,1,US,Telecommunications,,false,
5628-FCGYG,Telco-5628-FCGYG,,,starter,84.1,,2022-04-25,,2024-01-15,15,37.5,0,1,,1,US,Telecommunications,,false,
2560-WBWXF,Telco-2560-WBWXF,,,enterprise,24.15,24,2018-06-15,2024-05-14,2024-01-15,3,25.0,0,5,,0,US,Telecommunications,,false,
0248-IPDFW,Telco-0248-IPDFW,,,starter,50.1,,2023-12-16,,2024-01-15,8,25.0,0,0,,1,US,Telecommunications,,false,
7978-DKUQH,Telco-7978-DKUQH,,,starter,74.6,,2021-12-26,,2024-01-15,15,25.0,0,2,,1,US,Telecommunications,,false,
4335-UPJSI,Telco-4335-UPJSI,,,enterprise,19.75,24,2022-01-25,2026-01-04,2024-01-15,3,12.5,0,2,,0,US,Telecommunications,,false,
0524-IAVZO,Telco-0524-IAVZO,,,starter,85.0,,2021-07-29,,2023-12-16,4,37.5,0,2,,2,US,Telecommunications,,true,2024-01-15
2737-YNGYW,Telco-2737-YNGYW,,,starter,80.55,,2023-11-16,,2023-12-16,4,25.0,0,0,,2,US,Telecommunications,,true,2024-01-15
1784-EZDKJ,Telco-1784-EZDKJ,,,growth,106.8,12,2019-11-07,2024-10-11,2024-01-15,15,75.0,0,4,,0,US,Telecommunications,,false,
9297-FVVDH,Telco-9297-FVVDH,,,enterprise,84.5,24,2019-05-11,2025-04-09,2024-01-15,8,87.5,0,2,,1,US,Telecommunications,,false,
8007-YYPWD,Telco-8007-YYPWD,,,enterprise,25.05,24,2022-10-22,2024-10-11,2024-01-15,3,25.0,0,1,,0,US,Telecommunications,,false,
7101-HRBLJ,Telco-7101-HRBLJ,,,enterprise,83.7,24,2018-02-15,2026-01-04,2024-01-15,8,87.5,0,3,,0,US,Telecommunications,,false,
5159-YFPKQ,Telco-5159-YFPKQ,,,starter,75.8,,2023-11-16,,2023-12-16,4,25.0,0,0,,2,US,Telecommunications,,true,2024-01-15
6635-CPNUN,Telco-6635-CPNUN,,,starter,96.6,,2021-09-27,,2024-01-15,15,62.5,0,2,,0,US,Telecommunications,,false,
4021-RQSNY,Telco-4021-RQSNY,,,starter,98.5,,2021-08-28,,2023-12-16,4,62.5,0,2,,2,US,Telecommunications,,true,2024-01-15
5453-YBTWV,Telco-5453-YBTWV,,,enterprise,101.1,24,2018-04-16,2024-03-15,2024-01-15,15,75.0,0,2,,0,US,Telecommunications,,false,
5039-LZRQT,Telco-5039-LZRQT,,,growth,20.2,12,2022-12-21,2024-12-10,2024-01-15,3,12.5,0,1,,0,US,Telecommunications,,false,
2931-VUVJN,Telco-2931-VUVJN,,,growth,94.05,12,2019-03-12,2024-02-14,2024-01-15,15,75.0,0,2,,1,US,Telecommunications,,false,
9061-TIHDA,Telco-9061-TIHDA,,,starter,95.25,,2022-12-21,,2023-12-16,4,50.0,0,1,,2,US,Telecommunications,,true,2024-01-15
8699-ASUFO,Telco-8699-ASUFO,,,starter,74.4,,2023-06-19,,2023-12-16,4,25.0,0,0,,1,US,Telecommunications,,true,2024-01-15
6418-PIQSP,Telco-6418-PIQSP,,,enterprise,81.0,24,2018-12-12,2024-11-10,2024-01-15,8,75.0,0,2,,0,US,Telecommunications,,false,
8220-OCUFY,Telco-8220-OCUFY,,,growth,60.25,12,2022-04-25,2024-04-14,2024-01-15,8,50.0,0,0,,1,US,Telecommunications,,false,
3995-WFCSM,Telco-3995-WFCSM,,,starter,60.85,,2023-11-16,,2024-01-15,8,37.5,0,0,,1,US,Telecommunications,,false,
1895-QTKDO,Telco-1895-QTKDO,,,starter,43.95,,2023-12-16,,2024-01-15,8,12.5,0,0,,0,US,Telecommunications,,false,
2038-OEQZH,Telco-2038-OEQZH,,,starter,86.05,,2023-09-17,,2024-01-15,15,37.5,0,0,,1,US,Telecommunications,,false,
1178-PZGAB,Telco-1178-PZGAB,,,growth,20.25,12,2022-06-24,2024-06-13,2024-01-15,3,12.5,0,1,,0,US,Telecommunications,,false,
7927-AUXBZ,Telco-7927-AUXBZ,,,starter,85.15,,2021-07-29,,2023-12-16,4,37.5,0,1,,2,US,Telecommunications,,true,2024-01-15
2626-VEEWG,Telco-2626-VEEWG,,,enterprise,19.4,24,2018-07-15,2024-06-13,2024-01-15,3,12.5,0,5,,0,US,Telecommunications,,false,
2878-RMWXY,Telco-2878-RMWXY,,,enterprise,102.65,24,2018-02-15,2026-01-04,2024-01-15,15,75.0,0,6,,0,US,Telecommunications,,false,
1657-DYMBM,Telco-1657-DYMBM,,,enterprise,19.9,24,2019-09-08,2025-08-07,2024-01-15,3,12.5,0,4,,0,US,Telecommunications,,false,
7311-MQJCH,Telco-7311-MQJCH,,,growth,19.55,12,2023-08-18,2024-08-12,2024-01-15,3,12.5,0,0,,1,US,Telecommunications,,false,
7375-WMVMT,Telco-7375-WMVMT,,,enterprise,95.5,24,2018-03-17,2024-02-14,2024-01-15,15,62.5,0,2,,0,US,Telecommunications,,false,
1136-XGEQU,Telco-1136-XGEQU,,,growth,84.15,12,2019-12-07,2024-11-10,2024-01-15,8,87.5,0,2,,0,US,Telecommunications,,false,
2530-FMFXO,Telco-2530-FMFXO,,,enterprise,103.2,24,2019-06-10,2025-05-09,2024-01-15,15,75.0,0,2,,1,US,Telecommunications,,false,
6844-DZKRF,Telco-6844-DZKRF,,,starter,50.2,,2023-11-16,,2024-01-15,8,25.0,0,0,,0,US,Telecommunications,,false,
4695-WJZUE,Telco-4695-WJZUE,,,starter,88.55,,2023-11-16,,2023-12-16,4,50.0,0,0,,2,US,Telecommunications,,true,2024-01-15
7619-ODSGN,Telco-7619-ODSGN,,,starter,54.75,,2022-01-25,,2023-12-16,2,37.5,0,2,,2,US,Telecommunications,,true,2024-01-15
5970-GHJAW,Telco-5970-GHJAW,,,enterprise,19.95,24,2020-04-05,2024-03-15,2024-01-15,3,12.5,0,3,,0,US,Telecommunications,,false,
8879-XUAHX,Telco-8879-XUAHX,,,enterprise,116.25,24,2018-03-17,2024-02-14,2024-01-15,15,100.0,0,2,,1,US,Telecommunications,,false,
3689-MOZGR,Telco-3689-MOZGR,,,starter,31.2,,2021-08-28,,2024-01-15,8,12.5,0,1,,1,US,Telecommunications,,false,
4195-PNGZS,Telco-4195-PNGZS,,,enterprise,24.45,24,2018-05-16,2024-04-14,2024-01-15,3,25.0,0,5,,0,US,Telecommunications,,false,
5003-XZWWO,Telco-5003-XZWWO,,,enterprise,84.2,24,2018-03-17,2024-02-14,2024-01-15,8,87.5,0,2,,0,US,Telecommunications,,false,
3988-RQIXO,Telco-3988-RQIXO,,,starter,91.3,,2023-12-16,,2023-12-16,4,37.5,0,0,,2,US,Telecommunications,,true,2024-01-15
7622-FWGEW,Telco-7622-FWGEW,,,enterprise,85.65,24,2019-06-10,2025-05-09,2024-01-15,8,87.5,0,2,,0,US,Telecommunications,,false,
6922-NCEDI,Telco-6922-NCEDI,,,growth,21.2,12,2019-06-10,2024-05-14,2024-01-15,3,12.5,0,4,,0,US,Telecommunications,,false,
2514-GINMM,Telco-2514-GINMM,,,starter,79.5,,2023-12-16,,2023-12-16,4,25.0,0,0,,2,US,Telecommunications,,true,2024-01-15
9891-NQDBD,Telco-9891-NQDBD,,,growth,25.55,12,2021-09-27,2024-09-11,2024-01-15,3,25.0,0,2,,0,US,Telecommunications,,false,
6131-IUNXN,Telco-6131-IUNXN,,,starter,20.2,,2022-06-24,,2024-01-15,3,12.5,0,1,,0,US,Telecommunications,,false,
8548-AWOFC,Telco-8548-AWOFC,,,starter,63.85,,2018-08-14,,2024-01-15,8,50.0,0,2,,1,US,Telecommunications,,false,
9798-DRYDS,Telco-9798-DRYDS,,,growth,61.95,12,2022-08-23,2024-08-12,2024-01-15,8,50.0,0,0,,0,US,Telecommunications,,false,
8532-UEFWH,Telco-8532-UEFWH,,,enterprise,25.75,24,2019-10-08,2025-09-06,2024-01-15,3,25.0,0,4,,0,US,Telecommunications,,false,
6296-DDOOR,Telco-6296-DDOOR,,,growth,58.2,12,2022-06-24,2024-06-13,2024-01-15,8,37.5,0,1,,1,US,Telecommunications,,false,
7951-VRDVK,Telco-7951-VRDVK,,,growth,85.85,12,2021-01-30,2025-01-09,2024-01-15,8,87.5,0,1,,0,US,Telecommunications,,false,
5931-FLJJF,Telco-5931-FLJJF,,,starter,70.1,,2023-06-19,,2023-12-16,4,12.5,0,0,,1,US,Telecommunications,,true,2024-01-15
4815-YOSUK,Telco-4815-YOSUK,,,growth,104.9,12,2018-02-15,2025-01-09,2024-01-15,15,87.5,0,3,,0,US,Telecommunications,,false,
2659-VXMWZ,Telco-2659-VXMWZ,,,growth,111.3,12,2018-07-15,2019-07-10,2023-12-16,4,87.5,0,5,,2,US,Telecommunications,,true,2024-01-15
0380-NEAVX,Telco-0380-NEAVX,,,growth,99.85,12,2021-03-31,2024-03-15,2024-01-15,15,62.5,0,2,,1,US,Telecommunications,,false,
3207-OYBWH,Telco-3207-OYBWH,,,starter,95.25,,2019-05-11,,2023-12-16,4,62.5,0,4,,0,US,Telecommunications,,true,2024-01-15
4285-GYRQC,Telco-4285-GYRQC,,,starter,86.25,,2023-06-19,,2023-12-16,4,37.5,0,0,,2,US,Telecommunications,,true,2024-01-15
7216-EWTRS,Telco-7216-EWTRS,,,starter,100.8,,2023-12-16,,2023-12-16,4,62.5,0,0,,2,US,Telecommunications,,true,2024-01-15
4365-MSDYN,Telco-4365-MSDYN,,,starter,19.55,,2023-05-20,,2024-01-15,3,12.5,0,0,,0,US,Telecommunications,,false,
7036-TYDEC,Telco-7036-TYDEC,,,enterprise,104.0,24,2018-05-16,2024-04-14,2024-01-15,15,75.0,0,2,,1,US,Telecommunications,,false,
5802-ADBRC,Telco-5802-ADBRC,,,growth,104.4,12,2019-12-07,2024-11-10,2024-01-15,15,75.0,0,4,,0,US,Telecommunications,,false,
8076-FEZKJ,Telco-8076-FEZKJ,,,growth,19.5,12,2023-03-21,2024-03-15,2024-01-15,3,12.5,0,0,,0,US,Telecommunications,,false,
5197-YPYBZ,Telco-5197-YPYBZ,,,enterprise,25.25,24,2023-01-20,2025-01-09,2024-01-15,3,25.0,0,1,,0,US,Telecommunications,,false,
8337-MSSXB,Telco-8337-MSSXB,,,starter,86.3,,2022-11-21,,2023-12-16,4,37.5,0,1,,2,US,Telecommunications,,true,2024-01-15
4312-GVYNH,Telco-4312-GVYNH,,,enterprise,49.85,24,2018-04-16,2024-03-15,2024-01-15,8,50.0,0,2,,0,US,Telecommunications,,false,
8495-LJDFO,Telco-8495-LJDFO,,,starter,108.95,,2018-10-13,,2024-01-15,15,87.5,0,2,,0,US,Telecommunications,,false,
0839-JTCUD,Telco-0839-JTCUD,,,enterprise,89.9,24,2018-08-14,2024-07-13,2024-01-15,8,100.0,0,2,,0,US,Telecommunications,,false,
5494-WOZRZ,Telco-5494-WOZRZ,,,enterprise,82.0,24,2018-03-17,2024-02-14,2024-01-15,8,75.0,0,2,,0,US,Telecommunications,,false,
1302-UHBDD,Telco-1302-UHBDD,,,starter,89.95,,2022-05-25,,2024-01-15,15,37.5,0,1,,1,US,Telecommunications,,false,
2234-EOFPT,Telco-2234-EOFPT,,,enterprise,79.35,24,2018-02-15,2026-01-04,2024-01-15,8,75.0,0,3,,0,US,Telecommunications,,false,
8619-IJNDK,Telco-8619-IJNDK,,,enterprise,64.05,24,2018-03-17,2024-02-14,2024-01-15,8,62.5,0,2,,0,US,Telecommunications,,false,
8378-LKJAF,Telco-8378-LKJAF,,,starter,101.15,,2020-12-01,,2024-01-15,15,62.5,0,3,,0,US,Telecommunications,,false,
8182-BJDSI,Telco-8182-BJDSI,,,starter,89.95,,2021-09-27,,2023-12-16,4,50.0,0,2,,2,US,Telecommunications,,true,2024-01-15
2528-HFYZX,Telco-2528-HFYZX,,,starter,76.45,,2022-08-23,,2023-12-16,4,25.0,0,1,,2,US,Telecommunications,,true,2024-01-15
1153-GNOLC,Telco-1153-GNOLC,,,growth,39.1,12,2021-04-30,2024-04-14,2024-01-15,8,25.0,0,2,,1,US,Telecommunications,,false,
3298-QEICA,Telco-3298-QEICA,,,enterprise,34.6,24,2022-02-24,2024-02-14,2024-01-15,8,25.0,0,0,,0,US,Telecommunications,,false,
0788-DXBFY,Telco-0788-DXBFY,,,growth,19.55,12,2019-04-11,2024-03-15,2024-01-15,3,12.5,0,4,,1,US,Telecommunications,,false,
3597-YASZG,Telco-3597-YASZG,,,enterprise,104.45,24,2018-04-16,2024-03-15,2024-01-15,15,75.0,0,2,,0,US,Telecommunications,,false,
3496-LFSZU,Telco-3496-LFSZU,,,starter,70.5,,2023-09-17,,2024-01-15,15,12.5,0,0,,1,US,Telecommunications,,false,
5242-UOWHD,Telco-5242-UOWHD,,,enterprise,20.35,24,2020-05-05,2024-04-14,2024-01-15,3,12.5,0,3,,0,US,Telecommunications,,false,
2482-CZGBB,Telco-2482-CZGBB,,,starter,70.0,,2023-03-21,,2023-12-16,4,12.5,0,0,,2,US,Telecommunications,,true,2024-01-15
6479-SZPLM,Telco-6479-SZPLM,,,enterprise,19.45,24,2021-01-30,2025-01-09,2024-01-15,3,12.5,0,3,,0,US,Telecommunications,,false,
8097-VBQTZ,Telco-8097-VBQTZ,,,starter,69.9,,2019-08-09,,2024-01-15,8,62.5,0,2,,0,US,Telecommunications,,false,
4500-HKANN,Telco-4500-HKANN,,,enterprise,59.7,24,2022-02-24,2024-02-14,2024-01-15,8,50.0,0,0,,0,US,Telecommunications,,false,
9917-KWRBE,Telco-9917-KWRBE,,,growth,78.35,12,2020-09-02,2024-08-12,2024-01-15,8,75.0,0,3,,0,US,Telecommunications,,false,
3420-ZDBMA,Telco-3420-ZDBMA,,,starter,71.45,,2023-08-18,,2024-01-15,15,12.5,0,0,,0,US,Telecommunications,,false,
2212-LYASK,Telco-2212-LYASK,,,growth,45.85,12,2021-10-27,2024-10-11,2024-01-15,8,37.5,0,2,,0,US,Telecommunications,,false,
1393-IMKZG,Telco-1393-IMKZG,,,starter,95.85,,2023-12-16,,2024-01-15,15,50.0,0,0,,1,US,Telecommunications,,false,
8069-RHUXK,Telco-8069-RHUXK,,,enterprise,35.7,24,2018-07-15,2024-06-13,2024-01-15,8,25.0,0,2,,0,US,Telecommunications,,false,
3398-GCPMU,Telco-3398-GCPMU,,,enterprise,89.55,24,2018-02-15,2026-01-04,2024-01-15,8,100.0,0,3,,0,US,Telecommunications,,false,
2908-WGAXL,Telco-2908-WGAXL,,,enterprise,24.95,24,2019-06-10,2025-05-09,2024-01-15,3,25.0,0,4,,0,US,Telecommunications,,false,
3378-AJRAO,Telco-3378-AJRAO,,,growth,24.85,12,2020-06-04,2024-05-14,2024-01-15,3,25.0,0,3,,1,US,Telecommunications,,false,
1013-QCWAM,Telco-1013-QCWAM,,,starter,100.8,,2018-08-14,,2024-01-15,15,62.5,0,5,,1,US,Telecommunications,,false,
0866-QLSIR,Telco-0866-QLSIR,,,growth,64.4,12,2021-03-31,2022-03-26,2023-12-16,2,62.5,0,1,,1,US,Telecommunications,,true,2024-01-15
6050-FFXES,Telco-6050-FFXES,,,enterprise,105.35,24,2018-05-16,2024-04-14,2024-01-15,15,75.0,0,2,,0,US,Telecommunications,,false,
7181-BQYBV,Telco-7181-BQYBV,,,starter,102.45,,2023-12-16,,2023-12-16,4,75.0,0,0,,2,US,Telecommunications,,true,2024-01-15
0362-RAOQO,Telco-0362-RAOQO,,,enterprise,19.65,24,2020-10-02,2024-09-11,2024-01-15,3,12.5,0,3,,0,US,Telecommunications,,false,
9554-DFKIC,Telco-9554-DFKIC,,,starter,54.45,,2021-07-29,,2024-01-15,8,37.5,0,2,,0,US,Telecommunications,,false,
5527-ACHSO,Telco-5527-ACHSO,,,starter,70.5,,2023-02-19,,2024-01-15,8,50.0,0,0,,0,US,Telecommunications,,false,
0829-DDVLK,Telco-0829-DDVLK,,,growth,20.1,12,2022-10-22,2024-10-11,2024-01-15,3,12.5,0,1,,0,US,Telecommunications,,false,
1399-UBQIU,Telco-1399-UBQIU,,,starter,69.35,,2023-02-19,,2024-01-15,8,50.0,0,0,,1,US,Telecommunications,,false,
1813-JLKWR,Telco-1813-JLKWR,,,growth,19.8,12,2018-10-13,2024-09-11,2024-01-15,3,12.5,0,5,,0,US,Telecommunications,,false,
0336-PIKEI,Telco-0336-PIKEI,,,enterprise,74.4,24,2018-02-15,2026-01-04,2024-01-15,8,75.0,0,3,,0,US,Telecommunications,,false,
7322-OCWHC,Telco-7322-OCWHC,,,enterprise,93.05,24,2018-02-15,2026-01-04,2024-01-15,15,75.0,0,3,,0,US,Telecommunications,,false,
9537-VHDTA,Telco-9537-VHDTA,,,starter,51.2,,2023-12-16,,2024-01-15,8,25.0,0,0,,0,US,Telecommunications,,false,
4957-TIALW,Telco-4957-TIALW,,,growth,65.6,12,2022-10-22,2024-10-11,2024-01-15,8,62.5,0,0,,0,US,Telecommunications,,false,
2054-PJOCK,Telco-2054-PJOCK,,,growth,80.55,12,2019-02-10,2025-01-09,2024-01-15,8,75.0,0,2,,0,US,Telecommunications,,false,
9150-HEPMB,Telco-9150-HEPMB,,,growth,52.7,12,2019-06-10,2024-05-14,2024-01-15,8,37.5,0,4,,0,US,Telecommunications,,false,
9030-QGZNL,Telco-9030-QGZNL,,,enterprise,20.85,24,2023-05-20,2025-05-09,2024-01-15,3,12.5,0,0,,0,US,Telecommunications,,false,
6204-IEUXJ,Telco-6204-IEUXJ,,,starter,80.1,,2023-10-17,,2023-12-16,4,37.5,0,0,,0,US,Telecommunications,,true,2024-01-15
3126-WQMGH,Telco-3126-WQMGH,,,starter,52.15,,2020-01-06,,2024-01-15,8,25.0,0,4,,0,US,Telecommunications,,false,
4529-CKBCL,Telco-4529-CKBCL,,,starter,80.2,,2023-11-16,,2023-12-16,4,25.0,0,0,,2,US,Telecommunications,,true,2024-01-15
2506-CLAKW,Telco-2506-CLAKW,,,starter,98.15,,2023-07-19,,2023-12-16,4,75.0,0,0,,0,US,Telecommunications,,true,2024-01-15
7176-WRTNX,Telco-7176-WRTNX,,,enterprise,114.95,24,2018-04-16,2024-03-15,2024-01-15,15,100.0,0,2,,0,US,Telecommunications,,false,
1583-IHQZE,Telco-1583-IHQZE,,,starter,112.95,,2023-01-20,,2023-12-16,4,87.5,0,0,,1,US,Telecommunications,,true,2024-01-15
5732-IKGQH,Telco-5732-IKGQH,,,growth,104.45,12,2019-10-08,2024-09-11,2024-01-15,15,75.0,0,2,,0,US,Telecommunications,,false,
9239-GZHZE,Telco-9239-GZHZE,,,enterprise,113.65,24,2018-02-15,2026-01-04,2024-01-15,15,100.0,0,3,,0,US,Telecommunications,,false,
7205-BAIAD,Telco-7205-BAIAD,,,enterprise,20.6,24,2020-10-02,2024-09-11,2024-01-15,3,12.5,0,3,,0,US,Telecommunications,,false,
0151-ONTOV,Telco-0151-ONTOV,,,starter,70.9,,2023-12-16,,2023-12-16,4,12.5,0,0,,1,US,Telecommunications,,true,2024-01-15
4140-MUHUG,Telco-4140-MUHUG,,,starter,86.85,,2023-10-17,,2023-12-16,4,37.5,0,0,,2,US,Telecommunications,,true,2024-01-15
0093-EXYQL,Telco-0093-EXYQL,,,starter,91.55,,2020-10-02,,2024-01-15,15,37.5,0,3,,1,US,Telecommunications,,false,
8064-RAVOH,Telco-8064-RAVOH,,,starter,49.85,,2023-12-16,,2024-01-15,8,25.0,0,0,,1,US,Telecommunications,,false,
0219-QAERP,Telco-0219-QAERP,,,growth,19.8,12,2021-07-29,2024-07-13,2024-01-15,3,12.5,0,2,,0,US,Telecommunications,,false,
0320-JDNQG,Telco-0320-JDNQG,,,starter,99.85,,2022-02-24,,2023-12-16,4,62.5,0,0,,2,US,Telecommunications,,true,2024-01-15
7180-PISOG,Telco-7180-PISOG,,,starter,74.5,,2023-12-16,,2023-12-16,4,25.0,0,0,,2,US,Telecommunications,,true,2024-01-15
9168-INPSZ,Telco-9168-INPSZ,,,starter,104.15,,2020-06-04,,2024-01-15,15,75.0,0,1,,1,US,Telecommunications,,false,
3571-RFHAR,Telco-3571-RFHAR,,,starter,109.15,,2018-09-13,,2023-12-16,4,87.5,0,2,,2,US,Telecommunications,,true,2024-01-15
0015-UOCOJ,Telco-0015-UOCOJ,,,starter,48.2,,2023-06-19,,2024-01-15,8,25.0,0,0,,1,US,Telecommunications,,false,
5334-AFQJB,Telco-5334-AFQJB,,,enterprise,25.1,24,2018-02-15,2026-01-04,2024-01-15,3,25.0,0,6,,0,US,Telecommunications,,false,
2754-SDJRD,Telco-2754-SDJRD,,,starter,100.15,,2023-05-20,,2024-01-15,15,62.5,0,0,,0,US,Telecommunications,,false,
9578-VRMNM,Telco-9578-VRMNM,,,starter,65.2,,2022-09-22,,2023-12-16,2,50.0,0,1,,0,US,Telecommunications,,true,2024-01-15
1587-FKLZB,Telco-1587-FKLZB,,,starter,99.5,,2018-08-14,,2023-12-16,4,62.5,0,5,,0,US,Telecommunications,,true,2024-01-15
6140-QNRQQ,Telco-6140-QNRQQ,,,starter,71.55,,2023-12-16,,2023-12-16,4,12.5,0,0,,1,US,Telecommunications,,true,2024-01-15
8963-JLGJT,Telco-8963-JLGJT,,,starter,55.9,,2023-10-17,,2024-01-15,8,37.5,0,0,,0,US,Telecommunications,,false,
4307-KTUMW,Telco-4307-KTUMW,,,starter,93.9,,2019-09-08,,2023-12-16,4,62.5,0,4,,2,US,Telecommunications,,true,2024-01-15
1465-LNTLJ,Telco-1465-LNTLJ,,,starter,64.4,,2023-05-20,,2024-01-15,8,50.0,0,0,,0,US,Telecommunications,,false,
5440-FLBQG,Telco-5440-FLBQG,,,enterprise,108.4,24,2018-05-16,2020-05-05,2023-12-16,4,87.5,0,2,,0,US,Telecommunications,,true,2024-01-15
2135-DQWAQ,Telco-2135-DQWAQ,,,starter,85.3,,2023-08-18,,2024-01-15,15,37.5,0,0,,0,US,Telecommunications,,false,
4056-QHXHZ,Telco-4056-QHXHZ,,,enterprise,107.45,24,2018-02-15,2026-01-04,2024-01-15,15,87.5,0,3,,0,US,Telecommunications,,false,
7470-MCQTK,Telco-7470-MCQTK,,,starter,48.75,,2022-12-21,,2023-12-16,2,37.5,0,1,,0,US,Telecommunications,,true,2024-01-15
7488-MXJIV,Telco-7488-MXJIV,,,starter,85.65,,2023-09-17,,2023-12-16,4,37.5,0,0,,2,US,Telecommunications,,true,2024-01-15
7401-JIXNM,Telco-7401-JIXNM,,,enterprise,91.3,24,2019-08-09,2025-07-08,2024-01-15,8,100.0,0,2,,0,US,Telecommunications,,false,
9339-FIIJL,Telco-9339-FIIJL,,,enterprise,85.95,24,2018-02-15,2026-01-04,2024-01-15,8,87.5,0,3,,0,US,Telecommunications,,false,
2027-FECZV,Telco-2027-FECZV,,,starter,106.7,,2023-01-20,,2023-12-16,4,75.0,0,1,,2,US,Telecommunications,,true,2024-01-15
2672-DZUOY,Telco-2672-DZUOY,,,starter,25.15,,2023-12-16,,2023-12-16,2,0.0,0,0,,2,US,Telecommunications,,true,2024-01-15
4706-DGAHW,Telco-4706-DGAHW,,,starter,45.2,,2023-12-16,,2024-01-15,8,12.5,0,0,,1,US,Telecommunications,,false,
3870-MQAMG,Telco-3870-MQAMG,,,growth,110.35,12,2019-08-09,2020-08-03,2023-12-16,4,87.5,0,2,,2,US,Telecommunications,,true,2024-01-15
6670-MFRPK,Telco-6670-MFRPK,,,enterprise,79.2,24,2018-05-16,2024-04-14,2024-01-15,15,37.5,0,5,,0,US,Telecommunications,,false,
6177-PEVRA,Telco-6177-PEVRA,,,enterprise,55.5,24,2020-02-05,2026-01-04,2024-01-15,8,37.5,0,4,,0,US,Telecommunications,,false,
4800-CZMPC,Telco-4800-CZMPC,,,growth,103.25,12,2020-02-05,2021-01-30,2023-12-16,4,75.0,0,4,,0,US,Telecommunications,,true,2024-01-15
4813-HQMGZ,Telco-4813-HQMGZ,,,starter,90.25,,2023-05-20,,2024-01-15,15,50.0,0,0,,1,US,Telecommunications,,false,
7579-KKLOE,Telco-7579-KKLOE,,,enterprise,91.25,24,2018-03-17,2024-02-14,2024-01-15,8,100.0,0,2,,0,US,Telecommunications,,false,
7377-DMMRI,Telco-7377-DMMRI,,,starter,47.8,,2023-11-16,,2023-12-16,2,25.0,0,0,,2,US,Telecommunications,,true,2024-01-15
8402-EIVQS,Telco-8402-EIVQS,,,growth,100.9,12,2018-07-15,2024-06-13,2024-01-15,15,62.5,0,5,,0,US,Telecommunications,,false,
4947-DSMXK,Telco-4947-DSMXK,,,starter,97.7,,2021-03-31,,2024-01-15,15,62.5,0,2,,0,US,Telecommunications,,false,
7245-NIIWQ,Telco-7245-NIIWQ,,,starter,69.85,,2023-10-17,,2024-01-15,15,12.5,0,0,,1,US,Telecommunications,,false,
0002-ORFBO,Telco-0002-ORFBO,,,growth,65.6,12,2023-04-20,2024-04-14,2024-01-15,8,50.0,0,0,,0,US,Telecommunications,,false,
3324-OIRTO,Telco-3324-OIRTO,,,growth,104.65,12,2018-03-17,2024-02-14,2024-01-15,15,75.0,0,5,,0,US,Telecommunications,,false,
5414-OFQCB,Telco-5414-OFQCB,,,enterprise,90.45,24,2019-05-11,2025-04-09,2024-01-15,15,50.0,0,2,,0,US,Telecommunications,,false,
4967-WPNCF,Telco-4967-WPNCF,,,enterprise,63.7,24,2018-02-15,2026-01-04,2024-01-15,8,75.0,0,3,,0,US,Telecommunications,,false,
8552-OBVRU,Telco-8552-OBVRU,,,starter,104.5,,2020-02-05,,2024-01-15,15,75.0,0,2,,1,US,Telecommunications,,false,
8499-BRXTD,Telco-8499-BRXTD,,,growth,20.1,12,2022-07-24,2024-07-13,2024-01-15,3,12.5,0,1,,0,US,Telecommunications,,false,
9154-QDGTH,Telco-9154-QDGTH,,,growth,104.3,12,2020-07-04,2024-06-13,2024-01-15,15,75.0,0,1,,0,US,Telecommunications,,false,
8197-BFWVU,Telco-8197-BFWVU,,,enterprise,93.25,24,2018-02-15,2026-01-04,2024-01-15,8,100.0,0,3,,0,US,Telecommunications,,false,
2577-GVSIL,Telco-2577-GVSIL,,,growth,73.45,12,2021-03-01,2024-02-14,2024-01-15,8,62.5,0,1,,0,US,Telecommunications,,false,
9367-OIUXP,Telco-9367-OIUXP,,,starter,20.7,,2023-09-17,,2024-01-15,3,12.5,0,0,,0,US,Telecommunications,,false,
6770-UAYGJ,Telco-6770-UAYGJ,,,enterprise,25.25,24,2020-01-06,2025-12-05,2024-01-15,3,25.0,0,4,,0,US,Telecommunications,,false,
6463-HHXJR,Telco-6463-HHXJR,,,enterprise,100.5,24,2018-03-17,2024-02-14,2024-01-15,15,75.0,0,5,,0,US,Telecommunications,,false,
7928-VJYAB,Telco-7928-VJYAB,,,starter,90.6,,2023-02-19,,2024-01-15,15,37.5,0,0,,1,US,Telecommunications,,false,
1187-WILMM,Telco-1187-WILMM,,,enterprise,89.4,24,2018-11-12,2024-10-11,2024-01-15,8,100.0,0,2,,0,US,Telecommunications,,false,
9776-OJUZI,Telco-9776-OJUZI,,,starter,95.45,,2018-09-13,,2024-01-15,15,62.5,0,5,,0,US,Telecommunications,,false,
1306-RPWXZ,Telco-1306-RPWXZ,,,enterprise,20.45,24,2020-01-06,2025-12-05,2024-01-15,3,12.5,0,4,,0,US,Telecommunications,,false,
8949-JTMAY,Telco-8949-JTMAY,,,starter,98.6,,2021-08-28,,2023-12-16,4,62.5,0,2,,0,US,Telecommunications,,true,2024-01-15
2774-LVQUS,Telco-2774-LVQUS,,,starter,83.05,,2022-10-22,,2023-12-16,4,50.0,0,0,,2,US,Telecommunications,,true,2024-01-15
3097-PYWXL,Telco-3097-PYWXL,,,starter,19.95,,2023-09-17,,2024-01-15,3,12.5,0,0,,1,US,Telecommunications,,false,
2266-SJNAT,Telco-2266-SJNAT,,,growth,109.15,12,2018-02-15,2025-01-09,2024-01-15,15,87.5,0,3,,0,US,Telecommunications,,false,
0869-PAPRP,Telco-0869-PAPRP,,,starter,85.7,,2021-11-26,,2024-01-15,15,37.5,0,2,,0,US,Telecommunications,,false,
4238-JSSWH,Telco-4238-JSSWH,,,starter,102.05,,2021-03-01,,2024-01-15,15,62.5,0,2,,0,US,Telecommunications,,false,
2972-YDYUW,Telco-2972-YDYUW,,,growth,94.7,12,2019-05-11,2024-04-14,2024-01-15,15,62.5,0,2,,1,US,Telecommunications,,false,
1104-FEJAM,Telco-1104-FEJAM,,,starter,64.4,,2021-09-27,,2024-01-15,8,50.0,0,2,,1,US,Telecommunications,,false,
2809-ILCYT,Telco-2809-ILCYT,,,growth,26.8,12,2021-12-26,2024-12-10,2024-01-15,3,25.0,0,2,,0,US,Telecommunications,,false,
5499-ECUTN,Telco-5499-ECUTN,,,growth,66.05,12,2020-03-06,2024-02-14,2024-01-15,8,50.0,0,3,,0,US,Telecommunications,,false,
4981-FLTMF,Telco-4981-FLTMF,,,starter,65.2,,2019-05-11,,2024-01-15,8,62.5,0,2,,0,US,Telecommunications,,false,
9121-PHQSR,Telco-9121-PHQSR,,,starter,85.05,,2022-09-22,,2024-01-15,15,37.5,0,1,,0,US,Telecommunications,,false,
3113-IWHLC,Telco-3113-IWHLC,,,starter,55.8,,2023-08-18,,2024-01-15,8,37.5,0,0,,0,US,Telecommunications,,false,
3211-ILJTT,Telco-3211-ILJTT,,,starter,70.4,,2022-08-23,,2023-12-16,4,12.5,0,1,,0,US,Telecommunications,,true,2024-01-15
4612-THJBS,Telco-4612-THJBS,,,growth,104.75,12,2019-06-10,2020-06-04,2023-12-16,4,75.0,0,4,,0,US,Telecommunications,,true,2024-01-15
4277-BWBML,Telco-4277-BWBML,,,enterprise,19.95,24,2018-02-15,2026-01-04,2024-01-15,3,12.5,0,6,,0,US,Telecommunications,,false,
4094-NSEDU,Telco-4094-NSEDU,,,starter,94.25,,2022-04-25,,2023-12-16,4,50.0,0,1,,2,US,Telecommunications,,true,2024-01-15
0234-TEVTT,Telco-0234-TEVTT,,,growth,45.0,12,2020-02-05,2025-01-09,2024-01-15,8,37.5,0,4,,0,US,Telecommunications,,false,
4304-TSPVK,Telco-4304-TSPVK,,,enterprise,114.9,24,2018-06-15,2024-05-14,2024-01-15,15,100.0,0,2,,0,US,Telecommunications,,false,
1552-AAGRX,Telco-1552-AAGRX,,,starter,106.4,,2021-07-29,,2024-01-15,15,75.0,0,1,,0,US,Telecommunications,,false,
2637-FKFSY,Telco-2637-FKFSY,,,starter,46.1,,2023-10-17,,2024-01-15,8,12.5,0,0,,0,US,Telecommunications,,false,
9796-MVYXX,Telco-9796-MVYXX,,,enterprise,39.7,24,2022-11-21,2024-11-10,2024-01-15,8,37.5,0,0,,0,US,Telecommunications,,false,
7874-ECPQJ,Telco-7874-ECPQJ,,,starter,20.05,,2023-09-17,,2024-01-15,3,12.5,0,0,,0,US,Telecommunications,,false,
0020-INWCK,Telco-0020-INWCK,,,enterprise,95.75,24,2018-03-17,2024-02-14,2024-01-15,15,62.5,0,5,,0,US,Telecommunications,,false,
7089-RKVSZ,Telco-7089-RKVSZ,,,growth,24.4,12,2023-05-20,2024-05-14,2024-01-15,3,25.0,0,0,,0,US,Telecommunications,,false,
2683-JXWQQ,Telco-2683-JXWQQ,,,starter,33.6,,2019-01-11,,2024-01-15,8,25.0,0,5,,0,US,Telecommunications,,false,
9548-ZMVTX,Telco-9548-ZMVTX,,,enterprise,90.45,24,2018-02-15,2026-01-04,2024-01-15,15,62.5,0,3,,0,US,Telecommunications,,false,
8739-XNIKG,Telco-8739-XNIKG,,,starter,84.0,,2023-08-18,,2024-01-15,15,37.5,0,0,,1,US,Telecommunications,,false,
9755-JHNMN,Telco-9755-JHNMN,,,enterprise,67.4,24,2020-01-06,2025-12-05,2024-01-15,8,62.5,0,2,,0,US,Telecommunications,,false,
3981-QSVQI,Telco-3981-QSVQI,,,starter,19.7,,2023-05-20,,2024-01-15,3,12.5,0,0,,0,US,Telecommunications,,false,
2789-HQBOU,Telco-2789-HQBOU,,,starter,80.35,,2023-10-17,,2024-01-15,15,25.0,0,0,,1,US,Telecommunications,,false,
9424-CMPOG,Telco-9424-CMPOG,,,enterprise,19.6,24,2023-04-20,2025-04-09,2024-01-15,3,12.5,0,0,,0,US,Telecommunications,,false,
5067-WJEUN,Telco-5067-WJEUN,,,enterprise,54.2,24,2018-07-15,2024-06-13,2024-01-15,8,37.5,0,5,,0,US,Telecommunications,,false,
3450-WXOAT,Telco-3450-WXOAT,,,starter,45.2,,2020-04-05,,2024-01-15,8,12.5,0,3,,0,US,Telecommunications,,false,
9251-WNSOD,Telco-9251-WNSOD,,,growth,75.1,12,2018-07-15,2024-06-13,2024-01-15,8,75.0,0,5,,0,US,Telecommunications,,false,
6974-DAFLI,Telco-6974-DAFLI,,,growth,19.7,12,2019-07-10,2024-06-13,2024-01-15,3,12.5,0,4,,1,US,Telecommunications,,false,
2616-UUTFK,Telco-2616-UUTFK,,,starter,72.75,,2021-04-30,,2024-01-15,8,75.0,0,2,,0,US,Telecommunications,,false,
7064-JHXCE,Telco-7064-JHXCE,,,enterprise,20.05,24,2018-12-12,2024-11-10,2024-01-15,3,12.5,0,5,,0,US,Telecommunications,,false,
5103-MHMHY,Telco-5103-MHMHY,,,starter,45.95,,2023-12-16,,2023-12-16,2,12.5,0,0,,1,US,Telecommunications,,true,2024-01-15
7989-AWGEH,Telco-7989-AWGEH,,,starter,39.2,,2020-01-06,,2024-01-15,8,25.0,0,4,,1,US,Telecommunications,,false,
4373-VVHQL,Telco-4373-VVHQL,,,starter,44.75,,2023-12-16,,2024-01-15,8,12.5,0,0,,1,US,Telecommunications,,false,
4559-UWIHT,Telco-4559-UWIHT,,,starter,82.65,,2022-11-21,,2024-01-15,15,50.0,0,1,,1,US,Telecommunications,,false,
7268-IGMFD,Telco-7268-IGMFD,,,starter,93.9,,2022-07-24,,2024-01-15,15,62.5,0,0,,0,US,Telecommunications,,false,
1846-XWOQN,Telco-1846-XWOQN,,,starter,70.15,,2023-12-16,,2023-12-16,4,12.5,0,0,,2,US,Telecommunications,,true,2024-01-15
0235-KGSLC,Telco-0235-KGSLC,,,starter,85.55,,2023-12-16,,2023-12-16,4,37.5,0,0,,0,US,Telecommunications,,true,2024-01-15
6650-BWFRT,Telco-6650-BWFRT,,,enterprise,117.15,24,2018-02-15,2026-01-04,2024-01-15,15,100.0,0,3,,0,US,Telecommunications,,false,
9570-KYEUA,Telco-9570-KYEUA,,,enterprise,99.25,24,2018-10-13,2024-09-11,2024-01-15,15,75.0,0,2,,0,US,Telecommunications,,false,
6993-YGFJV,Telco-6993-YGFJV,,,enterprise,112.55,24,2018-05-16,2024-04-14,2024-01-15,15,100.0,0,2,,0,US,Telecommunications,,false,
2712-SYWAY,Telco-2712-SYWAY,,,starter,25.7,,2023-12-16,,2024-01-15,3,25.0,0,0,,1,US,Telecommunications,,false,
0730-BGQGF,Telco-0730-BGQGF,,,enterprise,90.3,24,2018-03-17,2024-02-14,2024-01-15,8,100.0,0,2,,0,US,Telecommunications,,false,
5498-IBWPI,Telco-5498-IBWPI,,,growth,49.4,12,2018-08-14,2024-07-13,2024-01-15,8,25.0,0,2,,0,US,Telecommunications,,false,
9101-NTIXF,Telco-9101-NTIXF,,,starter,19.4,,2023-11-16,,2024-01-15,3,12.5,0,0,,0,US,Telecommunications,,false,
0013-SMEOE,Telco-0013-SMEOE,,,enterprise,109.7,24,2018-03-17,2024-02-14,2024-01-15,15,87.5,0,2,,0,US,Telecommunications,,false,
9314-QDMDW,Telco-9314-QDMDW,,,growth,61.25,12,2023-02-19,2024-02-14,2024-01-15,8,37.5,0,0,,1,US,Telecommunications,,false,
9308-ANMVE,Telco-9308-ANMVE,,,starter,55.3,,2020-03-06,,2024-01-15,8,37.5,0,3,,1,US,Telecommunications,,false,
2884-GBPFB,Telco-2884-GBPFB,,,starter,70.3,,2021-03-01,,2023-12-16,4,12.5,0,2,,2,US,Telecommunications,,true,2024-01-15
3757-NJYBX,Telco-3757-NJYBX,,,starter,106.35,,2021-05-30,,2023-12-16,4,75.0,0,2,,0,US,Telecommunications,,true,2024-01-15
3413-DHLPB,Telco-3413-DHLPB,,,starter,103.75,,2019-02-10,,2024-01-15,15,75.0,0,2,,0,US,Telecommunications,,false,
7649-PHJVR,Telco-7649-PHJVR,,,growth,19.5,12,2023-02-19,2024-02-14,2024-01-15,3,12.5,0,0,,0,US,Telecommunications,,false,
6114-TCFID,Telco-6114-TCFID,,,growth,39.5,12,2021-08-28,2024-08-12,2024-01-15,8,37.5,0,1,,0,US,Telecommunications,,false,
3787-TRIAL,Telco-3787-TRIAL,,,starter,26.05,,2022-04-25,,2024-01-15,8,0.0,0,1,,1,US,Telecommunications,,false,
2573-GYRUU,Telco-2573-GYRUU,,,starter,91.05,,2020-02-05,,2024-01-15,15,50.0,0,4,,0,US,Telecommunications,,false,
5156-UMKOW,Telco-5156-UMKOW,,,starter,29.65,,2023-10-17,,2024-01-15,8,12.5,0,0,,0,US,Telecommunications,,false,
1247-QBVSH,Telco-1247-QBVSH,,,starter,50.2,,2020-07-04,,2024-01-15,8,25.0,0,3,,0,US,Telecommunications,,false,
6734-GMPVK,Telco-6734-GMPVK,,,starter,105.3,,2023-08-18,,2024-01-15,15,75.0,0,0,,1,US,Telecommunications,,false,
9822-OAOVB,Telco-9822-OAOVB,,,starter,55.45,,2023-12-16,,2024-01-15,8,25.0,0,0,,1,US,Telecommunications,,false,
6161-ERDGD,Telco-6161-ERDGD,,,growth,85.45,12,2018-03-17,2024-02-14,2024-01-15,8,87.5,0,2,,1,US,Telecommunications,,false,
1226-JZNKR,Telco-1226-JZNKR,,,growth,19.8,12,2023-05-20,2024-05-14,2024-01-15,3,12.5,0,0,,1,US,Telecommunications,,false,
7318-EIVKO,Telco-7318-EIVKO,,,starter,59.25,,2023-05-20,,2024-01-15,8,37.5,0,0,,1,US,Telecommunications,,false,
3771-PZOBW,Telco-3771-PZOBW,,,starter,90.7,,2022-05-25,,2024-01-15,15,50.0,0,1,,0,US,Telecommunications,,false,
5136-KCKGI,Telco-5136-KCKGI,,,growth,103.7,12,2021-04-30,2022-04-25,2023-12-16,4,75.0,0,2,,1,US,Telecommunications,,true,2024-01-15
8231-BSWXX,Telco-8231-BSWXX,,,growth,79.05,12,2018-03-17,2024-02-14,2024-01-15,15,37.5,0,5,,0,US,Telecommunications,,false,
6486-LHTMA,Telco-6486-LHTMA,,,growth,90.7,12,2021-06-29,2024-06-13,2024-01-15,15,50.0,0,2,,1,US,Telecommunications,,false,
4083-BFNYK,Telco-4083-BFNYK,,,growth,95.0,12,2020-12-01,2024-11-10,2024-01-15,15,62.5,0,3,,0,US,Telecommunications,,false,
3722-WPXTK,Telco-3722-WPXTK,,,starter,88.35,,2023-12-16,,2023-12-16,4,37.5,0,0,,2,US,Telecommunications,,true,2024-01-15
7389-KBFIT,Telco-7389-KBFIT,,,starter,30.25,,2023-11-16,,2024-01-15,8,12.5,0,0,,0,US,Telecommunications,,false,
7176-WIONM,Telco-7176-WIONM,,,starter,49.85,,2023-01-20,,2024-01-15,8,37.5,0,1,,0,US,Telecommunications,,false,
5141-ZUVBH,Telco-5141-ZUVBH,,,starter,93.0,,2023-04-20,,2024-01-15,15,62.5,0,0,,0,US,Telecommunications,,false,
1089-HDMKP,Telco-1089-HDMKP,,,starter,54.55,,2023-02-19,,2024-01-15,8,37.5,0,0,,1,US,Telecommunications,,false,
7623-HKYRK,Telco-7623-HKYRK,,,starter,19.7,,2023-07-19,,2024-01-15,3,12.5,0,0,,0,US,Telecommunications,,false,
0310-SUCIN,Telco-0310-SUCIN,,,growth,84.8,12,2018-03-17,2024-02-14,2024-01-15,8,87.5,0,2,,0,US,Telecommunications,,false,
5197-PYEPU,Telco-5197-PYEPU,,,growth,94.45,12,2020-08-03,2024-07-13,2024-01-15,15,62.5,0,3,,0,US,Telecommunications,,false,
2929-ERCFZ,Telco-2929-ERCFZ,,,starter,94.2,,2023-05-20,,2023-12-16,4,50.0,0,0,,2,US,Telecommunications,,true,2024-01-15
7548-SEPYI,Telco-7548-SEPYI,,,starter,96.25,,2023-08-18,,2023-12-16,4,50.0,0,0,,2,US,Telecommunications,,true,2024-01-15
8835-VSDSE,Telco-8835-VSDSE,,,starter,70.7,,2023-11-16,,2023-12-16,4,12.5,0,0,,2,US,Telecommunications,,true,2024-01-15
6619-RPLQZ,Telco-6619-RPLQZ,,,enterprise,20.85,24,2020-05-05,2024-04-14,2024-01-15,3,12.5,0,3,,0,US,Telecommunications,,false,
3275-RHRNE,Telco-3275-RHRNE,,,growth,60.0,12,2021-09-27,2024-09-11,2024-01-15,8,62.5,0,1,,0,US,Telecommunications,,false,
3503-TYDAY,Telco-3503-TYDAY,,,starter,80.45,,2020-07-04,,2024-01-15,15,37.5,0,3,,1,US,Telecommunications,,false,
6901-GOGZG,Telco-6901-GOGZG,,,enterprise,84.95,24,2019-02-10,2025-01-09,2024-01-15,8,87.5,0,2,,1,US,Telecommunications,,false,
1623-NLDOT,Telco-1623-NLDOT,,,growth,33.55,12,2020-08-03,2021-07-29,2023-12-16,2,25.0,0,1,,1,US,Telecommunications,,true,2024-01-15
7021-XSNYE,Telco-7021-XSNYE,,,enterprise,49.65,24,2023-06-19,2025-06-08,2024-01-15,8,50.0,0,0,,0,US,Telecommunications,,false,
9621-OUPYD,Telco-9621-OUPYD,,,growth,20.2,12,2021-12-26,2024-12-10,2024-01-15,3,12.5,0,2,,0,US,Telecommunications,,false,
9898-KZQDZ,Telco-9898-KZQDZ,,,starter,94.55,,2020-10-02,,2023-12-16,4,50.0,0,3,,0,US,Telecommunications,,true,2024-01-15
8982-NHAVY,Telco-8982-NHAVY,,,growth,100.5,12,2021-10-27,2024-10-11,2024-01-15,15,62.5,0,2,,0,US,Telecommunications,,false,
4307-KWMXE,Telco-4307-KWMXE,,,starter,35.75,,2023-03-21,,2024-01-15,8,25.0,0,0,,1,US,Telecommunications,,false,
0141-YEAYS,Telco-0141-YEAYS,,,starter,86.45,,2021-10-27,,2024-01-15,15,50.0,0,2,,0,US,Telecommunications,,false,
2450-ZKEED,Telco-2450-ZKEED,,,growth,53.8,12,2023-02-19,2024-02-14,2024-01-15,8,37.5,0,0,,0,US,Telecommunications,,false,
3694-DELSO,Telco-3694-DELSO,,,starter,38.55,,2023-09-17,,2024-01-15,8,25.0,0,0,,0,US,Telecommunications,,false,
3893-JRNFS,Telco-3893-JRNFS,,,starter,39.9,,2018-06-15,,2024-01-15,8,25.0,0,5,,0,US,Telecommunications,,false,
9603-OAIHC,Telco-9603-OAIHC,,,starter,70.05,,2023-12-16,,2024-01-15,15,12.5,0,0,,1,US,Telecommunications,,false,
1133-KXCGE,Telco-1133-KXCGE,,,growth,20.1,12,2022-07-24,2024-07-13,2024-01-15,3,12.5,0,1,,0,US,Telecommunications,,false,
5236-PERKL,Telco-5236-PERKL,,,enterprise,112.95,24,2019-05-11,2021-04-30,2023-12-16,4,87.5,0,4,,0,US,Telecommunications,,true,2024-01-15
0142-GVYSN,Telco-0142-GVYSN,,,starter,20.3,,2021-11-26,,2024-01-15,3,12.5,0,2,,1,US,Telecommunications,,false,
1049-FYSYG,Telco-1049-FYSYG,,,starter,35.65,,2022-08-23,,2024-01-15,8,25.0,0,1,,0,US,Telecommunications,,false,
7854-FOKSF,Telco-7854-FOKSF,,,starter,35.9,,2023-12-16,,2023-12-16,2,12.5,0,0,,2,US,Telecommunications,,true,2024-01-15
2519-FAKOD,Telco-2519-FAKOD,,,starter,99.25,,2020-12-01,,2023-12-16,4,62.5,0,3,,0,US,Telecommunications,,true,2024-01-15
8406-LNMHF,Telco-8406-LNMHF,,,growth,82.95,12,2019-03-12,2024-02-14,2024-01-15,15,50.0,0,4,,0,US,Telecommunications,,false,
1821-BUCWY,Telco-1821-BUCWY,,,enterprise,55.65,24,2021-07-29,2025-07-08,2024-01-15,8,37.5,0,2,,0,US,Telecommunications,,false,
8263-JQAIK,Telco-8263-JQAIK,,,starter,24.45,,2023-11-16,,2023-12-16,2,0.0,0,0,,1,US,Telecommunications,,true,2024-01-15
0023-UYUPN,Telco-0023-UYUPN,,,growth,25.2,12,2019-12-07,2024-11-10,2024-01-15,3,25.0,0,4,,1,US,Telecommunications,,false,
8314-DPQHL,Telco-8314-DPQHL,,,growth,50.8,12,2023-04-20,2024-04-14,2024-01-15,8,50.0,0,0,,0,US,Telecommunications,,false,
1465-WCZVT,Telco-1465-WCZVT,,,starter,19.65,,2023-10-17,,2024-01-15,3,12.5,0,0,,0,US,Telecommunications,,false,
9481-SFCQY,Telco-9481-SFCQY,,,starter,59.8,,2022-11-21,,2024-01-15,8,37.5,0,1,,0,US,Telecommunications,,false,
6360-SVNWV,Telco-6360-SVNWV,,,starter,73.55,,2021-06-29,,2024-01-15,15,25.0,0,2,,0,US,Telecommunications,,false,
0567-GGCAC,Telco-0567-GGCAC,,,starter,61.4,,2023-06-19,,2024-01-15,8,50.0,0,0,,1,US,Telecommunications,,false,
7089-IVVAZ,Telco-7089-IVVAZ,,,starter,103.35,,2023-05-20,,2023-12-16,4,75.0,0,0,,0,US,Telecommunications,,true,2024-01-15
8884-MRNSU,Telco-8884-MRNSU,,,growth,19.9,12,2022-08-23,2024-08-12,2024-01-15,3,12.5,0,1,,0,US,Telecommunications,,false,
2171-UDMFD,Telco-2171-UDMFD,,,starter,19.45,,2021-05-30,,2024-01-15,3,12.5,0,2,,0,US,Telecommunications,,false,
9050-IKDZA,Telco-9050-IKDZA,,,starter,81.5,,2023-11-16,,2024-01-15,15,25.0,0,0,,0,US,Telecommunications,,false,
2205-YMZZJ,Telco-2205-YMZZJ,,,starter,84.8,,2023-06-19,,2023-12-16,4,37.5,0,0,,2,US,Telecommunications,,true,2024-01-15
9802-CAQUT,Telco-9802-CAQUT,,,enterprise,109.55,24,2018-02-15,2026-01-04,2024-01-15,15,87.5,0,6,,0,US,Telecommunications,,false,
1254-IZEYF,Telco-1254-IZEYF,,,starter,99.95,,2021-06-29,,2023-12-16,4,62.5,0,2,,2,US,Telecommunications,,true,2024-01-15
0187-WZNAB,Telco-0187-WZNAB,,,starter,74.4,,2021-10-27,,2024-01-15,15,25.0,0,2,,0,US,Telecommunications,,false,
9492-TOKRI,Telco-9492-TOKRI,,,starter,90.0,,2022-07-24,,2023-12-16,4,50.0,0,1,,0,US,Telecommunications,,true,2024-01-15
1475-VWVDO,Telco-1475-VWVDO,,,starter,74.9,,2023-06-19,,2024-01-15,15,25.0,0,0,,1,US,Telecommunications,,false,
9221-OTIVJ,Telco-9221-OTIVJ,,,starter,104.85,,2022-11-21,,2023-12-16,4,75.0,0,1,,2,US,Telecommunications,,true,2024-01-15
1357-MVDOZ,Telco-1357-MVDOZ,,,starter,59.65,,2023-02-19,,2024-01-15,8,37.5,0,0,,0,US,Telecommunications,,false,
7602-MVRMB,Telco-7602-MVRMB,,,enterprise,110.45,24,2018-02-15,2026-01-04,2024-01-15,15,87.5,0,3,,0,US,Telecommunications,,false,
3325-FUYCG,Telco-3325-FUYCG,,,growth,106.1,12,2021-09-27,2022-09-22,2023-12-16,4,75.0,0,2,,2,US,Telecommunications,,true,2024-01-15
5908-QMGOE,Telco-5908-QMGOE,,,starter,74.2,,2022-10-22,,2023-12-16,4,25.0,0,1,,0,US,Telecommunications,,true,2024-01-15
1197-BVMVG,Telco-1197-BVMVG,,,starter,74.45,,2023-09-17,,2024-01-15,15,25.0,0,0,,1,US,Telecommunications,,false,
5406-KGRMX,Telco-5406-KGRMX,,,enterprise,24.55,24,2018-03-17,2024-02-14,2024-01-15,3,25.0,0,5,,1,US,Telecommunications,,false,
8481-YYXWG,Telco-8481-YYXWG,,,starter,89.35,,2023-08-18,,2023-12-16,4,50.0,0,0,,2,US,Telecommunications,,true,2024-01-15
5968-HYJRZ,Telco-5968-HYJRZ,,,enterprise,24.55,24,2020-03-06,2024-02-14,2024-01-15,3,25.0,0,3,,0,US,Telecommunications,,false,
5198-EFNBM,Telco-5198-EFNBM,,,growth,90.65,12,2019-05-11,2024-04-14,2024-01-15,15,50.0,0,4,,1,US,Telecommunications,,false,
7516-GMHUV,Telco-7516-GMHUV,,,enterprise,105.05,24,2019-12-07,2025-11-05,2024-01-15,15,75.0,0,4,,0,US,Telecommunications,,false,
7140-ADSMJ,Telco-7140-ADSMJ,,,starter,20.45,,2023-05-20,,2024-01-15,3,12.5,0,0,,0,US,Telecommunications,,false,
2230-XTUWL,Telco-2230-XTUWL,,,enterprise,19.55,24,2020-02-05,2026-01-04,2024-01-15,3,12.5,0,4,,0,US,Telecommunications,,false,
7706-YLMQA,Telco-7706-YLMQA,,,growth,19.7,12,2018-04-16,2024-03-15,2024-01-15,3,12.5,0,5,,0,US,Telecommunications,,false,
2585-KTFRE,Telco-2585-KTFRE,,,starter,70.45,,2023-12-16,,2024-01-15,8,62.5,0,0,,0,US,Telecommunications,,false,
7994-UYIVZ,Telco-7994-UYIVZ,,,starter,85.65,,2023-05-20,,2024-01-15,15,37.5,0,0,,0,US,Telecommunications,,false,
2609-IAICY,Telco-2609-IAICY,,,starter,77.15,,2023-12-16,,2023-12-16,4,25.0,0,0,,2,US,Telecommunications,,true,2024-01-15
1740-CSDJP,Telco-1740-CSDJP,,,starter,35.25,,2023-12-16,,2023-12-16,2,12.5,0,0,,0,US,Telecommunications,,true,2024-01-15
7717-BICXI,Telco-7717-BICXI,,,enterprise,20.55,24,2019-02-10,2025-01-09,2024-01-15,3,12.5,0,5,,0,US,Telecommunications,,false,
6559-RAKOZ,Telco-6559-RAKOZ,,,growth,97.95,12,2020-01-06,2024-12-10,2024-01-15,15,62.5,0,2,,1,US,Telecommunications,,false,
2636-OHFMN,Telco-2636-OHFMN,,,starter,48.55,,2023-09-17,,2023-12-16,2,37.5,0,0,,2,US,Telecommunications,,true,2024-01-15
4716-MRVEN,Telco-4716-MRVEN,,,growth,20.0,12,2021-08-28,2024-08-12,2024-01-15,3,12.5,0,2,,0,US,Telecommunications,,false,
2143-LJULT,Telco-2143-LJULT,,,enterprise,25.25,24,2018-07-15,2024-06-13,2024-01-15,3,25.0,0,5,,0,US,Telecommunications,,false,
1323-OOEPC,Telco-1323-OOEPC,,,starter,98.4,,2019-09-08,,2023-12-16,4,62.5,0,4,,0,US,Telecommunications,,true,2024-01-15
3200-MNQTF,Telco-3200-MNQTF,,,enterprise,70.9,24,2018-07-15,2024-06-13,2024-01-15,8,75.0,0,2,,0,US,Telecommunications,,false,
6164-HXUGH,Telco-6164-HXUGH,,,starter,19.85,,2023-07-19,,2024-01-15,3,12.5,0,0,,0,US,Telecommunications,,false,
5630-IXDXV,Telco-5630-IXDXV,,,starter,106.35,,2020-03-06,,2024-01-15,15,75.0,0,3,,1,US,Telecommunications,,false,
0320-DWVTU,Telco-0320-DWVTU,,,enterprise,99.5,24,2019-09-08,2025-08-07,2024-01-15,15,75.0,0,2,,0,US,Telecommunications,,false,
9135-MGVPY,Telco-9135-MGVPY,,,enterprise,84.7,24,2018-05-16,2024-04-14,2024-01-15,8,87.5,0,2,,0,US,Telecommunications,,false,
1212-GLHMD,Telco-1212-GLHMD,,,starter,86.05,,2023-10-17,,2024-01-15,15,37.5,0,0,,0,US,Telecommunications,,false,
7878-JGDKK,Telco-7878-JGDKK,,,starter,44.55,,2023-09-17,,2024-01-15,8,12.5,0,0,,0,US,Telecommunications,,false,
1088-AUUZZ,Telco-1088-AUUZZ,,,enterprise,75.85,24,2019-06-10,2025-05-09,2024-01-15,8,75.0,0,2,,0,US,Telecommunications,,false,
0397-GZBBC,Telco-0397-GZBBC,,,starter,93.85,,2019-03-12,,2023-12-16,4,50.0,0,4,,0,US,Telecommunications,,true,2024-01-15
6614-YWYSC,Telco-6614-YWYSC,,,enterprise,25.0,24,2019-01-11,2024-12-10,2024-01-15,3,25.0,0,5,,0,US,Telecommunications,,false,
9588-OZDMQ,Telco-9588-OZDMQ,,,starter,45.0,,2023-11-16,,2024-01-15,8,12.5,0,0,,1,US,Telecommunications,,false,
7641-EUYET,Telco-7641-EUYET,,,starter,100.7,,2020-04-05,,2023-12-16,4,75.0,0,3,,2,US,Telecommunications,,true,2024-01-15
6476-EPYZR,Telco-6476-EPYZR,,,starter,20.5,,2023-01-20,,2024-01-15,3,12.5,0,1,,0,US,Telecommunications,,false,
9921-ZVRHG,Telco-9921-ZVRHG,,,starter,80.45,,2022-11-21,,2023-12-16,4,37.5,0,1,,2,US,Telecommunications,,true,2024-01-15
1174-FGIFN,Telco-1174-FGIFN,,,growth,90.45,12,2021-09-27,2024-09-11,2024-01-15,15,50.0,0,1,,1,US,Telecommunications,,false,
6620-HVDUJ,Telco-6620-HVDUJ,,,starter,60.45,,2022-01-25,,2024-01-15,8,50.0,0,1,,0,US,Telecommunications,,false,
4701-MLJPN,Telco-4701-MLJPN,,,starter,55.25,,2021-06-29,,2023-12-16,2,37.5,0,1,,2,US,Telecommunications,,true,2024-01-15
1032-MAELW,Telco-1032-MAELW,,,growth,78.45,12,2018-06-15,2024-05-14,2024-01-15,8,87.5,0,2,,1,US,Telecommunications,,false,
7641-TQFHN,Telco-7641-TQFHN,,,enterprise,100.55,24,2020-11-01,2024-10-11,2024-01-15,15,62.5,0,1,,0,US,Telecommunications,,false,
1552-TKMXS,Telco-1552-TKMXS,,,starter,20.35,,2020-08-03,,2024-01-15,3,12.5,0,3,,0,US,Telecommunications,,false,
9206-GVPEQ,Telco-9206-GVPEQ,,,starter,54.45,,2022-12-21,,2023-12-16,2,50.0,0,0,,2,US,Telecommunications,,true,2024-01-15
8622-ZLFKO,Telco-8622-ZLFKO,,,starter,90.75,,2023-07-19,,2024-01-15,15,50.0,0,0,,1,US,Telecommunications,,false,
1596-BBVTG,Telco-1596-BBVTG,,,starter,75.35,,2021-03-01,,2023-12-16,4,25.0,0,2,,0,US,Telecommunications,,true,2024-01-15
6188-UXBBR,Telco-6188-UXBBR,,,growth,20.25,12,2020-12-01,2024-11-10,2024-01-15,3,12.5,0,3,,0,US,Telecommunications,,false,
2333-KWEWW,Telco-2333-KWEWW,,,enterprise,20.05,24,2022-07-24,2024-07-13,2024-01-15,3,12.5,0,1,,0,US,Telecommunications,,false,
5702-SKUOB,Telco-5702-SKUOB,,,starter,19.6,,2023-09-17,,2024-01-15,3,12.5,0,0,,0,US,Telecommunications,,false,
1134-YWTYF,Telco-1134-YWTYF,,,starter,53.8,,2021-10-27,,2024-01-15,8,37.5,0,1,,1,US,Telecommunications,,false,
6061-GWWAV,Telco-6061-GWWAV,,,growth,70.2,12,2020-09-02,2024-08-12,2024-01-15,8,62.5,0,3,,0,US,Telecommunications,,false,
0679-TDGAK,Telco-0679-TDGAK,,,growth,75.5,12,2019-12-07,2024-11-10,2024-01-15,8,62.5,0,2,,1,US,Telecommunications,,false,
6585-WCEWR,Telco-6585-WCEWR,,,enterprise,20.35,24,2018-02-15,2026-01-04,2024-01-15,3,12.5,0,6,,1,US,Telecommunications,,false,
9067-YGSCA,Telco-9067-YGSCA,,,growth,26.05,12,2018-04-16,2024-03-15,2024-01-15,3,25.0,0,5,,0,US,Telecommunications,,false,
9067-SQTNS,Telco-9067-SQTNS,,,growth,20.6,12,2020-06-04,2024-05-14,2024-01-15,3,12.5,0,3,,0,US,Telecommunications,,false,
8433-WXGNA,Telco-8433-WXGNA,,,starter,75.7,,2023-11-16,,2023-12-16,4,25.0,0,0,,2,US,Telecommunications,,true,2024-01-15
1776-SPBWV,Telco-1776-SPBWV,,,growth,20.1,12,2021-03-31,2024-03-15,2024-01-15,3,12.5,0,2,,0,US,Telecommunications,,false,
8735-SDUFN,Telco-8735-SDUFN,,,enterprise,24.3,24,2018-02-15,2026-01-04,2024-01-15,3,25.0,0,6,,0,US,Telecommunications,,false,
9668-PUGNU,Telco-9668-PUGNU,,,enterprise,24.5,24,2018-03-17,2024-02-14,2024-01-15,3,25.0,0,5,,1,US,Telecommunications,,false,
9405-GPBBG,Telco-9405-GPBBG,,,enterprise,110.5,24,2018-10-13,2024-09-11,2024-01-15,15,87.5,0,2,,0,US,Telecommunications,,false,
1926-QUZNN,Telco-1926-QUZNN,,,enterprise,25.25,24,2018-02-15,2026-01-04,2024-01-15,3,25.0,0,6,,0,US,Telecommunications,,false,
3707-GNWHM,Telco-3707-GNWHM,,,starter,74.25,,2023-12-16,,2023-12-16,4,25.0,0,0,,1,US,Telecommunications,,true,2024-01-15
7016-NVRIC,Telco-7016-NVRIC,,,growth,90.1,12,2021-08-28,2024-08-12,2024-01-15,15,50.0,0,2,,0,US,Telecommunications,,false,
5829-NVSQN,Telco-5829-NVSQN,,,growth,68.75,12,2022-02-24,2024-02-14,2024-01-15,8,62.5,0,0,,0,US,Telecommunications,,false,
9565-AXSMR,Telco-9565-AXSMR,,,enterprise,19.2,24,2019-10-08,2025-09-06,2024-01-15,3,12.5,0,4,,0,US,Telecommunications,,false,
8922-LIEGH,Telco-8922-LIEGH,,,starter,89.7,,2021-12-26,,2023-12-16,4,50.0,0,2,,2,US,Telecommunications,,true,2024-01-15
8869-LIHMK,Telco-8869-LIHMK,,,enterprise,115.1,24,2018-10-13,2024-09-11,2024-01-15,15,100.0,0,2,,0,US,Telecommunications,,false,
8245-UMPYT,Telco-8245-UMPYT,,,starter,96.4,,2022-09-22,,2023-12-16,4,50.0,0,1,,2,US,Telecommunications,,true,2024-01-15
5186-SAMNZ,Telco-5186-SAMNZ,,,starter,69.5,,2023-12-16,,2023-12-16,4,12.5,0,0,,0,US,Telecommunications,,true,2024-01-15
0447-RXSGD,Telco-0447-RXSGD,,,starter,99.65,,2022-01-25,,2024-01-15,15,62.5,0,2,,0,US,Telecommunications,,false,
4927-WWOOZ,Telco-4927-WWOOZ,,,starter,91.45,,2023-11-16,,2024-01-15,15,50.0,0,0,,1,US,Telecommunications,,false,
5788-YPOEG,Telco-5788-YPOEG,,,enterprise,84.75,24,2021-03-31,2025-03-10,2024-01-15,8,87.5,0,1,,0,US,Telecommunications,,false,
5373-SFODM,Telco-5373-SFODM,,,starter,85.25,,2021-01-30,,2023-12-16,4,37.5,0,3,,0,US,Telecommunications,,true,2024-01-15
0661-KBKPA,Telco-0661-KBKPA,,,growth,78.75,12,2019-09-08,2024-08-12,2024-01-15,8,75.0,0,2,,0,US,Telecommunications,,false,
9081-WWXKP,Telco-9081-WWXKP,,,enterprise,20.25,24,2020-03-06,2024-02-14,2024-01-15,3,12.5,0,3,,0,US,Telecommunications,,false,
0784-ZQJZX,Telco-0784-ZQJZX,,,enterprise,19.9,24,2018-02-15,2026-01-04,2024-01-15,3,12.5,0,6,,0,US,Telecommunications,,false,
3133-PZNSR,Telco-3133-PZNSR,,,enterprise,97.75,24,2018-02-15,2026-01-04,2024-01-15,15,75.0,0,3,,0,US,Telecommunications,,false,
5766-ZJYBB,Telco-5766-ZJYBB,,,starter,19.4,,2023-12-16,,2023-12-16,1,12.5,0,0,,1,US,Telecommunications,,true,2024-01-15
8931-GJJIQ,Telco-8931-GJJIQ,,,starter,83.3,,2023-04-20,,2023-12-16,4,37.5,0,0,,2,US,Telecommunications,,true,2024-01-15
4277-PVRAN,Telco-4277-PVRAN,,,starter,80.1,,2023-05-20,,2023-12-16,4,25.0,0,0,,0,US,Telecommunications,,true,2024-01-15
0022-TCJCI,Telco-0022-TCJCI,,,growth,62.7,12,2020-05-05,2021-04-30,2023-12-16,2,50.0,0,3,,0,US,Telecommunications,,true,2024-01-15
0722-SVSFK,Telco-0722-SVSFK,,,starter,100.4,,2023-06-19,,2024-01-15,15,62.5,0,0,,1,US,Telecommunications,,false,
3612-YVGSJ,Telco-3612-YVGSJ,,,enterprise,24.45,24,2018-03-17,2024-02-14,2024-01-15,3,25.0,0,5,,0,US,Telecommunications,,false,
9825-YCXWZ,Telco-9825-YCXWZ,,,growth,101.1,12,2020-09-02,2024-08-12,2024-01-15,15,62.5,0,1,,0,US,Telecommunications,,false,
5397-NSKQG,Telco-5397-NSKQG,,,enterprise,50.9,24,2018-07-15,2024-06-13,2024-01-15,8,37.5,0,5,,0,US,Telecommunications,,false,
8565-HBFNN,Telco-8565-HBFNN,,,growth,107.2,12,2018-05-16,2024-04-14,2024-01-15,15,87.5,0,2,,0,US,Telecommunications,,false,
2000-DHJUY,Telco-2000-DHJUY,,,enterprise,92.2,24,2018-04-16,2024-03-15,2024-01-15,8,100.0,0,2,,0,US,Telecommunications,,false,
0203-HHYIJ,Telco-0203-HHYIJ,,,growth,25.3,12,2021-12-26,2022-12-21,2023-12-16,1,25.0,0,2,,0,US,Telecommunications,,true,2024-01-15
8670-ERCJH,Telco-8670-ERCJH,,,enterprise,113.4,24,2018-02-15,2026-01-04,2024-01-15,15,100.0,0,3,,0,US,Telecommunications,,false,
7758-UJWYS,Telco-7758-UJWYS,,,enterprise,40.55,24,2021-03-31,2025-03-10,2024-01-15,8,25.0,0,1,,1,US,Telecommunications,,false,
2050-ONYDQ,Telco-2050-ONYDQ,,,enterprise,26.0,24,2018-09-13,2024-08-12,2024-01-15,3,25.0,0,5,,0,US,Telecommunications,,false,
7055-JCGNI,Telco-7055-JCGNI,,,enterprise,111.95,24,2018-04-16,2024-03-15,2024-01-15,15,100.0,0,2,,0,US,Telecommunications,,false,
0739-UUAJR,Telco-0739-UUAJR,,,enterprise,53.8,24,2018-02-15,2026-01-04,2024-01-15,8,50.0,0,6,,0,US,Telecommunications,,false,
4826-DXMUP,Telco-4826-DXMUP,,,growth,72.1,12,2021-03-01,2024-02-14,2024-01-15,8,50.0,0,1,,0,US,Telecommunications,,false,
0952-KMEEH,Telco-0952-KMEEH,,,starter,98.15,,2022-12-21,,2023-12-16,4,62.5,0,1,,1,US,Telecommunications,,true,2024-01-15
7285-KLOTR,Telco-7285-KLOTR,,,growth,78.85,12,2023-01-20,2025-01-09,2024-01-15,8,75.0,0,1,,1,US,Telecommunications,,false,
0654-PQKDW,Telco-0654-PQKDW,,,growth,70.75,12,2018-12-12,2024-11-10,2024-01-15,8,62.5,0,2,,0,US,Telecommunications,,false,
7175-NTIXE,Telco-7175-NTIXE,,,starter,76.15,,2021-12-26,,2024-01-15,8,62.5,0,1,,0,US,Telecommunications,,false,
7963-SHNDT,Telco-7963-SHNDT,,,enterprise,39.1,24,2019-10-08,2025-09-06,2024-01-15,8,37.5,0,2,,0,US,Telecommunications,,false,
9796-BPKIW,Telco-9796-BPKIW,,,starter,69.95,,2023-05-20,,2024-01-15,15,12.5,0,0,,0,US,Telecommunications,,false,
0188-GWFLE,Telco-0188-GWFLE,,,starter,20.05,,2023-11-16,,2024-01-15,3,12.5,0,0,,0,US,Telecommunications,,false,
8129-GMVGI,Telco-8129-GMVGI,,,enterprise,20.05,24,2019-06-10,2025-05-09,2024-01-15,3,12.5,0,4,,0,US,Telecommunications,,false,
2882-DDZPG,Telco-2882-DDZPG,,,starter,19.45,,2023-01-20,,2024-01-15,3,12.5,0,1,,0,US,Telecommunications,,false,
3547-LQRIK,Telco-3547-LQRIK,,,growth,26.9,12,2020-03-06,2024-02-14,2024-01-15,3,25.0,0,3,,1,US,Telecommunications,,false,
9137-NOQKA,Telco-9137-NOQKA,,,starter,19.2,,2023-11-16,,2024-01-15,3,12.5,0,0,,1,US,Telecommunications,,false,
5843-TTHGI,Telco-5843-TTHGI,,,starter,50.0,,2022-07-24,,2024-01-15,8,25.0,0,1,,0,US,Telecommunications,,false,
1849-RJYIG,Telco-1849-RJYIG,,,starter,60.0,,2023-05-20,,2024-01-15,8,37.5,0,0,,1,US,Telecommunications,,false,
8868-GAGIO,Telco-8868-GAGIO,,,starter,84.55,,2020-05-05,,2024-01-15,15,50.0,0,3,,0,US,Telecommunications,,false,
4061-UKJWL,Telco-4061-UKJWL,,,starter,45.45,,2023-10-17,,2024-01-15,8,12.5,0,0,,0,US,Telecommunications,,false,
5380-XPJNZ,Telco-5380-XPJNZ,,,growth,20.05,12,2020-12-01,2024-11-10,2024-01-15,3,12.5,0,3,,0,US,Telecommunications,,false,
8263-QMNTJ,Telco-8263-QMNTJ,,,enterprise,115.55,24,2018-02-15,2026-01-04,2024-01-15,15,100.0,0,3,,1,US,Telecommunications,,false,
8178-EYZUO,Telco-8178-EYZUO,,,starter,93.7,,2020-04-05,,2023-12-16,4,62.5,0,3,,2,US,Telecommunications,,true,2024-01-15
3230-JCNZS,Telco-3230-JCNZS,,,enterprise,99.0,24,2018-03-17,2024-02-14,2024-01-15,15,75.0,0,5,,0,US,Telecommunications,,false,
0277-ORXQS,Telco-0277-ORXQS,,,enterprise,50.55,24,2018-08-14,2024-07-13,2024-01-15,8,37.5,0,2,,0,US,Telecommunications,,false,
5130-IEKQT,Telco-5130-IEKQT,,,starter,105.95,,2021-12-26,,2023-12-16,4,75.0,0,2,,1,US,Telecommunications,,true,2024-01-15
3230-WYKIR,Telco-3230-WYKIR,,,growth,82.0,12,2022-07-24,2023-07-19,2023-12-16,2,75.0,0,0,,0,US,Telecommunications,,true,2024-01-15
7996-BPXHY,Telco-7996-BPXHY,,,enterprise,25.0,24,2022-12-21,2024-12-10,2024-01-15,3,25.0,0,1,,0,US,Telecommunications,,false,
3227-WLKLI,Telco-3227-WLKLI,,,enterprise,91.55,24,2018-09-13,2024-08-12,2024-01-15,8,100.0,0,2,,0,US,Telecommunications,,false,
0407-BDJKB,Telco-0407-BDJKB,,,starter,95.75,,2019-02-10,,2023-12-16,4,62.5,0,5,,2,US,Telecommunications,,true,2024-01-15
2266-FUBDZ,Telco-2266-FUBDZ,,,enterprise,19.35,24,2022-10-22,2024-10-11,2024-01-15,3,12.5,0,1,,0,US,Telecommunications,,false,
8237-ULIXL,Telco-8237-ULIXL,,,enterprise,24.85,24,2018-02-15,2026-01-04,2024-01-15,3,25.0,0,6,,0,US,Telecommunications,,false,
9600-UDOPK,Telco-9600-UDOPK,,,starter,94.05,,2021-07-29,,2023-12-16,4,50.0,0,2,,0,US,Telecommunications,,true,2024-01-15
8216-AZUUZ,Telco-8216-AZUUZ,,,enterprise,100.4,24,2020-08-03,2024-07-13,2024-01-15,15,62.5,0,1,,1,US,Telecommunications,,false,
9153-BTBVV,Telco-9153-BTBVV,,,enterprise,25.0,24,2018-03-17,2024-02-14,2024-01-15,3,25.0,0,5,,0,US,Telecommunications,,false,
4074-SJFFA,Telco-4074-SJFFA,,,starter,54.75,,2023-12-16,,2023-12-16,2,25.0,0,0,,1,US,Telecommunications,,true,2024-01-15
3269-ATYWD,Telco-3269-ATYWD,,,starter,95.65,,2020-11-01,,2023-12-16,4,50.0,0,3,,0,US,Telecommunications,,true,2024-01-15
5186-PEIZU,Telco-5186-PEIZU,,,starter,19.25,,2021-03-01,,2024-01-15,3,12.5,0,2,,0,US,Telecommunications,,false,
1074-AMIOH,Telco-1074-AMIOH,,,starter,108.25,,2019-09-08,,2024-01-15,15,75.0,0,2,,0,US,Telecommunications,,false,
4910-GMJOT,Telco-4910-GMJOT,,,starter,94.6,,2023-12-16,,2023-12-16,4,50.0,0,0,,2,US,Telecommunications,,true,2024-01-15
0354-WYROK,Telco-0354-WYROK,,,starter,98.9,,2021-06-29,,2023-12-16,4,62.5,0,1,,2,US,Telecommunications,,true,2024-01-15
4361-FEBGN,Telco-4361-FEBGN,,,enterprise,20.15,24,2020-02-05,2026-01-04,2024-01-15,3,12.5,0,4,,0,US,Telecommunications,,false,
7748-UMTRK,Telco-7748-UMTRK,,,starter,101.3,,2021-07-29,,2024-01-15,15,62.5,0,1,,1,US,Telecommunications,,false,
0380-ZCSBI,Telco-0380-ZCSBI,,,starter,20.0,,2023-03-21,,2024-01-15,3,12.5,0,0,,0,US,Telecommunications,,false,
7145-FEJWU,Telco-7145-FEJWU,,,starter,105.3,,2023-01-20,,2024-01-15,15,75.0,0,1,,1,US,Telecommunications,,false,
6463-MVYRY,Telco-6463-MVYRY,,,enterprise,69.85,24,2019-05-11,2025-04-09,2024-01-15,8,62.5,0,2,,0,US,Telecommunications,,false,
3969-JQABI,Telco-3969-JQABI,,,starter,65.25,,2019-04-11,,2024-01-15,8,50.0,0,4,,0,US,Telecommunications,,false,
9624-EGDEQ,Telco-9624-EGDEQ,,,enterprise,19.8,24,2020-12-31,2024-12-10,2024-01-15,3,12.5,0,3,,0,US,Telecommunications,,false,
1051-EQPZR,Telco-1051-EQPZR,,,starter,19.6,,2020-06-04,,2024-01-15,3,12.5,0,3,,0,US,Telecommunications,,false,
5849-ASHZJ,Telco-5849-ASHZJ,,,growth,20.05,12,2021-10-27,2024-10-11,2024-01-15,3,12.5,0,2,,0,US,Telecommunications,,false,
5780-INQIK,Telco-5780-INQIK,,,starter,49.4,,2023-05-20,,2024-01-15,8,25.0,0,0,,1,US,Telecommunications,,false,
7576-OYWBN,Telco-7576-OYWBN,,,starter,76.05,,2023-10-17,,2023-12-16,4,25.0,0,0,,2,US,Telecommunications,,true,2024-01-15
4526-ZJJTM,Telco-4526-ZJJTM,,,starter,88.4,,2021-12-26,,2024-01-15,15,50.0,0,2,,0,US,Telecommunications,,false,
8384-FZBJK,Telco-8384-FZBJK,,,starter,100.6,,2019-05-11,,2024-01-15,15,62.5,0,4,,1,US,Telecommunications,,false,
3750-RNQKR,Telco-3750-RNQKR,,,starter,19.45,,2023-01-20,,2024-01-15,3,12.5,0,1,,0,US,Telecommunications,,false,
0962-CQPWQ,Telco-0962-CQPWQ,,,enterprise,20.3,24,2018-12-12,2024-11-10,2024-01-15,3,12.5,0,5,,0,US,Telecommunications,,false,
3096-YXENJ,Telco-3096-YXENJ,,,enterprise,107.65,24,2018-09-13,2024-08-12,2024-01-15,15,87.5,0,2,,0,US,Telecommunications,,false,
1265-BCFEO,Telco-1265-BCFEO,,,enterprise,80.45,24,2018-03-17,2024-02-14,2024-01-15,8,75.0,0,2,,0,US,Telecommunications,,false,
5837-LXSDN,Telco-5837-LXSDN,,,growth,58.85,12,2022-04-25,2024-04-14,2024-01-15,8,37.5,0,1,,0,US,Telecommunications,,false,
5945-AZYHT,Telco-5945-AZYHT,,,growth,109.6,12,2018-03-17,2024-02-14,2024-01-15,15,87.5,0,5,,1,US,Telecommunications,,false,
8325-QRPZR,Telco-8325-QRPZR,,,starter,75.15,,2023-06-19,,2024-01-15,15,25.0,0,0,,1,US,Telecommunications,,false,
6384-VMJHP,Telco-6384-VMJHP,,,enterprise,73.0,24,2018-02-15,2026-01-04,2024-01-15,8,75.0,0,3,,0,US,Telecommunications,,false,
2262-SLNVK,Telco-2262-SLNVK,,,starter,70.1,,2023-12-16,,2024-01-15,15,12.5,0,0,,1,US,Telecommunications,,false,
7730-CLDSV,Telco-7730-CLDSV,,,enterprise,98.65,24,2018-02-15,2026-01-04,2024-01-15,15,75.0,0,3,,0,US,Telecommunications,,false,
1135-HIORI,Telco-1135-HIORI,,,growth,111.45,12,2018-10-13,2024-09-11,2024-01-15,15,87.5,0,2,,1,US,Telecommunications,,false,
0164-APGRB,Telco-0164-APGRB,,,enterprise,114.9,24,2018-02-15,2026-01-04,2024-01-15,15,100.0,0,3,,1,US,Telecommunications,,false,
6481-ESCNL,Telco-6481-ESCNL,,,starter,100.55,,2021-08-28,,2024-01-15,15,62.5,0,2,,0,US,Telecommunications,,false,
1790-NESIO,Telco-1790-NESIO,,,enterprise,20.4,24,2022-12-21,2024-12-10,2024-01-15,3,12.5,0,1,,0,US,Telecommunications,,false,
1550-EENBN,Telco-1550-EENBN,,,starter,104.35,,2021-06-29,,2024-01-15,15,75.0,0,2,,1,US,Telecommunications,,false,
5539-TMZLF,Telco-5539-TMZLF,,,starter,69.75,,2023-12-16,,2023-12-16,4,12.5,0,0,,2,US,Telecommunications,,true,2024-01-15
4323-SADQS,Telco-4323-SADQS,,,starter,34.5,,2023-06-19,,2023-12-16,2,25.0,0,0,,2,US,Telecommunications,,true,2024-01-15
4446-BZKHU,Telco-4446-BZKHU,,,starter,105.55,,2019-01-11,,2023-12-16,4,75.0,0,5,,2,US,Telecommunications,,true,2024-01-15
5202-IVJNU,Telco-5202-IVJNU,,,starter,30.1,,2020-11-01,,2023-12-16,2,12.5,0,3,,0,US,Telecommunications,,true,2024-01-15
5976-JCJRH,Telco-5976-JCJRH,,,starter,70.3,,2023-03-21,,2023-12-16,4,12.5,0,0,,2,US,Telecommunications,,true,2024-01-15
8198-RKSZG,Telco-8198-RKSZG,,,starter,80.45,,2022-11-21,,2024-01-15,8,75.0,0,0,,0,US,Telecommunications,,false,
0137-OCGAB,Telco-0137-OCGAB,,,starter,80.2,,2023-12-16,,2023-12-16,4,37.5,0,0,,1,US,Telecommunications,,true,2024-01-15
3351-NQLDI,Telco-3351-NQLDI,,,growth,94.35,12,2018-07-15,2019-07-10,2023-12-16,4,62.5,0,2,,0,US,Telecommunications,,true,2024-01-15
9297-EONCV,Telco-9297-EONCV,,,enterprise,91.35,24,2018-02-15,2026-01-04,2024-01-15,8,100.0,0,3,,0,US,Telecommunications,,false,
7593-JNWRU,Telco-7593-JNWRU,,,starter,44.6,,2023-07-19,,2023-12-16,2,12.5,0,0,,0,US,Telecommunications,,true,2024-01-15
4588-YBNIB,Telco-4588-YBNIB,,,starter,19.6,,2023-12-16,,2023-12-16,1,12.5,0,0,,1,US,Telecommunications,,true,2024-01-15
1069-QJOEE,Telco-1069-QJOEE,,,growth,19.9,12,2021-12-26,2024-12-10,2024-01-15,3,12.5,0,2,,1,US,Telecommunications,,false,
3336-JORSO,Telco-3336-JORSO,,,starter,110.45,,2021-04-30,,2023-12-16,4,87.5,0,1,,2,US,Telecommunications,,true,2024-01-15
7799-DSEWS,Telco-7799-DSEWS,,,starter,68.35,,2022-07-24,,2024-01-15,8,62.5,0,0,,1,US,Telecommunications,,false,
8766-PAFNE,Telco-8766-PAFNE,,,enterprise,79.1,24,2018-03-17,2024-02-14,2024-01-15,8,75.0,0,2,,0,US,Telecommunications,,false,
5315-CKEQK,Telco-5315-CKEQK,,,growth,51.0,12,2021-09-27,2024-09-11,2024-01-15,8,25.0,0,2,,1,US,Telecommunications,,false,
3130-ICDUP,Telco-3130-ICDUP,,,starter,80.55,,2023-11-16,,2024-01-15,15,37.5,0,0,,0,US,Telecommunications,,false,
0820-FNRNX,Telco-0820-FNRNX,,,starter,66.7,,2022-08-23,,2024-01-15,8,62.5,0,0,,0,US,Telecommunications,,false,
0880-FVFWF,Telco-0880-FVFWF,,,starter,86.4,,2019-06-10,,2024-01-15,15,50.0,0,4,,1,US,Telecommunications,,false,
4611-ANLQC,Telco-4611-ANLQC,,,growth,50.05,12,2019-02-10,2025-01-09,2024-01-15,8,50.0,0,5,,1,US,Telecommunications,,false,
4213-HKBJO,Telco-4213-HKBJO,,,enterprise,25.7,24,2021-04-30,2025-04-09,2024-01-15,3,25.0,0,2,,0,US,Telecommunications,,false,
2792-LSHWX,Telco-2792-LSHWX,,,starter,83.4,,2023-12-16,,2024-01-15,15,50.0,0,0,,0,US,Telecommunications,,false,
5028-GZLDO,Telco-5028-GZLDO,,,starter,70.7,,2023-11-16,,2023-12-16,4,12.5,0,0,,0,US,Telecommunications,,true,2024-01-15
0014-BMAQU,Telco-0014-BMAQU,,,enterprise,84.65,24,2018-11-12,2024-10-11,2024-01-15,15,50.0,0,2,,0,US,Telecommunications,,false,
6861-XWTWQ,Telco-6861-XWTWQ,,,starter,99.25,,2023-06-19,,2023-12-16,4,62.5,0,0,,2,US,Telecommunications,,true,2024-01-15
9018-PCIOK,Telco-9018-PCIOK,,,enterprise,64.75,24,2019-07-10,2025-06-08,2024-01-15,8,50.0,0,4,,0,US,Telecommunications,,false,
4837-QUSFT,Telco-4837-QUSFT,,,growth,100.15,12,2018-09-13,2024-08-12,2024-01-15,15,75.0,0,2,,0,US,Telecommunications,,false,
6877-TJMBR,Telco-6877-TJMBR,,,starter,84.8,,2023-12-16,,2023-12-16,4,37.5,0,0,,2,US,Telecommunications,,true,2024-01-15
9953-ZMKSM,Telco-9953-ZMKSM,,,enterprise,25.25,24,2018-11-12,2024-10-11,2024-01-15,3,25.0,0,5,,0,US,Telecommunications,,false,
0907-HQNTS,Telco-0907-HQNTS,,,enterprise,113.0,24,2018-04-16,2024-03-15,2024-01-15,15,100.0,0,2,,0,US,Telecommunications,,false,
7665-NKLAV,Telco-7665-NKLAV,,,enterprise,40.65,24,2021-01-30,2025-01-09,2024-01-15,8,37.5,0,1,,0,US,Telecommunications,,false,
6769-DCQLI,Telco-6769-DCQLI,,,growth,105.0,12,2019-10-08,2020-10-02,2023-12-16,4,75.0,0,2,,0,US,Telecommunications,,true,2024-01-15
2433-KMEAS,Telco-2433-KMEAS,,,starter,54.45,,2022-03-26,,2023-12-16,2,37.5,0,1,,2,US,Telecommunications,,true,2024-01-15
4391-LNRXK,Telco-4391-LNRXK,,,starter,94.95,,2022-03-26,,2024-01-15,15,62.5,0,0,,0,US,Telecommunications,,false,
8250-ZNGGW,Telco-8250-ZNGGW,,,starter,59.9,,2023-08-18,,2024-01-15,8,50.0,0,0,,0,US,Telecommunications,,false,
2195-ZRVAX,Telco-2195-ZRVAX,,,starter,85.3,,2020-03-06,,2023-12-16,4,37.5,0,3,,2,US,Telecommunications,,true,2024-01-15
3550-SAHFP,Telco-3550-SAHFP,,,starter,83.35,,2021-04-30,,2023-12-16,4,37.5,0,2,,2,US,Telecommunications,,true,2024-01-15
2011-TRQYE,Telco-2011-TRQYE,,,starter,33.5,,2022-07-24,,2023-12-16,2,25.0,0,1,,0,US,Telecommunications,,true,2024-01-15
8562-GHPPI,Telco-8562-GHPPI,,,starter,19.8,,2023-12-16,,2024-01-15,3,12.5,0,0,,0,US,Telecommunications,,false,
5893-PYOLZ,Telco-5893-PYOLZ,,,enterprise,81.8,24,2019-06-10,2025-05-09,2024-01-15,8,75.0,0,2,,0,US,Telecommunications,,false,
4986-MXSFP,Telco-4986-MXSFP,,,starter,20.0,,2023-11-16,,2024-01-15,3,12.5,0,0,,0,US,Telecommunications,,false,
6131-FOYAS,Telco-6131-FOYAS,,,starter,59.6,,2021-03-01,,2024-01-15,8,50.0,0,2,,1,US,Telecommunications,,false,
3027-YNWZU,Telco-3027-YNWZU,,,enterprise,25.0,24,2018-10-13,2024-09-11,2024-01-15,3,25.0,0,5,,0,US,Telecommunications,,false,
5609-IMCGG,Telco-5609-IMCGG,,,starter,84.35,,2022-10-22,,2024-01-15,15,50.0,0,1,,0,US,Telecommunications,,false,
4873-ILOLJ,Telco-4873-ILOLJ,,,starter,90.35,,2022-01-25,,2023-12-16,4,37.5,0,2,,2,US,Telecommunications,,true,2024-01-15
4727-MCYZG,Telco-4727-MCYZG,,,starter,55.55,,2023-12-16,,2024-01-15,8,25.0,0,0,,0,US,Telecommunications,,false,
9481-WHGWY,Telco-9481-WHGWY,,,enterprise,75.35,24,2018-04-16,2024-03-15,2024-01-15,8,62.5,0,2,,0,US,Telecommunications,,false,
2725-KXXWT,Telco-2725-KXXWT,,,starter,90.75,,2023-12-16,,2023-12-16,4,37.5,0,0,,2,US,Telecommunications,,true,2024-01-15
9565-DJPIB,Telco-9565-DJPIB,,,starter,89.6,,2023-09-17,,2023-12-16,4,50.0,0,0,,1,US,Telecommunications,,true,2024-01-15
4328-VUFWD,Telco-4328-VUFWD,,,growth,59.3,12,2020-11-01,2024-10-11,2024-01-15,8,37.5,0,1,,1,US,Telecommunications,,false,
3301-LSLWQ,Telco-3301-LSLWQ,,,starter,66.1,,2021-08-28,,2024-01-15,8,50.0,0,2,,1,US,Telecommunications,,false,
7473-ZBDSN,Telco-7473-ZBDSN,,,enterprise,18.8,24,2022-11-21,2024-11-10,2024-01-15,3,12.5,0,1,,0,US,Telecommunications,,false,
3166-PNEOF,Telco-3166-PNEOF,,,enterprise,86.45,24,2019-01-11,2024-12-10,2024-01-15,8,87.5,0,2,,0,US,Telecommunications,,false,
5639-NTUPK,Telco-5639-NTUPK,,,starter,52.1,,2022-12-21,,2024-01-15,8,25.0,0,1,,0,US,Telecommunications,,false,
8780-YRMTT,Telco-8780-YRMTT,,,enterprise,47.4,24,2018-08-14,2024-07-13,2024-01-15,8,50.0,0,2,,0,US,Telecommunications,,false,
8348-HFYIV,Telco-8348-HFYIV,,,starter,49.25,,2023-11-16,,2023-12-16,2,37.5,0,0,,2,US,Telecommunications,,true,2024-01-15
5140-FOMCQ,Telco-5140-FOMCQ,,,growth,109.15,12,2019-03-12,2024-02-14,2024-01-15,15,87.5,0,4,,0,US,Telecommunications,,false,
6242-SGYTS,Telco-6242-SGYTS,,,growth,94.95,12,2018-12-12,2024-11-10,2024-01-15,15,62.5,0,5,,0,US,Telecommunications,,false,
8166-ORCHU,Telco-8166-ORCHU,,,growth,93.55,12,2021-04-30,2024-04-14,2024-01-15,15,62.5,0,1,,1,US,Telecommunications,,false,
8414-OOEEL,Telco-8414-OOEEL,,,enterprise,79.5,24,2018-08-14,2024-07-13,2024-01-15,8,75.0,0,2,,0,US,Telecommunications,,false,
8454-AATJP,Telco-8454-AATJP,,,enterprise,115.05,24,2018-02-15,2026-01-04,2024-01-15,15,100.0,0,3,,0,US,Telecommunications,,false,
6849-WLEYG,Telco-6849-WLEYG,,,starter,19.75,,2023-12-16,,2023-12-16,1,12.5,0,0,,1,US,Telecommunications,,true,2024-01-15
4659-NZRUF,Telco-4659-NZRUF,,,starter,95.15,,2022-06-24,,2023-12-16,4,62.5,0,1,,2,US,Telecommunications,,true,2024-01-15
4531-AUZNK,Telco-4531-AUZNK,,,growth,95.15,12,2019-11-07,2024-10-11,2024-01-15,15,62.5,0,2,,0,US,Telecommunications,,false,
4191-XOVOM,Telco-4191-XOVOM,,,starter,105.4,,2018-11-12,,2024-01-15,15,75.0,0,2,,1,US,Telecommunications,,false,
2150-OEGBV,Telco-2150-OEGBV,,,growth,20.1,12,2021-10-27,2024-10-11,2024-01-15,3,12.5,0,2,,0,US,Telecommunications,,false,
8429-XIBUM,Telco-8429-XIBUM,,,starter,101.35,,2022-03-26,,2023-12-16,4,62.5,0,1,,0,US,Telecommunications,,true,2024-01-15
1855-CFULU,Telco-1855-CFULU,,,starter,20.05,,2023-09-17,,2024-01-15,3,12.5,0,0,,0,US,Telecommunications,,false,
4878-BUNFV,Telco-4878-BUNFV,,,enterprise,20.7,24,2020-08-03,2024-07-13,2024-01-15,3,12.5,0,3,,0,US,Telecommunications,,false,
1872-EBWSC,Telco-1872-EBWSC,,,growth,20.35,12,2021-08-28,2024-08-12,2024-01-15,3,12.5,0,2,,0,US,Telecommunications,,false,
2608-BHKFN,Telco-2608-BHKFN,,,starter,70.05,,2023-09-17,,2023-12-16,4,12.5,0,0,,0,US,Telecommunications,,true,2024-01-15
7026-YMSBE,Telco-7026-YMSBE,,,growth,19.7,12,2021-07-29,2024-07-13,2024-01-15,3,12.5,0,2,,0,US,Telecommunications,,false,
7341-LXCAF,Telco-7341-LXCAF,,,starter,74.65,,2023-09-17,,2023-12-16,4,25.0,0,0,,2,US,Telecommunications,,true,2024-01-15
6997-UVGOX,Telco-6997-UVGOX,,,enterprise,85.45,24,2018-03-17,2024-02-14,2024-01-15,8,87.5,0,2,,0,US,Telecommunications,,false,
9674-EHPPG,Telco-9674-EHPPG,,,enterprise,40.4,24,2020-04-05,2024-03-15,2024-01-15,8,37.5,0,1,,0,US,Telecommunications,,false,
9462-MJUAW,Telco-9462-MJUAW,,,starter,50.4,,2023-09-17,,2023-12-16,2,25.0,0,0,,1,US,Telecommunications,,true,2024-01-15
8128-YVJRG,Telco-8128-YVJRG,,,starter,79.65,,2023-06-19,,2023-12-16,4,37.5,0,0,,1,US,Telecommunications,,true,2024-01-15
5440-VHLUL,Telco-5440-VHLUL,,,growth,105.2,12,2018-05-16,2024-04-14,2024-01-15,15,75.0,0,2,,0,US,Telecommunications,,false,
5781-BKHOP,Telco-5781-BKHOP,,,enterprise,100.65,24,2018-02-15,2026-01-04,2024-01-15,15,75.0,0,6,,0,US,Telecommunications,,false,
4283-FUTGF,Telco-4283-FUTGF,,,starter,79.85,,2022-06-24,,2023-12-16,4,37.5,0,1,,2,US,Telecommunications,,true,2024-01-15
5213-TWWJU,Telco-5213-TWWJU,,,starter,91.0,,2021-09-27,,2024-01-15,15,50.0,0,1,,1,US,Telecommunications,,false,
1569-TTNYJ,Telco-1569-TTNYJ,,,starter,78.75,,2023-08-18,,2023-12-16,4,37.5,0,0,,2,US,Telecommunications,,true,2024-01-15
8628-MFKAX,Telco-8628-MFKAX,,,enterprise,116.75,24,2018-02-15,2026-01-04,2024-01-15,15,100.0,0,3,,0,US,Telecommunications,,false,
2397-BRLOM,Telco-2397-BRLOM,,,starter,80.45,,2023-05-20,,2023-12-16,4,25.0,0,0,,0,US,Telecommunications,,true,2024-01-15
7629-WIXZF,Telco-7629-WIXZF,,,growth,59.1,12,2023-06-19,2024-06-13,2024-01-15,8,37.5,0,0,,1,US,Telecommunications,,false,
5445-GLVOT,Telco-5445-GLVOT,,,starter,49.8,,2022-03-26,,2024-01-15,8,25.0,0,1,,1,US,Telecommunications,,false,
3976-HXHCE,Telco-3976-HXHCE,,,enterprise,19.3,24,2018-02-15,2026-01-04,2024-01-15,3,12.5,0,6,,0,US,Telecommunications,,false,
2466-NEJOJ,Telco-2466-NEJOJ,,,starter,19.65,,2023-05-20,,2024-01-15,3,12.5,0,0,,0,US,Telecommunications,,false,
0254-KCJGT,Telco-0254-KCJGT,,,growth,81.4,12,2019-10-08,2024-09-11,2024-01-15,8,87.5,0,2,,0,US,Telecommunications,,false,
5472-CVMDX,Telco-5472-CVMDX,,,enterprise,38.9,24,2018-06-15,2024-05-14,2024-01-15,8,37.5,0,2,,0,US,Telecommunications,,false,
6461-SZMCV,Telco-6461-SZMCV,,,enterprise,87.95,24,2018-03-17,2024-02-14,2024-01-15,8,100.0,0,2,,0,US,Telecommunications,,false,
8150-QUDFX,Telco-8150-QUDFX,,,starter,19.85,,2023-11-16,,2024-01-15,3,12.5,0,0,,0,US,Telecommunications,,false,
9508-ILZDG,Telco-9508-ILZDG,,,starter,96.35,,2021-03-31,,2024-01-15,15,62.5,0,1,,1,US,Telecommunications,,false,
2346-DJQTB,Telco-2346-DJQTB,,,starter,24.15,,2021-03-01,,2024-01-15,8,0.0,0,2,,1,US,Telecommunications,,false,
1697-LYYYX,Telco-1697-LYYYX,,,growth,19.1,12,2019-01-11,2024-12-10,2024-01-15,3,12.5,0,5,,0,US,Telecommunications,,false,
1942-OQFRW,Telco-1942-OQFRW,,,starter,44.0,,2023-12-16,,2024-01-15,8,12.5,0,0,,1,US,Telecommunications,,false,
4749-VFKVB,Telco-4749-VFKVB,,,starter,50.1,,2023-12-16,,2023-12-16,2,25.0,0,0,,1,US,Telecommunications,,true,2024-01-15
9640-ZSLDC,Telco-9640-ZSLDC,,,growth,60.6,12,2019-09-08,2024-08-12,2024-01-15,8,37.5,0,4,,0,US,Telecommunications,,false,
4231-LZUYM,Telco-4231-LZUYM,,,enterprise,25.65,24,2018-02-15,2026-01-04,2024-01-15,3,25.0,0,6,,0,US,Telecommunications,,false,
7598-UAASY,Telco-7598-UAASY,,,starter,76.4,,2023-11-16,,2023-12-16,4,25.0,0,0,,2,US,Telecommunications,,true,2024-01-15
7938-OUHIO,Telco-7938-OUHIO,,,starter,98.7,,2023-10-17,,2023-12-16,4,62.5,0,0,,2,US,Telecommunications,,true,2024-01-15
8510-AWCXC,Telco-8510-AWCXC,,,starter,100.8,,2022-12-21,,2023-12-16,4,62.5,0,1,,2,US,Telecommunications,,true,2024-01-15
6128-AQBMT,Telco-6128-AQBMT,,,starter,53.95,,2020-09-02,,2024-01-15,8,50.0,0,3,,1,US,Telecommunications,,false,
3594-BDSOA,Telco-3594-BDSOA,,,growth,20.4,12,2022-01-25,2025-01-09,2024-01-15,3,12.5,0,2,,0,US,Telecommunications,,false,
0431-APWVY,Telco-0431-APWVY,,,growth,90.1,12,2021-09-27,2022-09-22,2023-12-16,4,37.5,0,2,,0,US,Telecommunications,,true,2024-01-15
5133-VRSAB,Telco-5133-VRSAB,,,starter,29.35,,2023-05-20,,2024-01-15,8,12.5,0,0,,0,US,Telecommunications,,false,
5996-DAOQL,Telco-5996-DAOQL,,,starter,20.45,,2023-12-16,,2024-01-15,3,12.5,0,0,,0,US,Telecommunications,,false,
6838-YAUVY,Telco-6838-YAUVY,,,enterprise,95.1,24,2019-08-09,2025-07-08,2024-01-15,15,62.5,0,2,,0,US,Telecommunications,,false,
0484-JPBRU,Telco-0484-JPBRU,,,starter,25.25,,2020-09-02,,2024-01-15,3,25.0,0,3,,0,US,Telecommunications,,false,
7883-ROJOC,Telco-7883-ROJOC,,,starter,44.9,,2022-06-24,,2024-01-15,8,12.5,0,1,,0,US,Telecommunications,,false,
0244-LGNFY,Telco-0244-LGNFY,,,enterprise,92.65,24,2018-02-15,2026-01-04,2024-01-15,8,100.0,0,3,,0,US,Telecommunications,,false,
7274-CGTOD,Telco-7274-CGTOD,,,enterprise,43.7,24,2018-12-12,2024-11-10,2024-01-15,8,50.0,0,2,,0,US,Telecommunications,,false,
4295-YURET,Telco-4295-YURET,,,enterprise,72.6,24,2019-06-10,2025-05-09,2024-01-15,8,62.5,0,2,,0,US,Telecommunications,,false,
3426-NIYYL,Telco-3426-NIYYL,,,starter,51.55,,2022-10-22,,2023-12-16,2,25.0,0,1,,2,US,Telecommunications,,true,2024-01-15
8225-BTJAU,Telco-8225-BTJAU,,,starter,79.25,,2023-03-21,,2023-12-16,4,25.0,0,0,,2,US,Telecommunications,,true,2024-01-15
4635-EJYPD,Telco-4635-EJYPD,,,enterprise,18.95,24,2021-05-30,2025-05-09,2024-01-15,3,12.5,0,2,,0,US,Telecommunications,,false,
1866-ZSLJM,Telco-1866-ZSLJM,,,starter,20.5,,2022-04-25,,2024-01-15,3,12.5,0,1,,0,US,Telecommunications,,false,
4636-TVXVG,Telco-4636-TVXVG,,,growth,19.95,12,2018-12-12,2024-11-10,2024-01-15,3,12.5,0,5,,0,US,Telecommunications,,false,
4236-UJPWO,Telco-4236-UJPWO,,,starter,24.5,,2023-11-16,,2024-01-15,8,0.0,0,0,,1,US,Telecommunications,,false,
9392-XBGTD,Telco-9392-XBGTD,,,enterprise,20.6,24,2021-10-27,2025-10-06,2024-01-15,3,12.5,0,2,,0,US,Telecommunications,,false,
3387-VATUS,Telco-3387-VATUS,,,starter,94.85,,2023-08-18,,2023-12-16,4,50.0,0,0,,0,US,Telecommunications,,true,2024-01-15
6402-SSEJG,Telco-6402-SSEJG,,,growth,61.05,12,2021-12-26,2024-12-10,2024-01-15,8,62.5,0,2,,1,US,Telecommunications,,false,
1143-NMNQJ,Telco-1143-NMNQJ,,,starter,85.7,,2023-11-16,,2023-12-16,4,37.5,0,0,,2,US,Telecommunications,,true,2024-01-15
1169-SAOCL,Telco-1169-SAOCL,,,growth,106.65,12,2020-01-06,2024-12-10,2024-01-15,15,75.0,0,2,,0,US,Telecommunications,,false,
1110-KYLGQ,Telco-1110-KYLGQ,,,starter,108.25,,2018-11-12,,2024-01-15,15,87.5,0,5,,0,US,Telecommunications,,false,
9929-PLVPA,Telco-9929-PLVPA,,,starter,20.4,,2023-09-17,,2024-01-15,3,12.5,0,0,,0,US,Telecommunications,,false,
3518-PZXZQ,Telco-3518-PZXZQ,,,starter,55.3,,2023-12-16,,2024-01-15,8,25.0,0,0,,0,US,Telecommunications,,false,
2371-JUNGC,Telco-2371-JUNGC,,,starter,20.25,,2023-02-19,,2024-01-15,3,12.5,0,0,,0,US,Telecommunications,,false,
7693-QPEFS,Telco-7693-QPEFS,,,starter,72.95,,2019-10-08,,2024-01-15,15,25.0,0,4,,0,US,Telecommunications,,false,
0924-BJCRC,Telco-0924-BJCRC,,,starter,89.45,,2019-02-10,,2024-01-15,15,50.0,0,5,,1,US,Telecommunications,,false,
5074-FBGHB,Telco-5074-FBGHB,,,growth,104.65,12,2018-10-13,2024-09-11,2024-01-15,15,75.0,0,2,,0,US,Telecommunications,,false,
2351-BKRZW,Telco-2351-BKRZW,,,enterprise,75.2,24,2020-07-04,2024-06-13,2024-01-15,8,62.5,0,3,,0,US,Telecommunications,,false,
4455-BFSPD,Telco-4455-BFSPD,,,growth,101.15,12,2019-01-11,2024-12-10,2024-01-15,15,62.5,0,2,,0,US,Telecommunications,,false,
0415-MOSGF,Telco-0415-MOSGF,,,starter,44.4,,2023-12-16,,2023-12-16,2,12.5,0,0,,1,US,Telecommunications,,true,2024-01-15
1724-BQUHA,Telco-1724-BQUHA,,,starter,89.5,,2023-08-18,,2023-12-16,4,37.5,0,0,,2,US,Telecommunications,,true,2024-01-15
3948-KXDUF,Telco-3948-KXDUF,,,enterprise,68.75,24,2018-08-14,2024-07-13,2024-01-15,8,75.0,0,2,,0,US,Telecommunications,,false,
2323-ARSVR,Telco-2323-ARSVR,,,enterprise,111.05,24,2018-07-15,2024-06-13,2024-01-15,15,87.5,0,2,,1,US,Telecommunications,,false,
0815-MFZGM,Telco-0815-MFZGM,,,enterprise,99.0,24,2020-08-03,2024-07-13,2024-01-15,15,62.5,0,1,,0,US,Telecommunications,,false,
4826-XTSOH,Telco-4826-XTSOH,,,starter,86.05,,2023-12-16,,2023-12-16,4,37.5,0,0,,2,US,Telecommunications,,true,2024-01-15
5480-XTFFL,Telco-5480-XTFFL,,,enterprise,21.0,24,2021-06-29,2025-06-08,2024-01-15,3,12.5,0,2,,0,US,Telecommunications,,false,
8295-FHIVV,Telco-8295-FHIVV,,,starter,19.4,,2023-06-19,,2024-01-15,3,12.5,0,0,,0,US,Telecommunications,,false,
2495-INZWQ,Telco-2495-INZWQ,,,starter,44.55,,2023-09-17,,2023-12-16,2,25.0,0,0,,2,US,Telecommunications,,true,2024-01-15
9086-YJYXS,Telco-9086-YJYXS,,,growth,77.2,12,2021-03-31,2024-03-15,2024-01-15,8,62.5,0,2,,0,US,Telecommunications,,false,
1179-INLAT,Telco-1179-INLAT,,,growth,19.45,12,2023-10-17,2024-10-11,2024-01-15,3,12.5,0,0,,0,US,Telecommunications,,false,
7909-FIOIY,Telco-7909-FIOIY,,,starter,24.85,,2022-06-24,,2024-01-15,8,0.0,0,1,,0,US,Telecommunications,,false,
4139-SUGLD,Telco-4139-SUGLD,,,starter,35.4,,2021-06-29,,2023-12-16,2,25.0,0,1,,0,US,Telecommunications,,true,2024-01-15
6857-VWJDT,Telco-6857-VWJDT,,,starter,95.65,,2023-12-16,,2023-12-16,4,50.0,0,0,,1,US,Telecommunications,,true,2024-01-15
6351-SCJKT,Telco-6351-SCJKT,,,starter,41.35,,2023-10-17,,2024-01-15,8,37.5,0,0,,0,US,Telecommunications,,false,
5468-BPMMO,Telco-5468-BPMMO,,,starter,19.6,,2020-04-05,,2024-01-15,3,12.5,0,3,,1,US,Telecommunications,,false,
5624-BQSSA,Telco-5624-BQSSA,,,starter,20.95,,2023-12-16,,2023-12-16,1,12.5,0,0,,1,US,Telecommunications,,true,2024-01-15
0197-PNKNK,Telco-0197-PNKNK,,,growth,84.45,12,2018-05-16,2024-04-14,2024-01-15,15,50.0,0,5,,0,US,Telecommunications,,false,
2439-QKJUL,Telco-2439-QKJUL,,,starter,20.25,,2023-08-18,,2024-01-15,3,12.5,0,0,,0,US,Telecommunications,,false,
1194-SPVSP,Telco-1194-SPVSP,,,starter,19.65,,2023-12-16,,2024-01-15,3,12.5,0,0,,0,US,Telecommunications,,false,
9534-NSXEM,Telco-9534-NSXEM,,,growth,20.65,12,2021-11-26,2024-11-10,2024-01-15,3,12.5,0,2,,0,US,Telecommunications,,false,
2408-WITXK,Telco-2408-WITXK,,,starter,34.7,,2023-03-21,,2023-12-16,2,12.5,0,0,,2,US,Telecommunications,,true,2024-01-15
8929-KSWIH,Telco-8929-KSWIH,,,enterprise,99.3,24,2021-12-26,2025-12-05,2024-01-15,15,62.5,0,1,,0,US,Telecommunications,,false,
2250-IVBWA,Telco-2250-IVBWA,,,starter,81.05,,2018-10-13,,2024-01-15,15,37.5,0,5,,1,US,Telecommunications,,false,
1810-MVMAI,Telco-1810-MVMAI,,,starter,67.6,,2021-07-29,,2024-01-15,8,75.0,0,1,,1,US,Telecommunications,,false,
9506-UXUSK,Telco-9506-UXUSK,,,starter,70.15,,2022-12-21,,2024-01-15,15,12.5,0,1,,1,US,Telecommunications,,false,
1229-RCALF,Telco-1229-RCALF,,,growth,115.0,12,2018-10-13,2024-09-11,2024-01-15,15,100.0,0,2,,1,US,Telecommunications,,false,
3572-UOLYZ,Telco-3572-UOLYZ,,,starter,84.8,,2020-04-05,,2024-01-15,15,50.0,0,1,,0,US,Telecommunications,,false,
1429-UYJSV,Telco-1429-UYJSV,,,growth,19.7,12,2023-01-20,2025-01-09,2024-01-15,3,12.5,0,1,,0,US,Telecommunications,,false,
5577-OTWWW,Telco-5577-OTWWW,,,starter,19.75,,2022-10-22,,2023-12-16,1,12.5,0,1,,0,US,Telecommunications,,true,2024-01-15
6100-QQHEB,Telco-6100-QQHEB,,,starter,92.55,,2022-08-23,,2023-12-16,4,50.0,0,1,,2,US,Telecommunications,,true,2024-01-15
6366-XIVKZ,Telco-6366-XIVKZ,,,starter,63.15,,2022-12-21,,2024-01-15,8,50.0,0,1,,0,US,Telecommunications,,false,
3470-OBUET,Telco-3470-OBUET,,,enterprise,74.0,24,2018-07-15,2024-06-13,2024-01-15,8,75.0,0,2,,0,US,Telecommunications,,false,
2770-NSVDG,Telco-2770-NSVDG,,,starter,29.1,,2022-01-25,,2024-01-15,8,12.5,0,2,,1,US,Telecommunications,,false,
9375-MHRRS,Telco-9375-MHRRS,,,starter,50.05,,2023-07-19,,2024-01-15,8,25.0,0,0,,0,US,Telecommunications,,false,
2634-HCZGT,Telco-2634-HCZGT,,,growth,60.05,12,2019-09-08,2020-09-02,2023-12-16,2,50.0,0,2,,2,US,Telecommunications,,true,2024-01-15
7503-QQRVF,Telco-7503-QQRVF,,,starter,74.3,,2022-09-22,,2023-12-16,4,25.0,0,1,,0,US,Telecommunications,,true,2024-01-15
4860-YZGZM,Telco-4860-YZGZM,,,starter,20.0,,2023-03-21,,2024-01-15,3,12.5,0,0,,1,US,Telecommunications,,false,
6599-GZWCM,Telco-6599-GZWCM,,,growth,74.65,12,2022-12-21,2024-12-10,2024-01-15,15,25.0,0,1,,0,US,Telecommunications,,false,
2691-NZETQ,Telco-2691-NZETQ,,,starter,85.35,,2023-04-20,,2023-12-16,4,37.5,0,0,,2,US,Telecommunications,,true,2024-01-15
4404-HIBDJ,Telco-4404-HIBDJ,,,growth,74.3,12,2021-12-26,2022-12-21,2023-12-16,2,75.0,0,1,,1,US,Telecommunications,,true,2024-01-15
5533-NHFRF,Telco-5533-NHFRF,,,starter,44.4,,2023-06-19,,2024-01-15,8,37.5,0,0,,1,US,Telecommunications,,false,
7037-MTYVW,Telco-7037-MTYVW,,,enterprise,85.4,24,2020-12-01,2024-11-10,2024-01-15,8,87.5,0,1,,0,US,Telecommunications,,false,
4760-THGOT,Telco-4760-THGOT,,,starter,94.1,,2020-07-04,,2024-01-15,15,62.5,0,3,,1,US,Telecommunications,,false,
7295-JOMMD,Telco-7295-JOMMD,,,starter,98.1,,2023-09-17,,2023-12-16,4,62.5,0,0,,0,US,Telecommunications,,true,2024-01-15
4016-BJKTZ,Telco-4016-BJKTZ,,,enterprise,108.9,24,2021-12-26,2025-12-05,2024-01-15,15,87.5,0,1,,1,US,Telecommunications,,false,
6584-VQMYT,Telco-6584-VQMYT,,,growth,56.2,12,2021-10-27,2024-10-11,2024-01-15,8,37.5,0,2,,0,US,Telecommunications,,false,
9838-BFCQT,Telco-9838-BFCQT,,,enterprise,26.1,24,2018-02-15,2026-01-04,2024-01-15,3,25.0,0,6,,0,US,Telecommunications,,false,
2790-XUYMV,Telco-2790-XUYMV,,,growth,85.45,12,2018-03-17,2024-02-14,2024-01-15,15,50.0,0,5,,0,US,Telecommunications,,false,
0581-MDMPW,Telco-0581-MDMPW,,,starter,88.95,,2022-01-25,,2024-01-15,15,50.0,0,2,,0,US,Telecommunications,,false,
5013-SBUIH,Telco-5013-SBUIH,,,enterprise,109.65,24,2019-12-07,2021-11-26,2023-12-16,4,87.5,0,2,,2,US,Telecommunications,,true,2024-01-15
1023-BQXZE,Telco-1023-BQXZE,,,enterprise,74.35,24,2019-05-11,2025-04-09,2024-01-15,8,62.5,0,4,,0,US,Telecommunications,,false,
9163-GHAYE,Telco-9163-GHAYE,,,starter,48.85,,2022-10-22,,2024-01-15,8,25.0,0,1,,1,US,Telecommunications,,false,
3904-UKFRE,Telco-3904-UKFRE,,,starter,80.1,,2023-09-17,,2024-01-15,15,37.5,0,0,,1,US,Telecommunications,,false,
5353-WILCI,Telco-5353-WILCI,,,starter,56.05,,2021-09-27,,2024-01-15,8,37.5,0,2,,1,US,Telecommunications,,false,
0709-TVGUR,Telco-0709-TVGUR,,,starter,74.55,,2023-04-20,,2023-12-16,4,25.0,0,0,,2,US,Telecommunications,,true,2024-01-15
0058-EVZWM,Telco-0058-EVZWM,,,starter,89.8,,2019-07-10,,2024-01-15,15,50.0,0,4,,0,US,Telecommunications,,false,
6023-YEBUP,Telco-6023-YEBUP,,,starter,100.95,,2023-10-17,,2023-12-16,4,62.5,0,0,,2,US,Telecommunications,,true,2024-01-15
7209-JCUDS,Telco-7209-JCUDS,,,starter,94.9,,2023-03-21,,2023-12-16,4,50.0,0,0,,2,US,Telecommunications,,true,2024-01-15
7009-PCARS,Telco-7009-PCARS,,,growth,19.1,12,2019-07-10,2024-06-13,2024-01-15,3,12.5,0,4,,0,US,Telecommunications,,false,
0519-DRGTI,Telco-0519-DRGTI,,,starter,20.35,,2022-05-25,,2024-01-15,3,12.5,0,1,,0,US,Telecommunications,,false,
1017-FBQMM,Telco-1017-FBQMM,,,growth,106.05,12,2018-12-12,2024-11-10,2024-01-15,15,75.0,0,2,,0,US,Telecommunications,,false,
3001-CBHLQ,Telco-3001-CBHLQ,,,starter,104.9,,2021-05-30,,2023-12-16,4,75.0,0,1,,2,US,Telecommunications,,true,2024-01-15
1985-MBRYP,Telco-1985-MBRYP,,,enterprise,19.65,24,2020-07-04,2024-06-13,2024-01-15,3,12.5,0,3,,0,US,Telecommunications,,false,
6158-DWPZT,Telco-6158-DWPZT,,,growth,24.1,12,2023-04-20,2024-04-14,2023-12-16,2,0.0,0,0,,0,US,Telecommunications,,true,2024-01-15
9372-TXXPS,Telco-9372-TXXPS,,,enterprise,59.85,24,2019-02-10,2025-01-09,2024-01-15,8,50.0,0,2,,0,US,Telecommunications,,false,
3259-QMXUN,Telco-3259-QMXUN,,,enterprise,86.1,24,2019-04-11,2025-03-10,2024-01-15,8,87.5,0,4,,1,US,Telecommunications,,false,
1015-JPFYW,Telco-1015-JPFYW,,,growth,19.45,12,2023-06-19,2024-06-13,2024-01-15,3,12.5,0,0,,0,US,Telecommunications,,false,
6645-MXQJT,Telco-6645-MXQJT,,,starter,97.1,,2023-11-16,,2024-01-15,15,50.0,0,0,,1,US,Telecommunications,,false,
4360-QRAVE,Telco-4360-QRAVE,,,starter,36.65,,2020-12-31,,2024-01-15,8,25.0,0,3,,1,US,Telecommunications,,false,
8433-WPJTV,Telco-8433-WPJTV,,,growth,103.9,12,2018-09-13,2024-08-12,2024-01-15,15,75.0,0,2,,0,US,Telecommunications,,false,
5804-JMYIO,Telco-5804-JMYIO,,,enterprise,19.75,24,2020-11-01,2024-10-11,2024-01-15,3,12.5,0,3,,0,US,Telecommunications,,false,
3763-GCZHZ,Telco-3763-GCZHZ,,,growth,104.05,12,2018-08-14,2019-08-09,2023-12-16,4,75.0,0,2,,2,US,Telecommunications,,true,2024-01-15
6484-LATFU,Telco-6484-LATFU,,,enterprise,24.55,24,2018-06-15,2024-05-14,2024-01-15,3,25.0,0,5,,0,US,Telecommunications,,false,
7599-NTMDP,Telco-7599-NTMDP,,,enterprise,48.7,24,2018-12-12,2024-11-10,2024-01-15,8,50.0,0,2,,0,US,Telecommunications,,false,
0772-GYEQQ,Telco-0772-GYEQQ,,,starter,88.35,,2023-10-17,,2023-12-16,4,50.0,0,0,,1,US,Telecommunications,,true,2024-01-15
0536-ACXIP,Telco-0536-ACXIP,,,enterprise,109.55,24,2018-02-15,2026-01-04,2024-01-15,15,87.5,0,6,,1,US,Telecommunications,,false,
0936-NQLJU,Telco-0936-NQLJU,,,enterprise,20.65,24,2020-09-02,2024-08-12,2024-01-15,3,12.5,0,3,,0,US,Telecommunications,,false,
4831-EOBFE,Telco-4831-EOBFE,,,starter,94.65,,2021-08-28,,2023-12-16,4,50.0,0,2,,0,US,Telecommunications,,true,2024-01-15
1575-KRZZE,Telco-1575-KRZZE,,,starter,55.2,,2023-09-17,,2024-01-15,8,37.5,0,0,,1,US,Telecommunications,,false,
3251-YMVWZ,Telco-3251-YMVWZ,,,growth,24.05,12,2019-09-08,2024-08-12,2024-01-15,3,25.0,0,4,,0,US,Telecommunications,,false,
4102-OQUPX,Telco-4102-OQUPX,,,starter,74.4,,2023-12-16,,2023-12-16,4,25.0,0,0,,2,US,Telecommunications,,true,2024-01-15
9170-GYZJC,Telco-9170-GYZJC,,,starter,79.9,,2020-09-02,,2023-12-16,2,87.5,0,1,,0,US,Telecommunications,,true,2024-01-15
4884-LEVMQ,Telco-4884-LEVMQ,,,enterprise,20.45,24,2020-11-01,2024-10-11,2024-01-15,3,12.5,0,3,,0,US,Telecommunications,,false,
8857-CUPFQ,Telco-8857-CUPFQ,,,enterprise,19.25,24,2018-11-12,2024-10-11,2024-01-15,3,12.5,0,5,,0,US,Telecommunications,,false,
7610-TVOPG,Telco-7610-TVOPG,,,starter,26.35,,2022-10-22,,2024-01-15,3,25.0,0,1,,1,US,Telecommunications,,false,
3638-DIMPH,Telco-3638-DIMPH,,,growth,43.8,12,2022-12-21,2024-12-10,2024-01-15,8,12.5,0,1,,1,US,Telecommunications,,false,
1845-ZLLIG,Telco-1845-ZLLIG,,,starter,50.15,,2023-12-16,,2024-01-15,8,25.0,0,0,,0,US,Telecommunications,,false,
8559-WNQZS,Telco-8559-WNQZS,,,enterprise,20.45,24,2023-12-16,2025-12-05,2024-01-15,3,12.5,0,0,,0,US,Telecommunications,,false,
3999-QGRJH,Telco-3999-QGRJH,,,starter,69.7,,2023-05-20,,2023-12-16,4,12.5,0,0,,2,US,Telecommunications,,true,2024-01-15
1699-UOTXU,Telco-1699-UOTXU,,,enterprise,61.4,24,2019-02-10,2025-01-09,2024-01-15,8,50.0,0,5,,1,US,Telecommunications,,false,
2454-RPBRZ,Telco-2454-RPBRZ,,,starter,98.1,,2023-01-20,,2023-12-16,4,62.5,0,1,,2,US,Telecommunications,,true,2024-01-15
0635-WKOLD,Telco-0635-WKOLD,,,growth,70.75,12,2020-10-02,2024-09-11,2024-01-15,8,62.5,0,1,,0,US,Telecommunications,,false,
5993-JSUWV,Telco-5993-JSUWV,,,enterprise,61.15,24,2018-08-14,2024-07-13,2024-01-15,8,50.0,0,5,,0,US,Telecommunications,,false,
4518-FZBSX,Telco-4518-FZBSX,,,growth,20.25,12,2020-08-03,2024-07-13,2024-01-15,3,12.5,0,3,,0,US,Telecommunications,,false,
5387-ASZNZ,Telco-5387-ASZNZ,,,growth,63.85,12,2018-08-14,2024-07-13,2024-01-15,8,62.5,0,2,,0,US,Telecommunications,,false,
6988-CJEYV,Telco-6988-CJEYV,,,starter,98.7,,2020-01-06,,2024-01-15,15,62.5,0,4,,1,US,Telecommunications,,false,
2002-MZHWP,Telco-2002-MZHWP,,,starter,20.5,,2023-12-16,,2023-12-16,1,12.5,0,0,,1,US,Telecommunications,,true,2024-01-15
3097-FQTVJ,Telco-3097-FQTVJ,,,enterprise,20.0,24,2020-09-02,2024-08-12,2024-01-15,3,12.5,0,3,,0,US,Telecommunications,,false,
5465-BUBFA,Telco-5465-BUBFA,,,enterprise,19.3,24,2020-09-02,2024-08-12,2024-01-15,3,12.5,0,3,,0,US,Telecommunications,,false,
7299-GNVPL,Telco-7299-GNVPL,,,starter,84.4,,2022-02-24,,2024-01-15,15,50.0,0,0,,0,US,Telecommunications,,false,
9743-DQKQW,Telco-9743-DQKQW,,,starter,25.1,,2023-10-17,,2024-01-15,8,0.0,0,0,,1,US,Telecommunications,,false,
1215-VFYVK,Telco-1215-VFYVK,,,starter,48.25,,2023-09-17,,2024-01-15,8,50.0,0,0,,0,US,Telecommunications,,false,
9371-BITHB,Telco-9371-BITHB,,,enterprise,19.85,24,2019-10-08,2025-09-06,2024-01-15,3,12.5,0,4,,0,US,Telecommunications,,false,
2265-CYWIV,Telco-2265-CYWIV,,,starter,99.6,,2023-09-17,,2023-12-16,4,62.5,0,0,,2,US,Telecommunications,,true,2024-01-15
9093-FPDLG,Telco-9093-FPDLG,,,starter,94.2,,2023-02-19,,2024-01-15,15,62.5,0,0,,1,US,Telecommunications,,false,
0541-FITGH,Telco-0541-FITGH,,,starter,62.15,,2023-11-16,,2024-01-15,8,37.5,0,0,,0,US,Telecommunications,,false,
6985-HAYWX,Telco-6985-HAYWX,,,starter,79.3,,2021-11-26,,2024-01-15,15,37.5,0,2,,0,US,Telecommunications,,false,
7508-KBIMB,Telco-7508-KBIMB,,,growth,56.25,12,2022-01-25,2025-01-09,2024-01-15,8,37.5,0,2,,0,US,Telecommunications,,false,
6838-HVLXG,Telco-6838-HVLXG,,,starter,20.3,,2023-01-20,,2024-01-15,3,12.5,0,1,,0,US,Telecommunications,,false,
2277-DJJDL,Telco-2277-DJJDL,,,starter,99.0,,2019-02-10,,2024-01-15,15,62.5,0,2,,1,US,Telecommunications,,false,
1897-OKVMW,Telco-1897-OKVMW,,,enterprise,90.6,24,2018-10-13,2024-09-11,2024-01-15,8,100.0,0,2,,0,US,Telecommunications,,false,
5485-ITNPC,Telco-5485-ITNPC,,,enterprise,85.9,24,2018-08-14,2024-07-13,2024-01-15,8,87.5,0,2,,0,US,Telecommunications,,false,
0233-FTHAV,Telco-0233-FTHAV,,,growth,79.2,12,2019-02-10,2025-01-09,2024-01-15,15,37.5,0,5,,0,US,Telecommunications,,false,
4644-PIZRT,Telco-4644-PIZRT,,,growth,70.35,12,2022-08-23,2024-08-12,2024-01-15,8,62.5,0,1,,0,US,Telecommunications,,false,
8922-NPKBJ,Telco-8922-NPKBJ,,,enterprise,19.35,24,2020-08-03,2024-07-13,2024-01-15,3,12.5,0,3,,0,US,Telecommunications,,false,
2740-TVLFN,Telco-2740-TVLFN,,,starter,50.15,,2023-12-16,,2024-01-15,8,25.0,0,0,,1,US,Telecommunications,,false,
7771-CFQRQ,Telco-7771-CFQRQ,,,enterprise,63.8,24,2020-03-06,2024-02-14,2024-01-15,8,50.0,0,1,,0,US,Telecommunications,,false,
9512-PHSMG,Telco-9512-PHSMG,,,starter,20.55,,2023-03-21,,2024-01-15,3,12.5,0,0,,0,US,Telecommunications,,false,
6963-EZQEE,Telco-6963-EZQEE,,,enterprise,88.55,24,2018-04-16,2024-03-15,2024-01-15,8,100.0,0,2,,0,US,Telecommunications,,false,
2452-KDRRH,Telco-2452-KDRRH,,,starter,101.4,,2018-07-15,,2024-01-15,15,62.5,0,5,,0,US,Telecommunications,,false,
2004-OCQXK,Telco-2004-OCQXK,,,starter,81.95,,2023-12-16,,2023-12-16,4,25.0,0,0,,2,US,Telecommunications,,true,2024-01-15
5027-QPKTE,Telco-5027-QPKTE,,,starter,69.35,,2023-06-19,,2023-12-16,4,12.5,0,0,,2,US,Telecommunications,,true,2024-01-15
4146-SVFUD,Telco-4146-SVFUD,,,starter,44.6,,2023-12-16,,2024-01-15,8,12.5,0,0,,0,US,Telecommunications,,false,
1564-HJUVY,Telco-1564-HJUVY,,,starter,63.75,,2023-09-17,,2024-01-15,8,50.0,0,0,,0,US,Telecommunications,,false,
3617-XLSGQ,Telco-3617-XLSGQ,,,enterprise,109.25,24,2018-08-14,2024-07-13,2024-01-15,15,87.5,0,5,,0,US,Telecommunications,,false,
7517-LDMPS,Telco-7517-LDMPS,,,starter,84.6,,2023-01-20,,2024-01-15,15,37.5,0,1,,1,US,Telecommunications,,false,
7244-KXYZN,Telco-7244-KXYZN,,,growth,20.45,12,2022-01-25,2025-01-09,2024-01-15,3,12.5,0,2,,0,US,Telecommunications,,false,
5226-NOZFC,Telco-5226-NOZFC,,,starter,85.75,,2021-11-26,,2024-01-15,15,37.5,0,2,,1,US,Telecommunications,,false,
2672-HUYVI,Telco-2672-HUYVI,,,starter,91.1,,2023-07-19,,2023-12-16,4,37.5,0,0,,2,US,Telecommunications,,true,2024-01-15
1400-WIVLL,Telco-1400-WIVLL,,,enterprise,107.95,24,2019-05-11,2025-04-09,2024-01-15,15,75.0,0,2,,1,US,Telecommunications,,false,
7508-MYBOG,Telco-7508-MYBOG,,,starter,86.1,,2022-11-21,,2023-12-16,4,37.5,0,1,,2,US,Telecommunications,,true,2024-01-15
8148-NLEGT,Telco-8148-NLEGT,,,enterprise,22.95,24,2020-08-03,2024-07-13,2024-01-15,3,25.0,0,3,,1,US,Telecommunications,,false,
0148-DCDOS,Telco-0148-DCDOS,,,starter,94.7,,2021-12-26,,2023-12-16,4,50.0,0,2,,0,US,Telecommunications,,true,2024-01-15
8347-GDTMP,Telco-8347-GDTMP,,,enterprise,19.45,24,2018-10-13,2024-09-11,2024-01-15,3,12.5,0,5,,0,US,Telecommunications,,false,
9992-RRAMN,Telco-9992-RRAMN,,,starter,85.1,,2022-03-26,,2023-12-16,4,37.5,0,1,,2,US,Telecommunications,,true,2024-01-15
6746-WAUWT,Telco-6746-WAUWT,,,growth,19.7,12,2022-06-24,2024-06-13,2024-01-15,3,12.5,0,1,,0,US,Telecommunications,,false,
0310-MVLET,Telco-0310-MVLET,,,starter,99.15,,2019-01-11,,2023-12-16,4,62.5,0,5,,2,US,Telecommunications,,true,2024-01-15
0428-IKYCP,Telco-0428-IKYCP,,,starter,87.0,,2022-03-26,,2024-01-15,15,37.5,0,1,,0,US,Telecommunications,,false,
4550-VBOFE,Telco-4550-VBOFE,,,starter,102.95,,2018-04-16,,2023-12-16,4,75.0,0,5,,2,US,Telecommunications,,true,2024-01-15
2187-PKZAY,Telco-2187-PKZAY,,,starter,79.95,,2023-01-20,,2024-01-15,15,25.0,0,1,,0,US,Telecommunications,,false,
4003-OCTMP,Telco-4003-OCTMP,,,growth,64.0,12,2021-06-29,2024-06-13,2024-01-15,8,50.0,0,1,,1,US,Telecommunications,,false,
6652-YFFJO,Telco-6652-YFFJO,,,starter,64.9,,2023-02-19,,2024-01-15,8,37.5,0,0,,1,US,Telecommunications,,false,
7225-IILWY,Telco-7225-IILWY,,,enterprise,25.75,24,2018-06-15,2024-05-14,2024-01-15,3,25.0,0,5,,0,US,Telecommunications,,false,
5248-RPYWW,Telco-5248-RPYWW,,,enterprise,90.15,24,2018-02-15,2026-01-04,2024-01-15,8,100.0,0,3,,0,US,Telecommunications,,false,
7923-IYJWY,Telco-7923-IYJWY,,,enterprise,116.1,24,2018-07-15,2024-06-13,2024-01-15,15,100.0,0,2,,0,US,Telecommunications,,false,
3170-GWYKC,Telco-3170-GWYKC,,,starter,104.95,,2019-02-10,,2024-01-15,15,75.0,0,2,,0,US,Telecommunications,,false,
5696-QURRL,Telco-5696-QURRL,,,starter,45.05,,2023-12-16,,2023-12-16,2,12.5,0,0,,1,US,Telecommunications,,true,2024-01-15
7409-KIUTL,Telco-7409-KIUTL,,,starter,71.0,,2023-12-16,,2023-12-16,4,12.5,0,0,,2,US,Telecommunications,,true,2024-01-15
9830-ECLEN,Telco-9830-ECLEN,,,growth,50.0,12,2019-04-11,2024-03-15,2024-01-15,8,50.0,0,4,,0,US,Telecommunications,,false,
1732-VHUBQ,Telco-1732-VHUBQ,,,starter,70.55,,2020-03-06,,2023-12-16,4,12.5,0,3,,0,US,Telecommunications,,true,2024-01-15
0495-RVCBF,Telco-0495-RVCBF,,,starter,79.7,,2023-12-16,,2023-12-16,4,25.0,0,0,,2,US,Telecommunications,,true,2024-01-15
2668-TZSPS,Telco-2668-TZSPS,,,starter,20.45,,2023-12-16,,2024-01-15,3,12.5,0,0,,0,US,Telecommunications,,false,
7854-EDSSA,Telco-7854-EDSSA,,,starter,59.0,,2022-03-26,,2023-12-16,2,50.0,0,1,,2,US,Telecommunications,,true,2024-01-15
8869-TORSS,Telco-8869-TORSS,,,growth,60.35,12,2020-02-05,2021-01-30,2023-12-16,2,50.0,0,2,,0,US,Telecommunications,,true,2024-01-15
7446-SFAOA,Telco-7446-SFAOA,,,growth,19.85,12,2020-12-31,2024-12-10,2024-01-15,3,12.5,0,3,,0,US,Telecommunications,,false,
9522-ZSINC,Telco-9522-ZSINC,,,growth,19.95,12,2022-12-21,2024-12-10,2024-01-15,3,12.5,0,1,,1,US,Telecommunications,,false,
8234-GSZYK,Telco-8234-GSZYK,,,enterprise,26.45,24,2020-07-04,2024-06-13,2024-01-15,3,25.0,0,3,,0,US,Telecommunications,,false,
6505-OZNPG,Telco-6505-OZNPG,,,enterprise,63.4,24,2023-07-19,2025-07-08,2024-01-15,8,75.0,0,0,,0,US,Telecommunications,,false,
6164-HAQTX,Telco-6164-HAQTX,,,enterprise,53.95,24,2018-03-17,2024-02-14,2024-01-15,8,62.5,0,2,,0,US,Telecommunications,,false,
0679-IDSTG,Telco-0679-IDSTG,,,starter,69.25,,2023-12-16,,2023-12-16,4,12.5,0,0,,2,US,Telecommunications,,true,2024-01-15
7765-LWVVH,Telco-7765-LWVVH,,,enterprise,95.1,24,2018-02-15,2026-01-04,2024-01-15,15,62.5,0,6,,1,US,Telecommunications,,false,
1658-TJVOA,Telco-1658-TJVOA,,,starter,74.1,,2023-07-19,,2024-01-15,15,25.0,0,0,,1,US,Telecommunications,,false,
0953-LGOVU,Telco-0953-LGOVU,,,starter,35.5,,2023-01-20,,2024-01-15,8,25.0,0,0,,0,US,Telecommunications,,false,
2115-BFTIW,Telco-2115-BFTIW,,,starter,70.95,,2021-12-26,,2023-12-16,4,12.5,0,2,,1,US,Telecommunications,,true,2024-01-15
4692-NNQRU,Telco-4692-NNQRU,,,growth,79.2,12,2022-04-25,2024-04-14,2024-01-15,15,37.5,0,0,,1,US,Telecommunications,,false,
7742-MYPGI,Telco-7742-MYPGI,,,starter,48.8,,2023-07-19,,2024-01-15,8,25.0,0,0,,0,US,Telecommunications,,false,
0611-DFXKO,Telco-0611-DFXKO,,,starter,89.0,,2022-05-25,,2023-12-16,4,37.5,0,1,,1,US,Telecommunications,,true,2024-01-15
7780-OTDSO,Telco-7780-OTDSO,,,starter,99.4,,2022-07-24,,2023-12-16,4,62.5,0,1,,2,US,Telecommunications,,true,2024-01-15
9619-GSATL,Telco-9619-GSATL,,,growth,55.45,12,2020-07-04,2024-06-13,2024-01-15,8,37.5,0,1,,1,US,Telecommunications,,false,
5622-UEJFI,Telco-5622-UEJFI,,,enterprise,25.4,24,2021-03-01,2025-02-08,2024-01-15,3,25.0,0,2,,0,US,Telecommunications,,false,
9747-DDZOS,Telco-9747-DDZOS,,,starter,73.5,,2023-12-16,,2023-12-16,4,25.0,0,0,,0,US,Telecommunications,,true,2024-01-15
0674-DGMAQ,Telco-0674-DGMAQ,,,starter,93.5,,2021-05-30,,2024-01-15,15,62.5,0,2,,1,US,Telecommunications,,false,
6203-HBZPA,Telco-6203-HBZPA,,,enterprise,63.9,24,2019-10-08,2025-09-06,2024-01-15,8,75.0,0,2,,0,US,Telecommunications,,false,
0484-FFVBJ,Telco-0484-FFVBJ,,,growth,64.85,12,2021-05-30,2024-05-14,2024-01-15,8,37.5,0,2,,0,US,Telecommunications,,false,
0301-FIDRB,Telco-0301-FIDRB,,,enterprise,63.8,24,2018-02-15,2026-01-04,2024-01-15,8,75.0,0,3,,0,US,Telecommunications,,false,
4139-JPIAM,Telco-4139-JPIAM,,,starter,44.45,,2019-11-07,,2024-01-15,8,37.5,0,2,,0,US,Telecommunications,,false,
2181-TIDSV,Telco-2181-TIDSV,,,enterprise,19.95,24,2018-06-15,2024-05-14,2024-01-15,3,12.5,0,5,,0,US,Telecommunications,,false,
2761-XECQW,Telco-2761-XECQW,,,starter,43.35,,2023-05-20,,2024-01-15,8,37.5,0,0,,0,US,Telecommunications,,false,
1936-CZAKF,Telco-1936-CZAKF,,,enterprise,49.65,24,2020-01-06,2025-12-05,2024-01-15,8,37.5,0,4,,0,US,Telecommunications,,false,
9453-PATOS,Telco-9453-PATOS,,,enterprise,85.1,24,2018-02-15,2026-01-04,2024-01-15,8,87.5,0,3,,0,US,Telecommunications,,false,
0564-JJHGS,Telco-0564-JJHGS,,,starter,95.5,,2023-04-20,,2023-12-16,4,50.0,0,0,,2,US,Telecommunications,,true,2024-01-15
3348-CFRNX,Telco-3348-CFRNX,,,starter,92.35,,2021-09-27,,2023-12-16,4,50.0,0,2,,1,US,Telecommunications,,true,2024-01-15
4402-FTBXC,Telco-4402-FTBXC,,,starter,89.8,,2019-08-09,,2024-01-15,15,50.0,0,4,,0,US,Telecommunications,,false,
1428-GTBJJ,Telco-1428-GTBJJ,,,starter,74.55,,2023-02-19,,2023-12-16,4,25.0,0,0,,2,US,Telecommunications,,true,2024-01-15
2931-XIQBR,Telco-2931-XIQBR,,,growth,103.05,12,2019-12-07,2024-11-10,2024-01-15,15,62.5,0,2,,0,US,Telecommunications,,false,
0106-UGRDO,Telco-0106-UGRDO,,,enterprise,116.0,24,2018-05-16,2024-04-14,2024-01-15,15,100.0,0,2,,1,US,Telecommunications,,false,
5542-TBBWB,Telco-5542-TBBWB,,,starter,69.9,,2023-12-16,,2024-01-15,15,12.5,0,0,,1,US,Telecommunications,,false,
1930-QPBVZ,Telco-1930-QPBVZ,,,enterprise,95.1,24,2018-06-15,2024-05-14,2024-01-15,15,62.5,0,2,,0,US,Telecommunications,,false,
2606-PKWJB,Telco-2606-PKWJB,,,growth,40.25,12,2020-10-02,2024-09-11,2024-01-15,8,37.5,0,1,,0,US,Telecommunications,,false,
5322-ZSMZY,Telco-5322-ZSMZY,,,enterprise,25.75,24,2021-06-29,2025-06-08,2024-01-15,3,25.0,0,2,,0,US,Telecommunications,,false,
8059-UDZFY,Telco-8059-UDZFY,,,starter,105.35,,2021-04-30,,2024-01-15,15,75.0,0,2,,0,US,Telecommunications,,false,
7740-BTPUX,Telco-7740-BTPUX,,,enterprise,113.6,24,2019-07-10,2025-06-08,2024-01-15,15,87.5,0,2,,1,US,Telecommunications,,false,
5220-AGAAX,Telco-5220-AGAAX,,,enterprise,24.0,24,2018-06-15,2024-05-14,2024-01-15,3,25.0,0,5,,0,US,Telecommunications,,false,
0208-BPQEJ,Telco-0208-BPQEJ,,,starter,19.4,,2023-01-20,,2024-01-15,3,12.5,0,1,,0,US,Telecommunications,,false,
9435-JMLSX,Telco-9435-JMLSX,,,enterprise,86.1,24,2018-03-17,2024-02-14,2024-01-15,8,87.5,0,2,,0,US,Telecommunications,,false,
3352-ALMCK,Telco-3352-ALMCK,,,starter,102.65,,2020-10-02,,2024-01-15,15,75.0,0,3,,0,US,Telecommunications,,false,
5312-IRCFR,Telco-5312-IRCFR,,,growth,92.85,12,2018-10-13,2024-09-11,2024-01-15,15,62.5,0,5,,1,US,Telecommunications,,false,
5294-IMHHT,Telco-5294-IMHHT,,,growth,97.75,12,2019-09-08,2024-08-12,2024-01-15,15,62.5,0,2,,0,US,Telecommunications,,false,
8802-UNOJF,Telco-8802-UNOJF,,,starter,83.8,,2023-01-20,,2023-12-16,4,50.0,0,0,,1,US,Telecommunications,,true,2024-01-15
6313-GIDIT,Telco-6313-GIDIT,,,starter,54.45,,2019-09-08,,2023-12-16,2,50.0,0,4,,2,US,Telecommunications,,true,2024-01-15
6176-YJWAS,Telco-6176-YJWAS,,,enterprise,97.95,24,2018-02-15,2026-01-04,2024-01-15,15,75.0,0,6,,0,US,Telecommunications,,false,
5310-NOOVA,Telco-5310-NOOVA,,,enterprise,19.95,24,2020-04-05,2024-03-15,2024-01-15,3,12.5,0,3,,1,US,Telecommunications,,false,
4526-EXKKN,Telco-4526-EXKKN,,,enterprise,24.6,24,2020-10-02,2024-09-11,2024-01-15,3,25.0,0,3,,0,US,Telecommunications,,false,
5311-IHLEI,Telco-5311-IHLEI,,,starter,50.95,,2023-01-20,,2024-01-15,8,50.0,0,0,,0,US,Telecommunications,,false,
3987-KQDDU,Telco-3987-KQDDU,,,starter,75.6,,2023-04-20,,2024-01-15,15,25.0,0,0,,1,US,Telecommunications,,false,
3404-JNXAX,Telco-3404-JNXAX,,,starter,80.75,,2019-11-07,,2024-01-15,15,37.5,0,2,,1,US,Telecommunications,,false,
5131-PONJI,Telco-5131-PONJI,,,starter,90.4,,2020-01-06,,2024-01-15,15,50.0,0,4,,0,US,Telecommunications,,false,
2845-AFFTX,Telco-2845-AFFTX,,,starter,99.8,,2020-09-02,,2023-12-16,4,62.5,0,3,,2,US,Telecommunications,,true,2024-01-15
3489-VSFRD,Telco-3489-VSFRD,,,growth,60.25,12,2019-06-10,2024-05-14,2024-01-15,8,50.0,0,2,,0,US,Telecommunications,,false,
3345-JHUEO,Telco-3345-JHUEO,,,starter,20.2,,2023-09-17,,2024-01-15,3,12.5,0,0,,1,US,Telecommunications,,false,
5815-HGGHV,Telco-5815-HGGHV,,,growth,64.15,12,2022-05-25,2024-05-14,2024-01-15,8,50.0,0,0,,0,US,Telecommunications,,false,
5260-UMPWX,Telco-5260-UMPWX,,,starter,20.25,,2021-11-26,,2024-01-15,3,12.5,0,2,,0,US,Telecommunications,,false,
2249-YPRNG,Telco-2249-YPRNG,,,starter,105.85,,2022-05-25,,2023-12-16,4,75.0,0,1,,0,US,Telecommunications,,true,2024-01-15
7410-YTJIK,Telco-7410-YTJIK,,,starter,75.45,,2023-06-19,,2023-12-16,4,25.0,0,0,,1,US,Telecommunications,,true,2024-01-15
4626-GYCZP,Telco-4626-GYCZP,,,starter,93.85,,2023-06-19,,2023-12-16,4,50.0,0,0,,2,US,Telecommunications,,true,2024-01-15
5649-RXQTV,Telco-5649-RXQTV,,,starter,99.0,,2019-11-07,,2024-01-15,15,62.5,0,4,,1,US,Telecommunications,,false,
2674-MIAHT,Telco-2674-MIAHT,,,starter,80.3,,2023-09-17,,2024-01-15,15,37.5,0,0,,0,US,Telecommunications,,false,
2576-HXMPA,Telco-2576-HXMPA,,,starter,19.55,,2023-12-16,,2024-01-15,3,12.5,0,0,,0,US,Telecommunications,,false,
7587-AOVVU,Telco-7587-AOVVU,,,starter,100.75,,2021-10-27,,2024-01-15,15,75.0,0,1,,1,US,Telecommunications,,false,
5590-BYNII,Telco-5590-BYNII,,,starter,100.75,,2022-03-26,,2023-12-16,4,62.5,0,1,,2,US,Telecommunications,,true,2024-01-15
6898-MDLZW,Telco-6898-MDLZW,,,starter,53.75,,2023-01-20,,2024-01-15,8,37.5,0,0,,0,US,Telecommunications,,false,
3237-AJGEH,Telco-3237-AJGEH,,,starter,31.0,,2023-10-17,,2023-12-16,2,12.5,0,0,,1,US,Telecommunications,,true,2024-01-15
4707-YNOQA,Telco-4707-YNOQA,,,growth,25.6,12,2021-03-31,2024-03-15,2024-01-15,3,25.0,0,2,,0,US,Telecommunications,,false,
9357-UJRUN,Telco-9357-UJRUN,,,growth,58.35,12,2022-01-25,2025-01-09,2024-01-15,8,50.0,0,1,,1,US,Telecommunications,,false,
1591-NFNLQ,Telco-1591-NFNLQ,,,starter,80.0,,2019-11-07,,2023-12-16,4,37.5,0,4,,0,US,Telecommunications,,true,2024-01-15
8648-PFRMP,Telco-8648-PFRMP,,,starter,46.35,,2022-11-21,,2024-01-15,8,25.0,0,1,,1,US,Telecommunications,,false,
7663-CUXZB,Telco-7663-CUXZB,,,enterprise,113.75,24,2019-03-12,2025-02-08,2024-01-15,15,100.0,0,2,,1,US,Telecommunications,,false,
0258-NOKBL,Telco-0258-NOKBL,,,starter,90.4,,2023-10-17,,2024-01-15,15,50.0,0,0,,1,US,Telecommunications,,false,
1163-VIPRI,Telco-1163-VIPRI,,,enterprise,109.3,24,2018-09-13,2024-08-12,2024-01-15,15,87.5,0,2,,1,US,Telecommunications,,false,
2815-CPTUL,Telco-2815-CPTUL,,,starter,70.25,,2023-08-18,,2023-12-16,4,12.5,0,0,,1,US,Telecommunications,,true,2024-01-15
9348-ROUAI,Telco-9348-ROUAI,,,enterprise,90.3,24,2019-03-12,2025-02-08,2024-01-15,8,100.0,0,2,,0,US,Telecommunications,,false,
9443-JUBUO,Telco-9443-JUBUO,,,enterprise,65.25,24,2018-02-15,2026-01-04,2024-01-15,8,75.0,0,3,,0,US,Telecommunications,,false,
0596-BQCEQ,Telco-0596-BQCEQ,,,starter,100.15,,2018-12-12,,2023-12-16,4,62.5,0,5,,2,US,Telecommunications,,true,2024-01-15
1481-ZUWZA,Telco-1481-ZUWZA,,,starter,94.5,,2021-09-27,,2023-12-16,4,62.5,0,2,,0,US,Telecommunications,,true,2024-01-15
3043-TYBNO,Telco-3043-TYBNO,,,starter,60.65,,2023-10-17,,2024-01-15,8,37.5,0,0,,0,US,Telecommunications,,false,
4830-FAXFM,Telco-4830-FAXFM,,,starter,24.1,,2022-06-24,,2024-01-15,3,25.0,0,1,,0,US,Telecommunications,,false,
5906-BFOZT,Telco-5906-BFOZT,,,starter,19.5,,2023-12-16,,2024-01-15,3,12.5,0,0,,0,US,Telecommunications,,false,
2960-NKRSO,Telco-2960-NKRSO,,,starter,85.95,,2022-01-25,,2024-01-15,15,50.0,0,1,,1,US,Telecommunications,,false,
8996-ZROXE,Telco-8996-ZROXE,,,growth,53.5,12,2019-05-11,2024-04-14,2024-01-15,8,37.5,0,2,,1,US,Telecommunications,,false,
5598-IKHQQ,Telco-5598-IKHQQ,,,enterprise,25.45,24,2018-02-15,2026-01-04,2024-01-15,3,25.0,0,6,,0,US,Telecommunications,,false,
0397-ZXWQF,Telco-0397-ZXWQF,,,enterprise,20.5,24,2018-07-15,2024-06-13,2024-01-15,3,12.5,0,5,,0,US,Telecommunications,,false,
5266-PFRQK,Telco-5266-PFRQK,,,growth,20.85,12,2019-10-08,2024-09-11,2024-01-15,3,12.5,0,4,,0,US,Telecommunications,,false,
4674-HGNUA,Telco-4674-HGNUA,,,enterprise,89.9,24,2018-03-17,2024-02-14,2024-01-15,8,100.0,0,2,,0,US,Telecommunications,,false,
6765-MBQNU,Telco-6765-MBQNU,,,growth,26.0,12,2021-11-26,2024-11-10,2024-01-15,3,25.0,0,2,,0,US,Telecommunications,,false,
9786-IJYDL,Telco-9786-IJYDL,,,enterprise,113.2,24,2021-03-01,2025-02-08,2024-01-15,15,100.0,0,1,,0,US,Telecommunications,,false,
1303-SRDOK,Telco-1303-SRDOK,,,enterprise,69.05,24,2019-07-10,2025-06-08,2024-01-15,15,12.5,0,4,,0,US,Telecommunications,,false,
3769-MHZNV,Telco-3769-MHZNV,,,enterprise,20.1,24,2021-04-30,2025-04-09,2024-01-15,3,12.5,0,2,,0,US,Telecommunications,,false,
6295-OSINB,Telco-6295-OSINB,,,enterprise,109.65,24,2018-02-15,2026-01-04,2024-01-15,15,87.5,0,6,,1,US,Telecommunications,,false,
3308-MHOOC,Telco-3308-MHOOC,,,starter,19.2,,2023-12-16,,2024-01-15,3,12.5,0,0,,0,US,Telecommunications,,false,
2309-OSFEU,Telco-2309-OSFEU,,,starter,33.9,,2023-03-21,,2023-12-16,2,12.5,0,0,,1,US,Telecommunications,,true,2024-01-15
2207-QPJED,Telco-2207-QPJED,,,starter,90.0,,2020-12-31,,2024-01-15,15,50.0,0,1,,1,US,Telecommunications,,false,
4177-JPDFU,Telco-4177-JPDFU,,,starter,34.0,,2023-01-20,,2024-01-15,8,25.0,0,0,,0,US,Telecommunications,,false,
2239-CFOUJ,Telco-2239-CFOUJ,,,growth,20.4,12,2023-12-16,2024-12-10,2024-01-15,3,12.5,0,0,,0,US,Telecommunications,,false,
8046-DNVTL,Telco-8046-DNVTL,,,enterprise,38.6,24,2018-12-12,2024-11-10,2024-01-15,8,37.5,0,2,,0,US,Telecommunications,,false,
2209-XADXF,Telco-2209-XADXF,,,starter,25.25,,2023-12-16,,2024-01-15,8,0.0,0,0,,0,US,Telecommunications,,false,
6620-JDYNW,Telco-6620-JDYNW,,,starter,60.6,,2022-07-24,,2024-01-15,8,50.0,0,1,,0,US,Telecommunications,,false,
1891-FZYSA,Telco-1891-FZYSA,,,starter,89.95,,2018-05-16,,2023-12-16,4,50.0,0,5,,2,US,Telecommunications,,true,2024-01-15
4770-UEZOX,Telco-4770-UEZOX,,,starter,74.75,,2023-11-16,,2024-01-15,15,25.0,0,0,,1,US,Telecommunications,,false,
1038-RQOST,Telco-1038-RQOST,,,starter,20.6,,2022-06-24,,2024-01-15,3,12.5,0,1,,0,US,Telecommunications,,false,
7613-LLQFO,Telco-7613-LLQFO,,,starter,84.45,,2023-01-20,,2023-12-16,4,37.5,0,1,,2,US,Telecommunications,,true,2024-01-15
4568-TTZRT,Telco-4568-TTZRT,,,starter,20.4,,2023-04-20,,2024-01-15,3,12.5,0,0,,0,US,Telecommunications,,false,
9513-DXHDA,Telco-9513-DXHDA,,,growth,81.7,12,2021-10-27,2024-10-11,2024-01-15,8,75.0,0,1,,1,US,Telecommunications,,false,
2640-PMGFL,Telco-2640-PMGFL,,,starter,79.5,,2021-10-27,,2023-12-16,4,37.5,0,1,,2,US,Telecommunications,,true,2024-01-15
3801-HMYNL,Telco-3801-HMYNL,,,starter,89.15,,2023-12-16,,2023-12-16,4,37.5,0,0,,1,US,Telecommunications,,true,2024-01-15
0516-QREYC,Telco-0516-QREYC,,,starter,20.3,,2022-01-25,,2024-01-15,3,12.5,0,2,,0,US,Telecommunications,,false,
9685-WKZGT,Telco-9685-WKZGT,,,starter,74.95,,2022-11-21,,2023-12-16,4,25.0,0,1,,2,US,Telecommunications,,true,2024-01-15
6022-UGGSO,Telco-6022-UGGSO,,,starter,74.4,,2021-05-30,,2023-12-16,4,25.0,0,2,,2,US,Telecommunications,,true,2024-01-15
8084-OIVBS,Telco-8084-OIVBS,,,growth,20.0,12,2023-02-19,2024-02-14,2024-01-15,3,12.5,0,0,,0,US,Telecommunications,,false,
8896-BQTTI,Telco-8896-BQTTI,,,starter,25.0,,2023-12-16,,2024-01-15,3,25.0,0,0,,0,US,Telecommunications,,false,
3865-QBWSJ,Telco-3865-QBWSJ,,,starter,80.45,,2020-12-01,,2024-01-15,15,37.5,0,3,,0,US,Telecommunications,,false,
3352-RICWQ,Telco-3352-RICWQ,,,enterprise,19.75,24,2023-04-20,2025-04-09,2024-01-15,3,12.5,0,0,,0,US,Telecommunications,,false,
2160-GPFXD,Telco-2160-GPFXD,,,enterprise,65.65,24,2019-08-09,2025-07-08,2024-01-15,8,62.5,0,2,,0,US,Telecommunications,,false,
2065-MMKGR,Telco-2065-MMKGR,,,growth,71.0,12,2021-08-28,2024-08-12,2024-01-15,8,50.0,0,2,,0,US,Telecommunications,,false,
5857-TYBCJ,Telco-5857-TYBCJ,,,starter,89.2,,2020-06-04,,2024-01-15,15,50.0,0,3,,1,US,Telecommunications,,false,
1498-NHTLT,Telco-1498-NHTLT,,,enterprise,86.75,24,2019-03-12,2025-02-08,2024-01-15,8,87.5,0,2,,1,US,Telecommunications,,false,
4484-CGXFK,Telco-4484-CGXFK,,,starter,55.3,,2023-10-17,,2023-12-16,2,25.0,0,0,,2,US,Telecommunications,,true,2024-01-15
1402-PTHGN,Telco-1402-PTHGN,,,growth,61.5,12,2022-07-24,2024-07-13,2024-01-15,8,50.0,0,0,,0,US,Telecommunications,,false,
4176-RELJR,Telco-4176-RELJR,,,enterprise,25.1,24,2018-07-15,2024-06-13,2024-01-15,3,25.0,0,5,,0,US,Telecommunications,,false,
6214-EDAKZ,Telco-6214-EDAKZ,,,starter,55.15,,2022-03-26,,2023-12-16,2,37.5,0,0,,2,US,Telecommunications,,true,2024-01-15
5199-FPUSP,Telco-5199-FPUSP,,,growth,34.05,12,2021-04-30,2024-04-14,2024-01-15,8,25.0,0,1,,0,US,Telecommunications,,false,
6377-KSLXC,Telco-6377-KSLXC,,,starter,19.95,,2023-08-18,,2024-01-15,3,12.5,0,0,,0,US,Telecommunications,,false,
1796-JANOW,Telco-1796-JANOW,,,starter,19.95,,2023-11-16,,2024-01-15,3,12.5,0,0,,0,US,Telecommunications,,false,
0238-WHBIQ,Telco-0238-WHBIQ,,,enterprise,89.7,24,2018-02-15,2026-01-04,2024-01-15,8,100.0,0,3,,0,US,Telecommunications,,false,
8735-NBLWT,Telco-8735-NBLWT,,,starter,20.4,,2023-04-20,,2024-01-15,3,12.5,0,0,,0,US,Telecommunications,,false,
6651-RLGGM,Telco-6651-RLGGM,,,enterprise,26.3,24,2018-07-15,2024-06-13,2024-01-15,3,25.0,0,5,,0,US,Telecommunications,,false,
6127-ISGTU,Telco-6127-ISGTU,,,starter,84.95,,2022-09-22,,2023-12-16,4,37.5,0,1,,2,US,Telecommunications,,true,2024-01-15
1614-JBEBI,Telco-1614-JBEBI,,,starter,20.7,,2023-05-20,,2024-01-15,3,12.5,0,0,,0,US,Telecommunications,,false,
8740-XLHDR,Telco-8740-XLHDR,,,starter,43.25,,2023-08-18,,2023-12-16,2,50.0,0,0,,1,US,Telecommunications,,true,2024-01-15
1208-DNHLN,Telco-1208-DNHLN,,,growth,48.35,12,2022-02-24,2023-02-19,2023-12-16,2,25.0,0,1,,0,US,Telecommunications,,true,2024-01-15
1761-AEZZR,Telco-1761-AEZZR,,,starter,79.55,,2023-12-16,,2023-12-16,4,25.0,0,0,,2,US,Telecommunications,,true,2024-01-15
3923-CSIHK,Telco-3923-CSIHK,,,starter,71.05,,2019-12-07,,2023-12-16,4,12.5,0,4,,2,US,Telecommunications,,true,2024-01-15
5696-EXCYS,Telco-5696-EXCYS,,,enterprise,19.45,24,2022-08-23,2024-08-12,2024-01-15,3,12.5,0,1,,0,US,Telecommunications,,false,
5795-KTGUD,Telco-5795-KTGUD,,,enterprise,110.8,24,2018-06-15,2024-05-14,2024-01-15,15,87.5,0,5,,0,US,Telecommunications,,false,
7120-RFMVS,Telco-7120-RFMVS,,,starter,84.5,,2023-12-16,,2023-12-16,4,37.5,0,0,,2,US,Telecommunications,,true,2024-01-15
7924-GJZFI,Telco-7924-GJZFI,,,starter,69.3,,2021-12-26,,2024-01-15,15,12.5,0,2,,1,US,Telecommunications,,false,
4702-HDRKD,Telco-4702-HDRKD,,,growth,49.35,12,2018-07-15,2024-06-13,2024-01-15,8,50.0,0,2,,0,US,Telecommunications,,false,
8512-WIWYV,Telco-8512-WIWYV,,,growth,20.35,12,2021-05-30,2024-05-14,2024-01-15,3,12.5,0,2,,0,US,Telecommunications,,false,
5897-ZYEKH,Telco-5897-ZYEKH,,,growth,105.6,12,2018-07-15,2024-06-13,2024-01-15,15,75.0,0,5,,1,US,Telecommunications,,false,
5456-ITGIC,Telco-5456-ITGIC,,,enterprise,64.45,24,2018-02-15,2026-01-04,2024-01-15,8,75.0,0,3,,0,US,Telecommunications,,false,
7317-GGVPB,Telco-7317-GGVPB,,,enterprise,108.6,24,2018-03-17,2020-03-06,2023-12-16,4,87.5,0,2,,0,US,Telecommunications,,true,2024-01-15
1406-PUQVY,Telco-1406-PUQVY,,,starter,49.9,,2023-12-16,,2024-01-15,8,25.0,0,0,,1,US,Telecommunications,,false,
1322-AGOQM,Telco-1322-AGOQM,,,starter,30.3,,2020-04-05,,2023-12-16,2,12.5,0,3,,0,US,Telecommunications,,true,2024-01-15
3677-IYRBF,Telco-3677-IYRBF,,,starter,30.4,,2023-11-16,,2023-12-16,2,12.5,0,0,,2,US,Telecommunications,,true,2024-01-15
5692-FPTAH,Telco-5692-FPTAH,,,starter,45.4,,2023-12-16,,2023-12-16,2,12.5,0,0,,1,US,Telecommunications,,true,2024-01-15
9114-AAFQH,Telco-9114-AAFQH,,,growth,65.65,12,2020-02-05,2025-01-09,2024-01-15,8,50.0,0,4,,1,US,Telecommunications,,false,
8715-KKTFG,Telco-8715-KKTFG,,,growth,103.3,12,2019-01-11,2024-12-10,2024-01-15,15,75.0,0,2,,0,US,Telecommunications,,false,
1550-LOAHA,Telco-1550-LOAHA,,,starter,84.15,,2021-05-30,,2023-12-16,4,37.5,0,2,,0,US,Telecommunications,,true,2024-01-15
1728-BQDMA,Telco-1728-BQDMA,,,starter,44.45,,2023-11-16,,2024-01-15,8,12.5,0,0,,1,US,Telecommunications,,false,
0268-QKIWO,Telco-0268-QKIWO,,,starter,19.75,,2023-10-17,,2023-12-16,1,12.5,0,0,,2,US,Telecommunications,,true,2024-01-15
0876-WDUUZ,Telco-0876-WDUUZ,,,starter,85.4,,2023-08-18,,2023-12-16,4,37.5,0,0,,0,US,Telecommunications,,true,2024-01-15
5117-ZSMHQ,Telco-5117-ZSMHQ,,,enterprise,89.9,24,2018-03-17,2024-02-14,2024-01-15,8,100.0,0,2,,0,US,Telecommunications,,false,
5151-HQRDG,Telco-5151-HQRDG,,,starter,55.05,,2020-12-31,,2024-01-15,8,37.5,0,3,,0,US,Telecommunications,,false,
0960-HUWBM,Telco-0960-HUWBM,,,enterprise,104.1,24,2018-09-13,2024-08-12,2024-01-15,15,75.0,0,2,,0,US,Telecommunications,,false,
6465-GSRCL,Telco-6465-GSRCL,,,growth,106.6,12,2018-07-15,2024-06-13,2024-01-15,15,75.0,0,2,,0,US,Telecommunications,,false,
0617-FHSGK,Telco-0617-FHSGK,,,starter,75.2,,2020-01-06,,2023-12-16,4,25.0,0,4,,0,US,Telecommunications,,true,2024-01-15
0263-FJTQO,Telco-0263-FJTQO,,,enterprise,70.5,24,2019-12-07,2025-11-05,2024-01-15,8,62.5,0,2,,0,US,Telecommunications,,false,
7319-ZNRTR,Telco-7319-ZNRTR,,,growth,19.6,12,2021-12-26,2024-12-10,2024-01-15,3,12.5,0,2,,1,US,Telecommunications,,false,
2858-MOFSQ,Telco-2858-MOFSQ,,,growth,55.85,12,2022-08-23,2023-08-18,2023-12-16,2,37.5,0,1,,1,US,Telecommunications,,true,2024-01-15
7503-EPSZW,Telco-7503-EPSZW,,,enterprise,24.05,24,2018-10-13,2024-09-11,2024-01-15,3,25.0,0,5,,0,US,Telecommunications,,false,
7089-XXAYG,Telco-7089-XXAYG,,,growth,38.1,12,2021-12-26,2024-12-10,2024-01-15,8,25.0,0,2,,0,US,Telecommunications,,false,
8118-LSUEL,Telco-8118-LSUEL,,,starter,106.4,,2022-02-24,,2023-12-16,4,75.0,0,1,,2,US,Telecommunications,,true,2024-01-15
8070-AAWZP,Telco-8070-AAWZP,,,starter,34.25,,2022-01-25,,2024-01-15,8,25.0,0,1,,0,US,Telecommunications,,false,
1666-JXLKU,Telco-1666-JXLKU,,,starter,100.05,,2020-12-31,,2024-01-15,15,62.5,0,3,,1,US,Telecommunications,,false,
7855-DIWPO,Telco-7855-DIWPO,,,starter,68.65,,2022-04-25,,2024-01-15,15,12.5,0,1,,1,US,Telecommunications,,false,
5133-POWUA,Telco-5133-POWUA,,,starter,45.8,,2023-12-16,,2024-01-15,8,12.5,0,0,,0,US,Telecommunications,,false,
5652-MSDEY,Telco-5652-MSDEY,,,starter,75.75,,2023-03-21,,2024-01-15,15,25.0,0,0,,0,US,Telecommunications,,false,
7005-CCBKV,Telco-7005-CCBKV,,,starter,84.4,,2023-07-19,,2023-12-16,4,37.5,0,0,,2,US,Telecommunications,,true,2024-01-15
1810-BOHSY,Telco-1810-BOHSY,,,growth,96.4,12,2019-11-07,2024-10-11,2024-01-15,15,62.5,0,4,,0,US,Telecommunications,,false,
1784-BXEFA,Telco-1784-BXEFA,,,starter,20.55,,2023-03-21,,2024-01-15,3,12.5,0,0,,0,US,Telecommunications,,false,
7351-MHQVU,Telco-7351-MHQVU,,,starter,50.95,,2023-07-19,,2024-01-15,8,50.0,0,0,,0,US,Telecommunications,,false,
9224-VTYID,Telco-9224-VTYID,,,enterprise,90.5,24,2020-03-06,2024-02-14,2024-01-15,8,100.0,0,1,,0,US,Telecommunications,,false,
9500-IWPXQ,Telco-9500-IWPXQ,,,growth,79.4,12,2019-01-11,2024-12-10,2024-01-15,8,87.5,0,2,,1,US,Telecommunications,,false,
5762-TJXGK,Telco-5762-TJXGK,,,enterprise,58.75,24,2019-10-08,2025-09-06,2024-01-15,8,62.5,0,4,,0,US,Telecommunications,,false,
4504-YOULA,Telco-4504-YOULA,,,starter,59.45,,2021-03-01,,2024-01-15,8,50.0,0,2,,0,US,Telecommunications,,false,
5569-IDSEY,Telco-5569-IDSEY,,,growth,105.7,12,2018-03-17,2024-02-14,2024-01-15,15,75.0,0,5,,0,US,Telecommunications,,false,
4250-FDVOU,Telco-4250-FDVOU,,,starter,56.25,,2023-07-19,,2023-12-16,2,37.5,0,0,,2,US,Telecommunications,,true,2024-01-15
7284-ZZLOH,Telco-7284-ZZLOH,,,enterprise,53.3,24,2020-05-05,2024-04-14,2024-01-15,8,37.5,0,3,,0,US,Telecommunications,,false,
5277-ZLOOR,Telco-5277-ZLOOR,,,starter,85.55,,2023-11-16,,2023-12-16,4,37.5,0,0,,2,US,Telecommunications,,true,2024-01-15
2141-RRYGO,Telco-2141-RRYGO,,,starter,68.65,,2023-09-17,,2023-12-16,2,50.0,0,0,,0,US,Telecommunications,,true,2024-01-15
1777-JYQPJ,Telco-1777-JYQPJ,,,starter,24.3,,2023-11-16,,2024-01-15,8,0.0,0,0,,0,US,Telecommunications,,false,
6376-GAHQE,Telco-6376-GAHQE,,,starter,77.85,,2023-09-17,,2023-12-16,4,25.0,0,0,,2,US,Telecommunications,,true,2024-01-15
3401-URHDA,Telco-3401-URHDA,,,growth,59.9,12,2019-11-07,2024-10-11,2024-01-15,8,50.0,0,2,,0,US,Telecommunications,,false,
1599-EAHXY,Telco-1599-EAHXY,,,growth,23.95,12,2019-02-10,2025-01-09,2024-01-15,3,25.0,0,5,,0,US,Telecommunications,,false,
8631-XVRZL,Telco-8631-XVRZL,,,growth,20.15,12,2023-04-20,2024-04-14,2024-01-15,3,12.5,0,0,,0,US,Telecommunications,,false,
5052-PNLOS,Telco-5052-PNLOS,,,starter,105.35,,2023-10-17,,2023-12-16,4,75.0,0,0,,0,US,Telecommunications,,true,2024-01-15
3853-LYGAM,Telco-3853-LYGAM,,,starter,95.65,,2022-08-23,,2024-01-15,15,62.5,0,0,,0,US,Telecommunications,,false,
6979-ZNSFF,Telco-6979-ZNSFF,,,starter,87.05,,2023-05-20,,2023-12-16,4,37.5,0,0,,2,US,Telecommunications,,true,2024-01-15
5751-USDBL,Telco-5751-USDBL,,,enterprise,81.0,24,2020-04-05,2024-03-15,2024-01-15,8,75.0,0,1,,0,US,Telecommunications,,false,
5680-LQOGP,Telco-5680-LQOGP,,,enterprise,82.45,24,2018-06-15,2024-05-14,2024-01-15,8,87.5,0,2,,0,US,Telecommunications,,false,
2386-LAHRK,Telco-2386-LAHRK,,,starter,53.5,,2023-12-16,,2023-12-16,2,25.0,0,0,,1,US,Telecommunications,,true,2024-01-15
8189-DUKMV,Telco-8189-DUKMV,,,growth,20.5,12,2023-09-17,2024-09-11,2024-01-15,3,12.5,0,0,,0,US,Telecommunications,,false,
6032-IGALN,Telco-6032-IGALN,,,starter,25.1,,2023-12-16,,2023-12-16,2,0.0,0,0,,1,US,Telecommunications,,true,2024-01-15
9931-DCEZH,Telco-9931-DCEZH,,,growth,54.4,12,2021-09-27,2024-09-11,2024-01-15,8,37.5,0,1,,0,US,Telecommunications,,false,
1898-JSNDC,Telco-1898-JSNDC,,,growth,58.6,12,2020-11-01,2024-10-11,2024-01-15,8,37.5,0,3,,0,US,Telecommunications,,false,
0315-LVCRK,Telco-0315-LVCRK,,,starter,84.8,,2023-02-19,,2024-01-15,15,37.5,0,0,,1,US,Telecommunications,,false,
3911-RSNHI,Telco-3911-RSNHI,,,enterprise,61.4,24,2018-03-17,2024-02-14,2024-01-15,8,62.5,0,2,,0,US,Telecommunications,,false,
2410-CIYFZ,Telco-2410-CIYFZ,,,starter,20.4,,2023-11-16,,2024-01-15,3,12.5,0,0,,0,US,Telecommunications,,false,
4248-HCETZ,Telco-4248-HCETZ,,,starter,79.65,,2021-07-29,,2023-12-16,4,37.5,0,2,,1,US,Telecommunications,,true,2024-01-15
5505-OVWQW,Telco-5505-OVWQW,,,growth,20.15,12,2022-08-23,2024-08-12,2024-01-15,3,12.5,0,1,,0,US,Telecommunications,,false,
7271-AJDTL,Telco-7271-AJDTL,,,starter,94.45,,2019-07-10,,2024-01-15,15,62.5,0,4,,0,US,Telecommunications,,false,
1867-TJHTS,Telco-1867-TJHTS,,,starter,79.8,,2019-04-11,,2024-01-15,15,37.5,0,4,,0,US,Telecommunications,,false,
0516-WJVXC,Telco-0516-WJVXC,,,starter,54.2,,2023-08-18,,2023-12-16,2,37.5,0,0,,2,US,Telecommunications,,true,2024-01-15
9174-FKWZE,Telco-9174-FKWZE,,,starter,19.45,,2023-12-16,,2023-12-16,1,12.5,0,0,,2,US,Telecommunications,,true,2024-01-15
6860-YRJZP,Telco-6860-YRJZP,,,starter,74.05,,2023-04-20,,2024-01-15,15,25.0,0,0,,1,US,Telecommunications,,false,
4429-WYGFR,Telco-4429-WYGFR,,,starter,49.15,,2021-11-26,,2024-01-15,8,25.0,0,1,,0,US,Telecommunications,,false,
2817-LVCPP,Telco-2817-LVCPP,,,enterprise,19.4,24,2019-12-07,2025-11-05,2024-01-15,3,12.5,0,4,,0,US,Telecommunications,,false,
5038-ETMLM,Telco-5038-ETMLM,,,enterprise,113.65,24,2018-02-15,2026-01-04,2024-01-15,15,100.0,0,3,,0,US,Telecommunications,,false,
5056-FIMPT,Telco-5056-FIMPT,,,growth,106.0,12,2020-07-04,2024-06-13,2024-01-15,15,75.0,0,1,,0,US,Telecommunications,,false,
4521-WFJAI,Telco-4521-WFJAI,,,enterprise,25.95,24,2019-06-10,2025-05-09,2024-01-15,3,25.0,0,4,,0,US,Telecommunications,,false,
6569-KTMDU,Telco-6569-KTMDU,,,starter,19.1,,2023-12-16,,2024-01-15,3,12.5,0,0,,0,US,Telecommunications,,false,
8809-RIHDD,Telco-8809-RIHDD,,,enterprise,103.4,24,2018-02-15,2020-02-05,2023-12-16,4,75.0,0,6,,2,US,Telecommunications,,true,2024-01-15
8809-XKHMD,Telco-8809-XKHMD,,,enterprise,100.55,24,2018-02-15,2026-01-04,2024-01-15,15,75.0,0,3,,0,US,Telecommunications,,false,
0396-YCHWO,Telco-0396-YCHWO,,,starter,95.4,,2021-01-30,,2024-01-15,15,50.0,0,3,,1,US,Telecommunications,,false,
0867-LDTTC,Telco-0867-LDTTC,,,starter,75.15,,2023-08-18,,2024-01-15,8,62.5,0,0,,0,US,Telecommunications,,false,
4822-NGOCH,Telco-4822-NGOCH,,,starter,84.45,,2022-12-21,,2023-12-16,4,50.0,0,1,,2,US,Telecommunications,,true,2024-01-15
9391-DXGGG,Telco-9391-DXGGG,,,growth,89.15,12,2020-06-04,2024-05-14,2024-01-15,15,50.0,0,3,,0,US,Telecommunications,,false,
9844-FELAJ,Telco-9844-FELAJ,,,growth,107.9,12,2018-04-16,2024-03-15,2024-01-15,15,87.5,0,2,,1,US,Telecommunications,,false,
2122-SZZZD,Telco-2122-SZZZD,,,growth,19.5,12,2020-06-04,2024-05-14,2024-01-15,3,12.5,0,3,,0,US,Telecommunications,,false,
5307-DZCVC,Telco-5307-DZCVC,,,starter,85.95,,2021-05-30,,2023-12-16,4,37.5,0,2,,0,US,Telecommunications,,true,2024-01-15
3148-AOIQT,Telco-3148-AOIQT,,,enterprise,24.95,24,2018-05-16,2024-04-14,2024-01-15,3,25.0,0,5,,0,US,Telecommunications,,false,
8679-JOEVF,Telco-8679-JOEVF,,,starter,59.4,,2022-09-22,,2023-12-16,2,37.5,0,0,,2,US,Telecommunications,,true,2024-01-15
8395-ETZKQ,Telco-8395-ETZKQ,,,growth,19.5,12,2018-06-15,2024-05-14,2024-01-15,3,12.5,0,5,,0,US,Telecommunications,,false,
6692-YQHXC,Telco-6692-YQHXC,,,starter,69.95,,2022-09-22,,2024-01-15,15,12.5,0,1,,0,US,Telecommunications,,false,
3889-VWBID,Telco-3889-VWBID,,,enterprise,82.85,24,2018-06-15,2024-05-14,2024-01-15,8,75.0,0,2,,0,US,Telecommunications,,false,
5222-JCXZT,Telco-5222-JCXZT,,,starter,19.0,,2023-09-17,,2024-01-15,3,12.5,0,0,,0,US,Telecommunications,,false,
9754-CLVZW,Telco-9754-CLVZW,,,starter,38.85,,2021-11-26,,2024-01-15,8,37.5,0,1,,0,US,Telecommunications,,false,
1432-FPAXX,Telco-1432-FPAXX,,,starter,30.6,,2021-08-28,,2023-12-16,2,12.5,0,2,,2,US,Telecommunications,,true,2024-01-15
2739-CCZMB,Telco-2739-CCZMB,,,starter,20.35,,2023-08-18,,2024-01-15,3,12.5,0,0,,0,US,Telecommunications,,false,
7080-TNUWP,Telco-7080-TNUWP,,,growth,95.0,12,2018-04-16,2024-03-15,2024-01-15,15,62.5,0,5,,0,US,Telecommunications,,false,
0496-AHOOK,Telco-0496-AHOOK,,,growth,74.4,12,2022-01-25,2025-01-09,2024-01-15,8,62.5,0,1,,0,US,Telecommunications,,false,
8336-TAVKX,Telco-8336-TAVKX,,,enterprise,78.45,24,2018-02-15,2026-01-04,2024-01-15,8,87.5,0,3,,0,US,Telecommunications,,false,
2468-SJFLM,Telco-2468-SJFLM,,,starter,74.3,,2023-12-16,,2024-01-15,15,25.0,0,0,,0,US,Telecommunications,,false,
3181-VTHOE,Telco-3181-VTHOE,,,growth,51.05,12,2018-04-16,2024-03-15,2024-01-15,8,50.0,0,2,,0,US,Telecommunications,,false,
7168-HDQHG,Telco-7168-HDQHG,,,starter,19.2,,2021-01-30,,2024-01-15,3,12.5,0,3,,0,US,Telecommunications,,false,
4803-AXVYP,Telco-4803-AXVYP,,,starter,99.55,,2020-12-01,,2023-12-16,4,62.5,0,1,,2,US,Telecommunications,,true,2024-01-15
3884-HCSWG,Telco-3884-HCSWG,,,starter,70.0,,2022-08-23,,2023-12-16,4,12.5,0,1,,2,US,Telecommunications,,true,2024-01-15
4567-AKPIA,Telco-4567-AKPIA,,,growth,109.1,12,2020-09-02,2024-08-12,2024-01-15,15,87.5,0,1,,0,US,Telecommunications,,false,
5077-DXTCG,Telco-5077-DXTCG,,,starter,45.3,,2023-12-16,,2023-12-16,2,12.5,0,0,,2,US,Telecommunications,,true,2024-01-15
1142-WACZW,Telco-1142-WACZW,,,starter,29.85,,2023-11-16,,2023-12-16,2,12.5,0,0,,0,US,Telecommunications,,true,2024-01-15
7901-HXJVA,Telco-7901-HXJVA,,,starter,76.45,,2022-11-21,,2024-01-15,15,25.0,0,1,,1,US,Telecommunications,,false,
5649-ANRML,Telco-5649-ANRML,,,starter,95.1,,2023-11-16,,2023-12-16,4,62.5,0,0,,0,US,Telecommunications,,true,2024-01-15
4892-VLANZ,Telco-4892-VLANZ,,,starter,19.8,,2023-12-16,,2023-12-16,1,12.5,0,0,,1,US,Telecommunications,,true,2024-01-15
5924-IFQTT,Telco-5924-IFQTT,,,starter,72.8,,2022-12-21,,2024-01-15,8,75.0,0,0,,1,US,Telecommunications,,false,
7968-QUXNS,Telco-7968-QUXNS,,,starter,18.95,,2023-07-19,,2024-01-15,3,12.5,0,0,,0,US,Telecommunications,,false,
2919-HBCJO,Telco-2919-HBCJO,,,starter,76.65,,2023-09-17,,2023-12-16,4,25.0,0,0,,0,US,Telecommunications,,true,2024-01-15
4236-XPXAV,Telco-4236-XPXAV,,,starter,99.15,,2023-08-18,,2023-12-16,4,62.5,0,0,,1,US,Telecommunications,,true,2024-01-15
8903-WMRNW,Telco-8903-WMRNW,,,starter,101.75,,2022-10-22,,2024-01-15,15,62.5,0,1,,1,US,Telecommunications,,false,
2452-SNHFZ,Telco-2452-SNHFZ,,,starter,75.45,,2020-03-06,,2024-01-15,15,25.0,0,3,,0,US,Telecommunications,,false,
3629-WEAAM,Telco-3629-WEAAM,,,starter,64.1,,2023-05-20,,2024-01-15,8,50.0,0,0,,0,US,Telecommunications,,false,
6029-CSMJE,Telco-6029-CSMJE,,,starter,25.65,,2022-08-23,,2024-01-15,8,0.0,0,1,,0,US,Telecommunications,,false,
7993-NQLJE,Telco-7993-NQLJE,,,starter,75.1,,2022-10-22,,2024-01-15,15,25.0,0,1,,0,US,Telecommunications,,false,
9909-DFRJA,Telco-9909-DFRJA,,,growth,95.85,12,2021-11-26,2024-11-10,2024-01-15,15,62.5,0,1,,0,US,Telecommunications,,false,
9099-FTUHS,Telco-9099-FTUHS,,,starter,54.4,,2022-02-24,,2024-01-15,8,37.5,0,1,,1,US,Telecommunications,,false,
0581-BXBUB,Telco-0581-BXBUB,,,starter,72.75,,2023-09-17,,2024-01-15,15,25.0,0,0,,1,US,Telecommunications,,false,
4962-CHQPW,Telco-4962-CHQPW,,,growth,19.85,12,2021-08-28,2024-08-12,2024-01-15,3,12.5,0,2,,0,US,Telecommunications,,false,
9467-ROOLM,Telco-9467-ROOLM,,,starter,19.05,,2021-12-26,,2024-01-15,3,12.5,0,2,,0,US,Telecommunications,,false,
3030-YZADT,Telco-3030-YZADT,,,starter,44.95,,2023-04-20,,2023-12-16,2,12.5,0,0,,1,US,Telecommunications,,true,2024-01-15
7410-KTVFV,Telco-7410-KTVFV,,,starter,49.55,,2022-07-24,,2023-12-16,2,25.0,0,1,,1,US,Telecommunications,,true,2024-01-15
5150-ITWWB,Telco-5150-ITWWB,,,starter,94.85,,2023-10-17,,2024-01-15,15,50.0,0,0,,1,US,Telecommunications,,false,
2253-KPMNB,Telco-2253-KPMNB,,,enterprise,46.25,24,2018-05-16,2024-04-14,2024-01-15,8,50.0,0,2,,0,US,Telecommunications,,false,
1345-ZUKID,Telco-1345-ZUKID,,,growth,19.35,12,2022-11-21,2024-11-10,2024-01-15,3,12.5,0,1,,0,US,Telecommunications,,false,
6429-SHBCB,Telco-6429-SHBCB,,,starter,69.6,,2022-06-24,,2024-01-15,8,50.0,0,1,,0,US,Telecommunications,,false,
9281-OFDMF,Telco-9281-OFDMF,,,starter,90.7,,2020-11-01,,2024-01-15,15,50.0,0,3,,1,US,Telecommunications,,false,
2603-HVKCG,Telco-2603-HVKCG,,,starter,101.4,,2021-06-29,,2024-01-15,15,62.5,0,2,,1,US,Telecommunications,,false,
1834-WULEG,Telco-1834-WULEG,,,growth,20.25,12,2022-01-25,2025-01-09,2024-01-15,3,12.5,0,2,,0,US,Telecommunications,,false,
9097-ZUBYC,Telco-9097-ZUBYC,,,starter,48.8,,2022-11-21,,2024-01-15,8,25.0,0,0,,0,US,Telecommunications,,false,
5148-ORICT,Telco-5148-ORICT,,,enterprise,74.35,24,2018-10-13,2024-09-11,2024-01-15,8,75.0,0,2,,0,US,Telecommunications,,false,
4893-GYUJU,Telco-4893-GYUJU,,,growth,19.35,12,2019-12-07,2024-11-10,2024-01-15,3,12.5,0,4,,0,US,Telecommunications,,false,
4578-PHJYZ,Telco-4578-PHJYZ,,,growth,68.75,12,2019-10-08,2024-09-11,2024-01-15,8,62.5,0,2,,1,US,Telecommunications,,false,
7272-QDCKA,Telco-7272-QDCKA,,,growth,100.2,12,2021-09-27,2024-09-11,2024-01-15,15,62.5,0,2,,1,US,Telecommunications,,false,
8908-SLFCJ,Telco-8908-SLFCJ,,,enterprise,20.85,24,2022-04-25,2024-04-14,2024-01-15,3,12.5,0,1,,0,US,Telecommunications,,false,
8393-DLHGA,Telco-8393-DLHGA,,,starter,95.9,,2021-12-26,,2023-12-16,4,50.0,0,2,,2,US,Telecommunications,,true,2024-01-15
9766-HGEDE,Telco-9766-HGEDE,,,growth,19.35,12,2022-08-23,2024-08-12,2024-01-15,3,12.5,0,1,,0,US,Telecommunications,,false,
6968-MHOMU,Telco-6968-MHOMU,,,growth,45.0,12,2019-04-11,2024-03-15,2024-01-15,8,25.0,0,4,,0,US,Telecommunications,,false,
7395-IGJOS,Telco-7395-IGJOS,,,starter,81.5,,2022-08-23,,2023-12-16,4,25.0,0,1,,0,US,Telecommunications,,true,2024-01-15
5044-XDPYX,Telco-5044-XDPYX,,,enterprise,25.5,24,2019-11-07,2025-10-06,2024-01-15,3,25.0,0,4,,0,US,Telecommunications,,false,
1814-WFGVS,Telco-1814-WFGVS,,,enterprise,48.9,24,2018-02-15,2026-01-04,2024-01-15,8,50.0,0,3,,0,US,Telecommunications,,false,
2834-SPCJV,Telco-2834-SPCJV,,,starter,84.1,,2019-10-08,,2023-12-16,4,37.5,0,4,,2,US,Telecommunications,,true,2024-01-15
3721-WKIIL,Telco-3721-WKIIL,,,enterprise,19.6,24,2021-10-27,2025-10-06,2024-01-15,3,12.5,0,2,,0,US,Telecommunications,,false,
6734-CKRSM,Telco-6734-CKRSM,,,starter,20.0,,2023-10-17,,2024-01-15,3,12.5,0,0,,0,US,Telecommunications,,false,
1265-ZFOSD,Telco-1265-ZFOSD,,,enterprise,81.3,24,2018-10-13,2024-09-11,2024-01-15,8,87.5,0,2,,0,US,Telecommunications,,false,
6568-POCUI,Telco-6568-POCUI,,,enterprise,95.2,24,2020-05-05,2024-04-14,2024-01-15,15,50.0,0,1,,0,US,Telecommunications,,false,
7890-VYYWG,Telco-7890-VYYWG,,,starter,36.45,,2023-10-17,,2023-12-16,2,12.5,0,0,,1,US,Telecommunications,,true,2024-01-15
5197-LQXXH,Telco-5197-LQXXH,,,enterprise,83.3,24,2018-03-17,2024-02-14,2024-01-15,8,87.5,0,2,,0,US,Telecommunications,,false,
9907-SWKKF,Telco-9907-SWKKF,,,starter,25.05,,2023-12-16,,2023-12-16,2,0.0,0,0,,1,US,Telecommunications,,true,2024-01-15
3457-PQBYH,Telco-3457-PQBYH,,,enterprise,20.3,24,2019-04-11,2025-03-10,2024-01-15,3,12.5,0,4,,0,US,Telecommunications,,false,
7682-AZNDK,Telco-7682-AZNDK,,,starter,89.85,,2021-03-31,,2024-01-15,15,50.0,0,2,,1,US,Telecommunications,,false,
0587-DMGBH,Telco-0587-DMGBH,,,starter,49.85,,2023-05-20,,2023-12-16,2,25.0,0,0,,2,US,Telecommunications,,true,2024-01-15
5384-ZTTWP,Telco-5384-ZTTWP,,,starter,19.8,,2022-10-22,,2024-01-15,3,12.5,0,1,,0,US,Telecommunications,,false,
3745-HRPHI,Telco-3745-HRPHI,,,enterprise,54.65,24,2018-08-14,2024-07-13,2024-01-15,8,50.0,0,2,,0,US,Telecommunications,,false,
7636-OWBPG,Telco-7636-OWBPG,,,starter,29.35,,2023-01-20,,2024-01-15,8,12.5,0,1,,0,US,Telecommunications,,false,
1231-YNDEK,Telco-1231-YNDEK,,,enterprise,19.15,24,2019-04-11,2025-03-10,2024-01-15,3,12.5,0,4,,0,US,Telecommunications,,false,
1407-DIGZV,Telco-1407-DIGZV,,,enterprise,19.1,24,2023-10-17,2025-10-06,2024-01-15,3,12.5,0,0,,0,US,Telecommunications,,false,
6397-JNZZG,Telco-6397-JNZZG,,,starter,55.55,,2020-07-04,,2023-12-16,2,50.0,0,3,,0,US,Telecommunications,,true,2024-01-15
0570-BFQHT,Telco-0570-BFQHT,,,starter,80.55,,2023-04-20,,2024-01-15,15,37.5,0,0,,1,US,Telecommunications,,false,
4393-OBCRR,Telco-4393-OBCRR,,,growth,20.25,12,2023-10-17,2024-10-11,2024-01-15,3,12.5,0,0,,0,US,Telecommunications,,false,
3523-QRQLL,Telco-3523-QRQLL,,,growth,69.5,12,2022-03-26,2023-03-21,2023-12-16,2,50.0,0,1,,0,US,Telecommunications,,true,2024-01-15
8564-LDKFL,Telco-8564-LDKFL,,,growth,106.0,12,2020-10-02,2024-09-11,2024-01-15,15,75.0,0,3,,0,US,Telecommunications,,false,
3696-DFHHB,Telco-3696-DFHHB,,,enterprise,25.5,24,2018-06-15,2024-05-14,2024-01-15,3,25.0,0,5,,0,US,Telecommunications,,false,
0895-DQHEW,Telco-0895-DQHEW,,,starter,104.3,,2019-08-09,,2023-12-16,4,75.0,0,4,,2,US,Telecommunications,,true,2024-01-15
4717-GHADL,Telco-4717-GHADL,,,enterprise,79.6,24,2019-12-07,2025-11-05,2024-01-15,8,75.0,0,2,,0,US,Telecommunications,,false,
5501-TVMGM,Telco-5501-TVMGM,,,starter,55.25,,2023-12-16,,2024-01-15,8,25.0,0,0,,1,US,Telecommunications,,false,
5879-HMFFH,Telco-5879-HMFFH,,,enterprise,88.05,24,2018-02-15,2026-01-04,2024-01-15,8,100.0,0,3,,0,US,Telecommunications,,false,
6772-WFQRD,Telco-6772-WFQRD,,,growth,20.4,12,2020-10-02,2024-09-11,2024-01-15,3,12.5,0,3,,0,US,Telecommunications,,false,
3810-DVDQQ,Telco-3810-DVDQQ,,,enterprise,117.6,24,2018-02-15,2026-01-04,2024-01-15,15,100.0,0,3,,0,US,Telecommunications,,false,
6972-SNKKW,Telco-6972-SNKKW,,,starter,20.0,,2023-07-19,,2024-01-15,3,12.5,0,0,,0,US,Telecommunications,,false,
3694-GLTJM,Telco-3694-GLTJM,,,starter,19.65,,2023-08-18,,2024-01-15,3,12.5,0,0,,0,US,Telecommunications,,false,
8550-XSXUQ,Telco-8550-XSXUQ,,,growth,70.55,12,2020-02-05,2025-01-09,2024-01-15,8,62.5,0,4,,0,US,Telecommunications,,false,
8149-RSOUN,Telco-8149-RSOUN,,,starter,93.85,,2023-12-16,,2023-12-16,4,50.0,0,0,,2,US,Telecommunications,,true,2024-01-15
9055-MOJJJ,Telco-9055-MOJJJ,,,growth,65.8,12,2018-10-13,2024-09-11,2024-01-15,8,50.0,0,2,,0,US,Telecommunications,,false,
4359-INNWN,Telco-4359-INNWN,,,growth,20.05,12,2022-08-23,2024-08-12,2024-01-15,3,12.5,0,1,,0,US,Telecommunications,,false,
0585-EGDDA,Telco-0585-EGDDA,,,starter,80.0,,2020-10-02,,2024-01-15,15,37.5,0,3,,1,US,Telecommunications,,false,
4032-RMHCI,Telco-4032-RMHCI,,,growth,35.4,12,2020-09-02,2024-08-12,2024-01-15,8,25.0,0,3,,0,US,Telecommunications,,false,
0549-CYCQN,Telco-0549-CYCQN,,,growth,79.6,12,2019-11-07,2024-10-11,2024-01-15,15,37.5,0,4,,0,US,Telecommunications,,false,
3481-JHUZH,Telco-3481-JHUZH,,,starter,80.25,,2020-09-02,,2024-01-15,15,37.5,0,3,,1,US,Telecommunications,,false,
7250-EQKIY,Telco-7250-EQKIY,,,starter,50.45,,2023-12-16,,2023-12-16,2,25.0,0,0,,1,US,Telecommunications,,true,2024-01-15
3594-IVHJZ,Telco-3594-IVHJZ,,,starter,20.45,,2023-11-16,,2024-01-15,3,12.5,0,0,,0,US,Telecommunications,,false,
6869-FGJJC,Telco-6869-FGJJC,,,growth,79.6,12,2018-06-15,2024-05-14,2024-01-15,15,37.5,0,5,,0,US,Telecommunications,,false,
3896-ZVNET,Telco-3896-ZVNET,,,enterprise,24.7,24,2022-01-25,2026-01-04,2024-01-15,3,25.0,0,2,,0,US,Telecommunications,,false,
8205-VSLRB,Telco-8205-VSLRB,,,enterprise,77.3,24,2018-04-16,2024-03-15,2024-01-15,8,75.0,0,2,,0,US,Telecommunications,,false,
5960-MVTUK,Telco-5960-MVTUK,,,starter,29.75,,2023-10-17,,2024-01-15,8,12.5,0,0,,1,US,Telecommunications,,false,
6817-WTYHE,Telco-6817-WTYHE,,,starter,44.9,,2023-11-16,,2024-01-15,8,12.5,0,0,,0,US,Telecommunications,,false,
3082-VQXNH,Telco-3082-VQXNH,,,starter,29.8,,2023-10-17,,2024-01-15,8,12.5,0,0,,0,US,Telecommunications,,false,
4013-UBXWQ,Telco-4013-UBXWQ,,,starter,74.65,,2023-06-19,,2023-12-16,2,62.5,0,0,,2,US,Telecommunications,,true,2024-01-15
4931-TRZWN,Telco-4931-TRZWN,,,starter,71.95,,2022-12-21,,2024-01-15,8,50.0,0,1,,1,US,Telecommunications,,false,
0750-EKNGL,Telco-0750-EKNGL,,,starter,20.75,,2023-06-19,,2024-01-15,3,12.5,0,0,,0,US,Telecommunications,,false,
7669-LCRSD,Telco-7669-LCRSD,,,starter,56.3,,2023-01-20,,2024-01-15,8,25.0,0,1,,0,US,Telecommunications,,false,
3567-PQTSO,Telco-3567-PQTSO,,,growth,105.25,12,2019-09-08,2024-08-12,2024-01-15,15,75.0,0,4,,1,US,Telecommunications,,false,
5519-NPHVG,Telco-5519-NPHVG,,,starter,94.2,,2023-01-20,,2023-12-16,4,50.0,0,1,,2,US,Telecommunications,,true,2024-01-15
8043-PNYSD,Telco-8043-PNYSD,,,enterprise,19.55,24,2018-11-12,2024-10-11,2024-01-15,3,12.5,0,5,,0,US,Telecommunications,,false,
9938-EKRGF,Telco-9938-EKRGF,,,starter,84.45,,2022-10-22,,2024-01-15,8,87.5,0,0,,0,US,Telecommunications,,false,
2703-AMTUL,Telco-2703-AMTUL,,,growth,53.65,12,2021-01-30,2025-01-09,2024-01-15,8,37.5,0,3,,0,US,Telecommunications,,false,
0928-JMXNP,Telco-0928-JMXNP,,,starter,29.9,,2023-09-17,,2024-01-15,8,12.5,0,0,,1,US,Telecommunications,,false,
8173-RXAYP,Telco-8173-RXAYP,,,enterprise,19.7,24,2022-01-25,2026-01-04,2024-01-15,3,12.5,0,2,,0,US,Telecommunications,,false,
4825-XJGDM,Telco-4825-XJGDM,,,growth,43.7,12,2019-01-11,2024-12-10,2024-01-15,8,50.0,0,2,,0,US,Telecommunications,,false,
5402-HTOTQ,Telco-5402-HTOTQ,,,starter,55.3,,2022-09-22,,2024-01-15,8,37.5,0,1,,1,US,Telecommunications,,false,
6734-JDTTV,Telco-6734-JDTTV,,,enterprise,19.85,24,2018-09-13,2024-08-12,2024-01-15,3,12.5,0,5,,0,US,Telecommunications,,false,
7850-THJMU,Telco-7850-THJMU,,,enterprise,19.65,24,2021-11-26,2025-11-05,2024-01-15,3,12.5,0,2,,0,US,Telecommunications,,false,
3890-RTCMS,Telco-3890-RTCMS,,,starter,49.45,,2022-09-22,,2024-01-15,8,25.0,0,0,,0,US,Telecommunications,,false,
8849-GYOKR,Telco-8849-GYOKR,,,growth,106.55,12,2019-08-09,2020-08-03,2023-12-16,4,75.0,0,4,,0,US,Telecommunications,,true,2024-01-15
3148-BLQJT,Telco-3148-BLQJT,,,starter,20.1,,2023-12-16,,2023-12-16,1,12.5,0,0,,1,US,Telecommunications,,true,2024-01-15
3717-FDJFU,Telco-3717-FDJFU,,,enterprise,20.45,24,2023-08-18,2025-08-07,2024-01-15,3,12.5,0,0,,0,US,Telecommunications,,false,
3665-JATSN,Telco-3665-JATSN,,,starter,39.7,,2022-06-24,,2024-01-15,8,25.0,0,1,,1,US,Telecommunications,,false,
7966-YOTQW,Telco-7966-YOTQW,,,starter,54.5,,2023-03-21,,2024-01-15,8,37.5,0,0,,0,US,Telecommunications,,false,
0461-CVKMU,Telco-0461-CVKMU,,,starter,83.8,,2022-02-24,,2023-12-16,4,50.0,0,0,,2,US,Telecommunications,,true,2024-01-15
8806-EAGWC,Telco-8806-EAGWC,,,starter,55.15,,2023-10-17,,2023-12-16,2,25.0,0,0,,1,US,Telecommunications,,true,2024-01-15
8853-TZDGH,Telco-8853-TZDGH,,,enterprise,111.6,24,2018-02-15,2026-01-04,2024-01-15,15,87.5,0,3,,0,US,Telecommunications,,false,
7779-LGOVN,Telco-7779-LGOVN,,,starter,86.65,,2023-03-21,,2023-12-16,4,37.5,0,0,,2,US,Telecommunications,,true,2024-01-15
4324-BZCKL,Telco-4324-BZCKL,,,starter,55.55,,2023-03-21,,2024-01-15,8,37.5,0,0,,0,US,Telecommunications,,false,
6924-TDGMT,Telco-6924-TDGMT,,,growth,20.55,12,2023-02-19,2024-02-14,2024-01-15,3,12.5,0,0,,0,US,Telecommunications,,false,
9710-ZUSHQ,Telco-9710-ZUSHQ,,,starter,106.75,,2020-12-31,,2023-12-16,4,75.0,0,3,,0,US,Telecommunications,,true,2024-01-15
1536-YHDOE,Telco-1536-YHDOE,,,growth,62.1,12,2022-08-23,2024-08-12,2024-01-15,8,50.0,0,0,,0,US,Telecommunications,,false,
8123-QBNAZ,Telco-8123-QBNAZ,,,starter,104.5,,2021-01-30,,2024-01-15,15,75.0,0,3,,0,US,Telecommunications,,false,
3629-ZNKXA,Telco-3629-ZNKXA,,,starter,101.8,,2022-08-23,,2024-01-15,15,62.5,0,1,,1,US,Telecommunications,,false,
4827-LTQRJ,Telco-4827-LTQRJ,,,growth,110.6,12,2018-08-14,2024-07-13,2024-01-15,15,87.5,0,2,,0,US,Telecommunications,,false,
7711-YIJWC,Telco-7711-YIJWC,,,growth,84.9,12,2019-01-11,2024-12-10,2024-01-15,8,87.5,0,2,,0,US,Telecommunications,,false,
5482-VXSXJ,Telco-5482-VXSXJ,,,starter,93.2,,2022-03-26,,2024-01-15,15,50.0,0,1,,0,US,Telecommunications,,false,
7365-BVCJH,Telco-7365-BVCJH,,,starter,24.4,,2023-12-16,,2024-01-15,8,0.0,0,0,,1,US,Telecommunications,,false,
9620-ENEJV,Telco-9620-ENEJV,,,starter,70.55,,2023-07-19,,2024-01-15,15,12.5,0,0,,0,US,Telecommunications,,false,
4183-WCSEP,Telco-4183-WCSEP,,,starter,78.45,,2021-06-29,,2023-12-16,4,37.5,0,1,,2,US,Telecommunications,,true,2024-01-15
2378-YIZKA,Telco-2378-YIZKA,,,enterprise,85.0,24,2018-06-15,2024-05-14,2024-01-15,8,87.5,0,2,,0,US,Telecommunications,,false,
5498-TXHLF,Telco-5498-TXHLF,,,starter,87.45,,2021-03-31,,2023-12-16,4,50.0,0,2,,2,US,Telecommunications,,true,2024-01-15
0689-DSXGL,Telco-0689-DSXGL,,,starter,85.8,,2019-10-08,,2024-01-15,15,50.0,0,2,,0,US,Telecommunications,,false,
6818-DJXAA,Telco-6818-DJXAA,,,starter,91.1,,2023-03-21,,2024-01-15,15,50.0,0,0,,1,US,Telecommunications,,false,
9722-UJOJR,Telco-9722-UJOJR,,,starter,70.75,,2021-08-28,,2023-12-16,4,12.5,0,2,,2,US,Telecommunications,,true,2024-01-15
0464-WJTKO,Telco-0464-WJTKO,,,enterprise,20.1,24,2018-02-15,2026-01-04,2024-01-15,3,12.5,0,6,,0,US,Telecommunications,,false,
8902-ZEOVF,Telco-8902-ZEOVF,,,growth,20.05,12,2020-03-06,2024-02-14,2024-01-15,3,12.5,0,3,,0,US,Telecommunications,,false,
6778-EICRF,Telco-6778-EICRF,,,growth,74.8,12,2022-01-25,2025-01-09,2024-01-15,8,62.5,0,2,,0,US,Telecommunications,,false,
2662-NNTDK,Telco-2662-NNTDK,,,growth,24.8,12,2018-09-13,2024-08-12,2024-01-15,3,25.0,0,5,,0,US,Telecommunications,,false,
4132-KALRO,Telco-4132-KALRO,,,starter,100.85,,2023-09-17,,2024-01-15,15,62.5,0,0,,0,US,Telecommunications,,false,
3902-FOIGH,Telco-3902-FOIGH,,,starter,101.35,,2023-01-20,,2023-12-16,4,62.5,0,1,,2,US,Telecommunications,,true,2024-01-15
6772-KSATR,Telco-6772-KSATR,,,starter,81.7,,2023-12-16,,2023-12-16,4,37.5,0,0,,2,US,Telecommunications,,true,2024-01-15
7112-OPOTK,Telco-7112-OPOTK,,,starter,68.25,,2021-04-30,,2023-12-16,4,12.5,0,2,,2,US,Telecommunications,,true,2024-01-15
2874-YXVVA,Telco-2874-YXVVA,,,starter,105.1,,2021-03-31,,2024-01-15,15,75.0,0,1,,1,US,Telecommunications,,false,
1245-HARPS,Telco-1245-HARPS,,,enterprise,20.4,24,2022-11-21,2024-11-10,2024-01-15,3,12.5,0,1,,0,US,Telecommunications,,false,
4210-QFJMF,Telco-4210-QFJMF,,,starter,79.15,,2023-09-17,,2023-12-16,4,25.0,0,0,,2,US,Telecommunications,,true,2024-01-15
4323-ELYYB,Telco-4323-ELYYB,,,growth,20.0,12,2022-12-21,2024-12-10,2024-01-15,3,12.5,0,1,,0,US,Telecommunications,,false,
4293-ETKAP,Telco-4293-ETKAP,,,enterprise,79.4,24,2018-09-13,2024-08-12,2024-01-15,8,75.0,0,2,,0,US,Telecommunications,,false,
6064-PUPMC,Telco-6064-PUPMC,,,growth,57.2,12,2022-02-24,2024-02-14,2024-01-15,8,37.5,0,0,,0,US,Telecommunications,,false,
6504-VBLFL,Telco-6504-VBLFL,,,enterprise,58.6,24,2019-07-10,2025-06-08,2024-01-15,8,50.0,0,4,,1,US,Telecommunications,,false,
6322-PJJDJ,Telco-6322-PJJDJ,,,enterprise,94.8,24,2020-01-06,2025-12-05,2024-01-15,15,50.0,0,4,,1,US,Telecommunications,,false,
0330-BGYZE,Telco-0330-BGYZE,,,growth,102.5,12,2019-02-10,2025-01-09,2024-01-15,15,75.0,0,5,,0,US,Telecommunications,,false,
1085-LDWAM,Telco-1085-LDWAM,,,growth,20.35,12,2018-05-16,2024-04-14,2024-01-15,3,12.5,0,5,,0,US,Telecommunications,,false,
7586-ZATGZ,Telco-7586-ZATGZ,,,starter,84.9,,2020-10-02,,2024-01-15,15,37.5,0,3,,1,US,Telecommunications,,false,
7197-VOJMM,Telco-7197-VOJMM,,,enterprise,69.2,24,2018-07-15,2024-06-13,2024-01-15,8,62.5,0,2,,0,US,Telecommunications,,false,
3318-OSATS,Telco-3318-OSATS,,,starter,95.45,,2021-03-01,,2023-12-16,4,50.0,0,2,,2,US,Telecommunications,,true,2024-01-15
5828-AVIPD,Telco-5828-AVIPD,,,growth,100.95,12,2022-06-24,2023-06-19,2023-12-16,4,62.5,0,0,,2,US,Telecommunications,,true,2024-01-15
1843-TLSGD,Telco-1843-TLSGD,,,enterprise,20.85,24,2022-12-21,2024-12-10,2024-01-15,3,12.5,0,1,,0,US,Telecommunications,,false,
9626-VFRGG,Telco-9626-VFRGG,,,starter,88.5,,2020-09-02,,2024-01-15,15,50.0,0,3,,0,US,Telecommunications,,false,
7075-BNDVQ,Telco-7075-BNDVQ,,,starter,35.0,,2023-09-17,,2024-01-15,8,25.0,0,0,,0,US,Telecommunications,,false,
9143-CANJF,Telco-9143-CANJF,,,starter,55.15,,2022-01-25,,2024-01-15,8,37.5,0,1,,1,US,Telecommunications,,false,
7284-BUYEC,Telco-7284-BUYEC,,,starter,50.95,,2023-08-18,,2024-01-15,8,37.5,0,0,,0,US,Telecommunications,,false,
2041-JIJCI,Telco-2041-JIJCI,,,starter,64.0,,2023-08-18,,2024-01-15,8,50.0,0,0,,1,US,Telecommunications,,false,
1086-LXKFY,Telco-1086-LXKFY,,,starter,69.1,,2023-12-16,,2023-12-16,4,12.5,0,0,,1,US,Telecommunications,,true,2024-01-15
4900-MSOMT,Telco-4900-MSOMT,,,enterprise,80.2,24,2018-02-15,2026-01-04,2024-01-15,8,87.5,0,3,,0,US,Telecommunications,,false,
2229-VWQJH,Telco-2229-VWQJH,,,starter,49.3,,2022-01-25,,2024-01-15,8,25.0,0,2,,0,US,Telecommunications,,false,
9194-GFVOI,Telco-9194-GFVOI,,,enterprise,84.35,24,2020-08-03,2024-07-13,2024-01-15,8,87.5,0,1,,0,US,Telecommunications,,false,
1336-EZFZY,Telco-1336-EZFZY,,,starter,20.05,,2023-09-17,,2024-01-15,3,12.5,0,0,,0,US,Telecommunications,,false,
4282-MSACW,Telco-4282-MSACW,,,growth,117.2,12,2018-06-15,2024-05-14,2024-01-15,15,100.0,0,2,,0,US,Telecommunications,,false,
1403-LKLIK,Telco-1403-LKLIK,,,growth,20.1,12,2021-04-30,2024-04-14,2024-01-15,3,12.5,0,2,,0,US,Telecommunications,,false,
2636-ALXXZ,Telco-2636-ALXXZ,,,starter,69.6,,2023-12-16,,2023-12-16,4,12.5,0,0,,2,US,Telecommunications,,true,2024-01-15
7774-OJSXI,Telco-7774-OJSXI,,,growth,103.45,12,2021-06-29,2022-06-24,2023-12-16,4,75.0,0,2,,2,US,Telecommunications,,true,2024-01-15
7786-WBJYI,Telco-7786-WBJYI,,,starter,77.95,,2023-09-17,,2023-12-16,4,37.5,0,0,,0,US,Telecommunications,,true,2024-01-15
0136-IFMYD,Telco-0136-IFMYD,,,enterprise,109.95,24,2018-05-16,2024-04-14,2024-01-15,15,87.5,0,2,,1,US,Telecommunications,,false,
5144-TVGLP,Telco-5144-TVGLP,,,starter,94.75,,2020-12-01,,2024-01-15,15,50.0,0,3,,1,US,Telecommunications,,false,
9643-AVVWI,Telco-9643-AVVWI,,,starter,80.0,,2023-10-17,,2024-01-15,15,37.5,0,0,,1,US,Telecommunications,,false,
0253-ZTEOB,Telco-0253-ZTEOB,,,enterprise,79.65,24,2020-02-05,2026-01-04,2024-01-15,8,75.0,0,2,,1,US,Telecommunications,,false,
2706-QZIHY,Telco-2706-QZIHY,,,enterprise,25.2,24,2022-10-22,2024-10-11,2024-01-15,3,25.0,0,1,,0,US,Telecommunications,,false,
6061-PQHMK,Telco-6061-PQHMK,,,growth,19.9,12,2021-12-26,2024-12-10,2024-01-15,3,12.5,0,2,,0,US,Telecommunications,,false,
9885-CSMWE,Telco-9885-CSMWE,,,starter,78.45,,2023-12-16,,2023-12-16,4,25.0,0,0,,2,US,Telecommunications,,true,2024-01-15
6137-MFAJN,Telco-6137-MFAJN,,,starter,44.8,,2020-02-05,,2024-01-15,8,37.5,0,4,,1,US,Telecommunications,,false,
9122-UMROB,Telco-9122-UMROB,,,starter,20.3,,2023-12-16,,2024-01-15,3,12.5,0,0,,0,US,Telecommunications,,false,
4232-JGKIY,Telco-4232-JGKIY,,,starter,19.2,,2023-12-16,,2024-01-15,3,12.5,0,0,,1,US,Telecommunications,,false,
2402-TAIRZ,Telco-2402-TAIRZ,,,growth,80.05,12,2020-12-31,2024-12-10,2024-01-15,15,37.5,0,3,,1,US,Telecommunications,,false,
9659-ZTWSM,Telco-9659-ZTWSM,,,growth,107.35,12,2018-08-14,2024-07-13,2024-01-15,15,87.5,0,2,,0,US,Telecommunications,,false,
9139-TWBAS,Telco-9139-TWBAS,,,growth,47.85,12,2021-11-26,2024-11-10,2024-01-15,8,50.0,0,2,,0,US,Telecommunications,,false,
6685-GBWJZ,Telco-6685-GBWJZ,,,growth,70.8,12,2018-11-12,2024-10-11,2024-01-15,8,62.5,0,2,,0,US,Telecommunications,,false,
5016-ETTFF,Telco-5016-ETTFF,,,starter,29.5,,2023-03-21,,2023-12-16,2,12.5,0,0,,1,US,Telecommunications,,true,2024-01-15
3866-MDTUB,Telco-3866-MDTUB,,,starter,70.75,,2023-11-16,,2023-12-16,2,50.0,0,0,,2,US,Telecommunications,,true,2024-01-15
2195-VVRJF,Telco-2195-VVRJF,,,starter,59.1,,2022-07-24,,2024-01-15,8,37.5,0,1,,0,US,Telecommunications,,false,
3913-RDSJZ,Telco-3913-RDSJZ,,,enterprise,25.55,24,2018-10-13,2024-09-11,2024-01-15,3,25.0,0,5,,0,US,Telecommunications,,false,
8058-JMEQO,Telco-8058-JMEQO,,,starter,84.45,,2023-04-20,,2023-12-16,4,37.5,0,0,,2,US,Telecommunications,,true,2024-01-15
4203-QGNZA,Telco-4203-QGNZA,,,starter,20.25,,2021-09-27,,2024-01-15,3,12.5,0,2,,0,US,Telecommunications,,false,
5043-TRZWM,Telco-5043-TRZWM,,,starter,75.55,,2023-12-16,,2024-01-15,15,25.0,0,0,,1,US,Telecommunications,,false,
0697-ZMSWS,Telco-0697-ZMSWS,,,starter,85.65,,2023-09-17,,2023-12-16,4,37.5,0,0,,2,US,Telecommunications,,true,2024-01-15
7657-DYEPJ,Telco-7657-DYEPJ,,,growth,70.15,12,2020-12-01,2021-11-26,2023-12-16,2,62.5,0,1,,0,US,Telecommunications,,true,2024-01-15
9494-BDNNC,Telco-9494-BDNNC,,,growth,95.3,12,2018-08-14,2024-07-13,2024-01-15,15,62.5,0,5,,1,US,Telecommunications,,false,
1640-PLFMP,Telco-1640-PLFMP,,,starter,70.25,,2023-12-16,,2024-01-15,15,12.5,0,0,,1,US,Telecommunications,,false,
5366-OBVMR,Telco-5366-OBVMR,,,starter,50.3,,2022-07-24,,2024-01-15,8,25.0,0,0,,0,US,Telecommunications,,false,
8276-MQBYC,Telco-8276-MQBYC,,,starter,97.8,,2019-11-07,,2023-12-16,4,62.5,0,4,,2,US,Telecommunications,,true,2024-01-15
7644-OMVMY,Telco-7644-OMVMY,,,enterprise,19.85,24,2024-01-15,2026-01-04,2024-01-15,3,12.5,0,0,,0,US,Telecommunications,,false,
7593-XFKDI,Telco-7593-XFKDI,,,starter,46.3,,2023-12-16,,2023-12-16,2,12.5,0,0,,1,US,Telecommunications,,true,2024-01-15
4573-JKNAE,Telco-4573-JKNAE,,,enterprise,19.35,24,2023-01-20,2025-01-09,2024-01-15,3,12.5,0,1,,0,US,Telecommunications,,false,
0337-CNPZE,Telco-0337-CNPZE,,,starter,106.3,,2020-09-02,,2023-12-16,4,75.0,0,3,,2,US,Telecommunications,,true,2024-01-15
9817-APLHW,Telco-9817-APLHW,,,starter,25.0,,2023-01-20,,2024-01-15,3,25.0,0,1,,1,US,Telecommunications,,false,
8380-MQINP,Telco-8380-MQINP,,,enterprise,20.3,24,2019-07-10,2025-06-08,2024-01-15,3,12.5,0,4,,0,US,Telecommunications,,false,
0840-DFEZH,Telco-0840-DFEZH,,,starter,75.35,,2023-06-19,,2024-01-15,15,25.0,0,0,,1,US,Telecommunications,,false,
1513-XNPPH,Telco-1513-XNPPH,,,starter,89.4,,2023-01-20,,2023-12-16,4,50.0,0,0,,2,US,Telecommunications,,true,2024-01-15
8690-ZVLCL,Telco-8690-ZVLCL,,,enterprise,88.0,24,2018-06-15,2024-05-14,2024-01-15,8,100.0,0,2,,0,US,Telecommunications,,false,
6015-VVHHE,Telco-6015-VVHHE,,,starter,83.15,,2023-08-18,,2023-12-16,4,37.5,0,0,,0,US,Telecommunications,,true,2024-01-15
1125-SNVCK,Telco-1125-SNVCK,,,starter,43.8,,2020-01-06,,2024-01-15,8,12.5,0,4,,0,US,Telecommunications,,false,
0384-LPITE,Telco-0384-LPITE,,,growth,62.05,12,2020-10-02,2024-09-11,2024-01-15,8,62.5,0,3,,0,US,Telecommunications,,false,
4616-EWBNJ,Telco-4616-EWBNJ,,,growth,20.1,12,2022-09-22,2024-09-11,2024-01-15,3,12.5,0,1,,0,US,Telecommunications,,false,
6347-DCUIK,Telco-6347-DCUIK,,,starter,74.15,,2023-03-21,,2023-12-16,4,25.0,0,0,,1,US,Telecommunications,,true,2024-01-15
1335-HQMKX,Telco-1335-HQMKX,,,growth,101.35,12,2018-02-15,2025-01-09,2024-01-15,15,75.0,0,6,,1,US,Telecommunications,,false,
2545-EBUPK,Telco-2545-EBUPK,,,starter,84.05,,2023-11-16,,2024-01-15,15,37.5,0,0,,1,US,Telecommunications,,false,
6923-AQONU,Telco-6923-AQONU,,,enterprise,20.9,24,2022-02-24,2024-02-14,2024-01-15,3,12.5,0,1,,0,US,Telecommunications,,false,
2172-EJXVF,Telco-2172-EJXVF,,,growth,105.9,12,2018-03-17,2024-02-14,2024-01-15,15,75.0,0,5,,1,US,Telecommunications,,false,
0897-FEGMU,Telco-0897-FEGMU,,,starter,99.5,,2023-02-19,,2023-12-16,4,62.5,0,0,,2,US,Telecommunications,,true,2024-01-15
7663-RGWBC,Telco-7663-RGWBC,,,starter,44.15,,2023-12-16,,2023-12-16,2,12.5,0,0,,1,US,Telecommunications,,true,2024-01-15
1120-BMWUB,Telco-1120-BMWUB,,,starter,53.9,,2022-09-22,,2023-12-16,2,37.5,0,0,,1,US,Telecommunications,,true,2024-01-15
9124-LHCJQ,Telco-9124-LHCJQ,,,starter,85.45,,2023-12-16,,2023-12-16,4,37.5,0,0,,1,US,Telecommunications,,true,2024-01-15
4536-PLEQY,Telco-4536-PLEQY,,,starter,85.05,,2023-01-20,,2024-01-15,15,37.5,0,1,,0,US,Telecommunications,,false,
7029-IJEJK,Telco-7029-IJEJK,,,growth,44.1,12,2019-08-09,2024-07-13,2024-01-15,8,37.5,0,2,,0,US,Telecommunications,,false,
8871-JLMHM,Telco-8871-JLMHM,,,enterprise,90.2,24,2018-06-15,2024-05-14,2024-01-15,15,62.5,0,2,,0,US,Telecommunications,,false,
2235-ZGKPT,Telco-2235-ZGKPT,,,starter,50.85,,2023-09-17,,2023-12-16,2,25.0,0,0,,1,US,Telecommunications,,true,2024-01-15
3891-PUQOD,Telco-3891-PUQOD,,,starter,59.2,,2023-12-16,,2023-12-16,2,37.5,0,0,,2,US,Telecommunications,,true,2024-01-15
5447-VYTKW,Telco-5447-VYTKW,,,starter,53.45,,2021-10-27,,2024-01-15,8,37.5,0,1,,0,US,Telecommunications,,false,
3623-FQBOX,Telco-3623-FQBOX,,,starter,19.95,,2022-04-25,,2024-01-15,3,12.5,0,1,,0,US,Telecommunications,,false,
0689-NKYLF,Telco-0689-NKYLF,,,starter,83.2,,2022-12-21,,2023-12-16,4,37.5,0,1,,2,US,Telecommunications,,true,2024-01-15
8659-HDIYE,Telco-8659-HDIYE,,,starter,74.65,,2018-10-13,,2024-01-15,8,75.0,0,2,,0,US,Telecommunications,,false,
3658-KIBGF,Telco-3658-KIBGF,,,starter,54.9,,2023-12-16,,2023-12-16,2,37.5,0,0,,2,US,Telecommunications,,true,2024-01-15
3474-BAFSJ,Telco-3474-BAFSJ,,,enterprise,57.5,24,2019-05-11,2025-04-09,2024-01-15,8,62.5,0,2,,0,US,Telecommunications,,false,
5519-YLDGW,Telco-5519-YLDGW,,,starter,103.9,,2022-04-25,,2023-12-16,4,75.0,0,1,,2,US,Telecommunications,,true,2024-01-15
3865-ZFZIB,Telco-3865-ZFZIB,,,enterprise,19.65,24,2022-06-24,2024-06-13,2024-01-15,3,12.5,0,1,,0,US,Telecommunications,,false,
1855-AGAWH,Telco-1855-AGAWH,,,growth,93.8,12,2021-06-29,2024-06-13,2024-01-15,15,50.0,0,2,,1,US,Telecommunications,,false,
7109-CQYUZ,Telco-7109-CQYUZ,,,enterprise,89.25,24,2019-10-08,2025-09-06,2024-01-15,8,100.0,0,2,,0,US,Telecommunications,,false,
1370-GGAWX,Telco-1370-GGAWX,,,growth,94.15,12,2020-04-05,2024-03-15,2024-01-15,15,62.5,0,3,,1,US,Telecommunications,,false,
4680-KUTAJ,Telco-4680-KUTAJ,,,starter,55.6,,2023-02-19,,2024-01-15,8,37.5,0,0,,1,US,Telecommunications,,false,
5307-UVGNB,Telco-5307-UVGNB,,,starter,48.7,,2019-09-08,,2024-01-15,8,50.0,0,4,,0,US,Telecommunications,,false,
4946-EDSEW,Telco-4946-EDSEW,,,starter,19.25,,2023-02-19,,2023-12-16,1,12.5,0,0,,1,US,Telecommunications,,true,2024-01-15
2883-ILGWO,Telco-2883-ILGWO,,,starter,104.9,,2019-05-11,,2024-01-15,15,75.0,0,2,,0,US,Telecommunications,,false,
2516-VQRRV,Telco-2516-VQRRV,,,starter,75.45,,2023-11-16,,2023-12-16,4,25.0,0,0,,1,US,Telecommunications,,true,2024-01-15
7580-UGXNC,Telco-7580-UGXNC,,,starter,54.85,,2023-11-16,,2023-12-16,2,37.5,0,0,,1,US,Telecommunications,,true,2024-01-15
3642-BYHDO,Telco-3642-BYHDO,,,enterprise,19.9,24,2018-03-17,2024-02-14,2024-01-15,3,12.5,0,5,,0,US,Telecommunications,,false,
9629-NHXFW,Telco-9629-NHXFW,,,starter,19.4,,2023-12-16,,2024-01-15,3,12.5,0,0,,0,US,Telecommunications,,false,
2696-RZVZW,Telco-2696-RZVZW,,,enterprise,25.05,24,2018-06-15,2024-05-14,2024-01-15,3,25.0,0,5,,0,US,Telecommunications,,false,
5766-FTRTS,Telco-5766-FTRTS,,,enterprise,84.45,24,2018-02-15,2026-01-04,2024-01-15,8,87.5,0,3,,0,US,Telecommunications,,false,
0396-HUJBP,Telco-0396-HUJBP,,,starter,19.3,,2023-11-16,,2024-01-15,3,12.5,0,0,,0,US,Telecommunications,,false,
5178-LMXOP,Telco-5178-LMXOP,,,starter,95.1,,2023-12-16,,2023-12-16,4,50.0,0,0,,2,US,Telecommunications,,true,2024-01-15
8879-ZKJOF,Telco-8879-ZKJOF,,,growth,79.85,12,2020-09-02,2024-08-12,2024-01-15,8,75.0,0,1,,0,US,Telecommunications,,false,
6285-FTQBF,Telco-6285-FTQBF,,,enterprise,25.55,24,2018-02-15,2026-01-04,2024-01-15,3,25.0,0,6,,0,US,Telecommunications,,false,
8185-UPYBR,Telco-8185-UPYBR,,,starter,75.5,,2023-07-19,,2023-12-16,4,25.0,0,0,,2,US,Telecommunications,,true,2024-01-15
4585-HETAI,Telco-4585-HETAI,,,starter,73.75,,2023-09-17,,2023-12-16,4,25.0,0,0,,2,US,Telecommunications,,true,2024-01-15
7526-BEZQB,Telco-7526-BEZQB,,,starter,96.05,,2023-01-20,,2023-12-16,4,50.0,0,1,,2,US,Telecommunications,,true,2024-01-15
1474-JUWSM,Telco-1474-JUWSM,,,growth,68.4,12,2019-04-11,2024-03-15,2024-01-15,8,62.5,0,2,,1,US,Telecommunications,,false,
3530-CRZSB,Telco-3530-CRZSB,,,starter,20.65,,2023-06-19,,2024-01-15,3,12.5,0,0,,0,US,Telecommunications,,false,
8498-XXGWA,Telco-8498-XXGWA,,,starter,55.15,,2018-09-13,,2024-01-15,8,37.5,0,5,,0,US,Telecommunications,,false,
9617-INGJY,Telco-9617-INGJY,,,starter,70.6,,2023-12-16,,2024-01-15,15,12.5,0,0,,0,US,Telecommunications,,false,
0621-TSSMU,Telco-0621-TSSMU,,,growth,19.95,12,2019-06-10,2024-05-14,2024-01-15,3,12.5,0,4,,0,US,Telecommunications,,false,
7234-KMNRQ,Telco-7234-KMNRQ,,,starter,19.0,,2023-09-17,,2024-01-15,3,12.5,0,0,,0,US,Telecommunications,,false,
7636-PEPNS,Telco-7636-PEPNS,,,growth,44.1,12,2019-04-11,2024-03-15,2024-01-15,8,12.5,0,4,,0,US,Telecommunications,,false,
4683-WYDOU,Telco-4683-WYDOU,,,enterprise,107.6,24,2018-12-12,2024-11-10,2024-01-15,15,75.0,0,2,,0,US,Telecommunications,,false,
9052-DHNKM,Telco-9052-DHNKM,,,growth,61.55,12,2021-11-26,2024-11-10,2024-01-15,8,50.0,0,2,,1,US,Telecommunications,,false,
6794-HKIAJ,Telco-6794-HKIAJ,,,starter,90.7,,2018-12-12,,2024-01-15,15,62.5,0,5,,0,US,Telecommunications,,false,
5578-NKCXI,Telco-5578-NKCXI,,,growth,99.25,12,2019-04-11,2024-03-15,2024-01-15,15,62.5,0,4,,0,US,Telecommunications,,false,
1642-HMARX,Telco-1642-HMARX,,,enterprise,91.7,24,2018-06-15,2024-05-14,2024-01-15,8,100.0,0,2,,1,US,Telecommunications,,false,
3096-WPXBT,Telco-3096-WPXBT,,,growth,100.7,12,2019-01-11,2024-12-10,2024-01-15,15,75.0,0,5,,0,US,Telecommunications,,false,
8434-PNQZX,Telco-8434-PNQZX,,,enterprise,78.45,24,2020-08-03,2024-07-13,2024-01-15,8,75.0,0,1,,0,US,Telecommunications,,false,
5950-AAAGJ,Telco-5950-AAAGJ,,,starter,84.3,,2022-07-24,,2024-01-15,15,37.5,0,1,,0,US,Telecommunications,,false,
4299-OPXEJ,Telco-4299-OPXEJ,,,enterprise,19.55,24,2019-06-10,2025-05-09,2024-01-15,3,12.5,0,4,,0,US,Telecommunications,,false,
4951-UKAAQ,Telco-4951-UKAAQ,,,starter,88.95,,2023-09-17,,2023-12-16,4,50.0,0,0,,2,US,Telecommunications,,true,2024-01-15
9618-LFJRU,Telco-9618-LFJRU,,,starter,20.45,,2023-09-17,,2024-01-15,3,12.5,0,0,,0,US,Telecommunications,,false,
6693-DJWTY,Telco-6693-DJWTY,,,growth,55.6,12,2021-03-01,2024-02-14,2024-01-15,8,37.5,0,2,,0,US,Telecommunications,,false,
0744-GKNGE,Telco-0744-GKNGE,,,starter,86.8,,2018-10-13,,2024-01-15,15,50.0,0,2,,0,US,Telecommunications,,false,
6447-EGDIV,Telco-6447-EGDIV,,,growth,20.95,12,2021-06-29,2024-06-13,2024-01-15,3,12.5,0,2,,0,US,Telecommunications,,false,
1167-OYZJF,Telco-1167-OYZJF,,,enterprise,20.05,24,2018-07-15,2024-06-13,2024-01-15,3,12.5,0,5,,0,US,Telecommunications,,false,
2108-YKQTY,Telco-2108-YKQTY,,,starter,50.7,,2023-09-17,,2023-12-16,2,25.0,0,0,,0,US,Telecommunications,,true,2024-01-15
4806-DXQCE,Telco-4806-DXQCE,,,enterprise,113.65,24,2018-04-16,2024-03-15,2024-01-15,15,100.0,0,2,,1,US,Telecommunications,,false,
4918-QLLIW,Telco-4918-QLLIW,,,starter,53.4,,2023-10-17,,2023-12-16,2,25.0,0,0,,0,US,Telecommunications,,true,2024-01-15
7056-IMHCC,Telco-7056-IMHCC,,,starter,101.9,,2019-09-08,,2023-12-16,4,62.5,0,4,,2,US,Telecommunications,,true,2024-01-15
4854-SSLTN,Telco-4854-SSLTN,,,enterprise,59.5,24,2023-11-16,2025-11-05,2024-01-15,8,50.0,0,0,,0,US,Telecommunications,,false,
5294-DMSFH,Telco-5294-DMSFH,,,starter,87.8,,2021-08-28,,2024-01-15,15,37.5,0,2,,0,US,Telecommunications,,false,
4837-PZTIC,Telco-4837-PZTIC,,,enterprise,41.9,24,2020-03-06,2024-02-14,2024-01-15,8,37.5,0,1,,0,US,Telecommunications,,false,
1625-JAIIY,Telco-1625-JAIIY,,,growth,83.0,12,2018-06-15,2019-06-10,2023-12-16,4,37.5,0,5,,2,US,Telecommunications,,true,2024-01-15
0603-OLQDC,Telco-0603-OLQDC,,,starter,69.85,,2023-01-20,,2024-01-15,8,50.0,0,1,,0,US,Telecommunications,,false,
3272-VUHPV,Telco-3272-VUHPV,,,starter,56.3,,2023-05-20,,2024-01-15,8,37.5,0,0,,0,US,Telecommunications,,false,
4176-FXYBO,Telco-4176-FXYBO,,,starter,109.55,,2019-08-09,,2024-01-15,15,87.5,0,4,,1,US,Telecommunications,,false,
1063-DHQJF,Telco-1063-DHQJF,,,enterprise,92.15,24,2018-05-16,2024-04-14,2024-01-15,15,50.0,0,2,,0,US,Telecommunications,,false,
8663-UPDGF,Telco-8663-UPDGF,,,starter,69.5,,2021-11-26,,2024-01-15,8,62.5,0,2,,0,US,Telecommunications,,false,
6719-FGEDO,Telco-6719-FGEDO,,,enterprise,97.0,24,2018-02-15,2026-01-04,2024-01-15,15,75.0,0,3,,0,US,Telecommunications,,false,
1837-YQUCE,Telco-1837-YQUCE,,,enterprise,58.35,24,2018-04-16,2024-03-15,2024-01-15,8,62.5,0,2,,0,US,Telecommunications,,false,
2947-DOMLJ,Telco-2947-DOMLJ,,,starter,50.6,,2023-12-16,,2023-12-16,2,25.0,0,0,,1,US,Telecommunications,,true,2024-01-15
4112-LUEIZ,Telco-4112-LUEIZ,,,starter,89.5,,2023-03-21,,2023-12-16,4,37.5,0,0,,2,US,Telecommunications,,true,2024-01-15
0369-ZGOVK,Telco-0369-ZGOVK,,,growth,70.4,12,2021-09-27,2024-09-11,2024-01-15,15,12.5,0,2,,0,US,Telecommunications,,false,
4510-HIMLV,Telco-4510-HIMLV,,,starter,69.8,,2023-12-16,,2023-12-16,4,12.5,0,0,,2,US,Telecommunications,,true,2024-01-15
9919-KNPOO,Telco-9919-KNPOO,,,starter,94.3,,2022-04-25,,2024-01-15,15,50.0,0,1,,1,US,Telecommunications,,false,
8749-JMNKX,Telco-8749-JMNKX,,,starter,93.8,,2019-11-07,,2023-12-16,4,62.5,0,4,,0,US,Telecommunications,,true,2024-01-15
7872-BAAZR,Telco-7872-BAAZR,,,growth,19.55,12,2019-09-08,2024-08-12,2024-01-15,3,12.5,0,4,,0,US,Telecommunications,,false,
9391-LMANN,Telco-9391-LMANN,,,growth,95.95,12,2019-09-08,2024-08-12,2024-01-15,15,62.5,0,4,,1,US,Telecommunications,,false,
2430-USGXP,Telco-2430-USGXP,,,starter,101.05,,2022-01-25,,2023-12-16,4,62.5,0,2,,2,US,Telecommunications,,true,2024-01-15
8174-TBVCF,Telco-8174-TBVCF,,,enterprise,94.8,24,2018-04-16,2024-03-15,2024-01-15,8,100.0,0,2,,0,US,Telecommunications,,false,
1698-XFZCI,Telco-1698-XFZCI,,,growth,107.75,12,2019-01-11,2024-12-10,2024-01-15,15,87.5,0,5,,1,US,Telecommunications,,false,
1877-HKBQX,Telco-1877-HKBQX,,,growth,54.6,12,2023-02-19,2024-02-14,2024-01-15,8,37.5,0,0,,0,US,Telecommunications,,false,
4450-DLLMH,Telco-4450-DLLMH,,,starter,71.3,,2023-11-16,,2024-01-15,15,12.5,0,0,,0,US,Telecommunications,,false,
0428-AXXLJ,Telco-0428-AXXLJ,,,growth,19.5,12,2021-12-26,2024-12-10,2024-01-15,3,12.5,0,2,,0,US,Telecommunications,,false,
2746-DIJLO,Telco-2746-DIJLO,,,growth,56.3,12,2020-09-02,2024-08-12,2024-01-15,8,37.5,0,3,,0,US,Telecommunications,,false,
5955-ERIHD,Telco-5955-ERIHD,,,starter,94.7,,2022-07-24,,2023-12-16,4,50.0,0,1,,2,US,Telecommunications,,true,2024-01-15
0917-EZOLA,Telco-0917-EZOLA,,,enterprise,104.15,24,2018-02-15,2020-02-05,2023-12-16,4,75.0,0,6,,0,US,Telecommunications,,true,2024-01-15
3508-VLHCZ,Telco-3508-VLHCZ,,,enterprise,90.55,24,2018-03-17,2024-02-14,2024-01-15,8,100.0,0,2,,0,US,Telecommunications,,false,
4086-ATNFV,Telco-4086-ATNFV,,,growth,60.8,12,2021-03-31,2024-03-15,2024-01-15,8,50.0,0,2,,0,US,Telecommunications,,false,
0468-YRPXN,Telco-0468-YRPXN,,,starter,98.8,,2021-08-28,,2024-01-15,15,62.5,0,1,,0,US,Telecommunications,,false,
5996-NRVXR,Telco-5996-NRVXR,,,growth,98.15,12,2020-10-02,2024-09-11,2024-01-15,15,75.0,0,1,,0,US,Telecommunications,,false,
3739-YBWAB,Telco-3739-YBWAB,,,growth,35.35,12,2021-01-30,2025-01-09,2024-01-15,8,25.0,0,3,,0,US,Telecommunications,,false,
7047-FWEYA,Telco-7047-FWEYA,,,growth,103.15,12,2020-04-05,2024-03-15,2024-01-15,15,75.0,0,1,,1,US,Telecommunications,,false,
2000-MPKCA,Telco-2000-MPKCA,,,growth,107.75,12,2019-04-11,2024-03-15,2024-01-15,15,87.5,0,4,,1,US,Telecommunications,,false,
9762-YAQAA,Telco-9762-YAQAA,,,growth,81.4,12,2020-11-01,2024-10-11,2024-01-15,15,37.5,0,3,,0,US,Telecommunications,,false,
5949-EBSQK,Telco-5949-EBSQK,,,starter,61.45,,2023-09-17,,2023-12-16,2,37.5,0,0,,0,US,Telecommunications,,true,2024-01-15
5473-KHBPS,Telco-5473-KHBPS,,,growth,95.7,12,2019-10-08,2024-09-11,2024-01-15,15,62.5,0,4,,0,US,Telecommunications,,false,
0100-DUVFC,Telco-0100-DUVFC,,,growth,104.8,12,2018-04-16,2024-03-15,2024-01-15,15,75.0,0,5,,1,US,Telecommunications,,false,
5397-TUPSH,Telco-5397-TUPSH,,,growth,70.95,12,2018-09-13,2024-08-12,2024-01-15,15,12.5,0,5,,0,US,Telecommunications,,false,
8950-MTZNV,Telco-8950-MTZNV,,,starter,44.95,,2023-12-16,,2024-01-15,8,12.5,0,0,,0,US,Telecommunications,,false,
0326-VDYXE,Telco-0326-VDYXE,,,growth,97.65,12,2018-04-16,2024-03-15,2024-01-15,15,62.5,0,5,,1,US,Telecommunications,,false,
6773-LQTVT,Telco-6773-LQTVT,,,starter,35.65,,2021-08-28,,2024-01-15,8,25.0,0,2,,0,US,Telecommunications,,false,
7274-RTAPZ,Telco-7274-RTAPZ,,,starter,90.55,,2023-12-16,,2023-12-16,4,37.5,0,0,,2,US,Telecommunications,,true,2024-01-15
0436-TWFFZ,Telco-0436-TWFFZ,,,enterprise,85.25,24,2018-07-15,2024-06-13,2024-01-15,8,87.5,0,2,,0,US,Telecommunications,,false,
8566-YPRGL,Telco-8566-YPRGL,,,starter,19.5,,2023-12-16,,2024-01-15,3,12.5,0,0,,0,US,Telecommunications,,false,
0311-UNPFF,Telco-0311-UNPFF,,,starter,88.8,,2021-11-26,,2023-12-16,4,37.5,0,2,,0,US,Telecommunications,,true,2024-01-15
6609-MXJHJ,Telco-6609-MXJHJ,,,enterprise,25.1,24,2021-07-29,2025-07-08,2024-01-15,3,25.0,0,2,,0,US,Telecommunications,,false,
2669-OIDSD,Telco-2669-OIDSD,,,starter,100.05,,2020-02-05,,2024-01-15,15,62.5,0,2,,0,US,Telecommunications,,false,
8400-WZICQ,Telco-8400-WZICQ,,,starter,55.7,,2019-07-10,,2024-01-15,8,37.5,0,4,,1,US,Telecommunications,,false,
3834-XUIFC,Telco-3834-XUIFC,,,starter,85.2,,2023-06-19,,2023-12-16,4,37.5,0,0,,1,US,Telecommunications,,true,2024-01-15
9576-SYUHJ,Telco-9576-SYUHJ,,,starter,91.15,,2020-12-31,,2024-01-15,15,50.0,0,3,,1,US,Telecommunications,,false,
0410-IPFTY,Telco-0410-IPFTY,,,starter,83.85,,2021-06-29,,2024-01-15,15,37.5,0,2,,0,US,Telecommunications,,false,
2831-EBWRN,Telco-2831-EBWRN,,,starter,45.9,,2023-09-17,,2024-01-15,8,12.5,0,0,,1,US,Telecommunications,,false,
9430-NKQLY,Telco-9430-NKQLY,,,enterprise,25.1,24,2018-02-15,2026-01-04,2024-01-15,3,25.0,0,6,,0,US,Telecommunications,,false,
8414-MYSHR,Telco-8414-MYSHR,,,starter,91.4,,2023-08-18,,2023-12-16,4,37.5,0,0,,2,US,Telecommunications,,true,2024-01-15
0247-SLUJI,Telco-0247-SLUJI,,,starter,19.7,,2023-12-16,,2024-01-15,3,12.5,0,0,,0,US,Telecommunications,,false,
9402-ORRAH,Telco-9402-ORRAH,,,starter,91.5,,2022-10-22,,2024-01-15,15,37.5,0,1,,1,US,Telecommunications,,false,
6483-OATDN,Telco-6483-OATDN,,,starter,51.3,,2023-05-20,,2024-01-15,8,25.0,0,0,,0,US,Telecommunications,,false,
1293-HHSHJ,Telco-1293-HHSHJ,,,growth,21.1,12,2021-03-01,2024-02-14,2024-01-15,3,12.5,0,2,,0,US,Telecommunications,,false,
4840-ORQXB,Telco-4840-ORQXB,,,starter,104.75,,2019-06-10,,2024-01-15,15,75.0,0,4,,1,US,Telecommunications,,false,
7599-FKVXZ,Telco-7599-FKVXZ,,,starter,106.15,,2020-08-03,,2023-12-16,4,75.0,0,1,,0,US,Telecommunications,,true,2024-01-15
3982-DQLUS,Telco-3982-DQLUS,,,starter,85.75,,2018-09-13,,2024-01-15,15,50.0,0,5,,1,US,Telecommunications,,false,
8610-ZIKJJ,Telco-8610-ZIKJJ,,,growth,20.3,12,2023-11-16,2024-11-10,2024-01-15,3,12.5,0,0,,0,US,Telecommunications,,false,
3756-VNWDH,Telco-3756-VNWDH,,,growth,100.75,12,2018-09-13,2024-08-12,2024-01-15,15,62.5,0,5,,1,US,Telecommunications,,false,
7801-KICAO,Telco-7801-KICAO,,,starter,74.15,,2022-07-24,,2024-01-15,15,25.0,0,1,,1,US,Telecommunications,,false,
7673-LPRNY,Telco-7673-LPRNY,,,growth,78.55,12,2022-02-24,2024-02-14,2024-01-15,8,75.0,0,1,,1,US,Telecommunications,,false,
8229-TNIQA,Telco-8229-TNIQA,,,starter,45.3,,2023-09-17,,2023-12-16,2,12.5,0,0,,1,US,Telecommunications,,true,2024-01-15
6060-QBMGV,Telco-6060-QBMGV,,,enterprise,19.85,24,2018-04-16,2024-03-15,2024-01-15,3,12.5,0,5,,0,US,Telecommunications,,false,
7339-POGZN,Telco-7339-POGZN,,,starter,50.7,,2023-09-17,,2024-01-15,8,25.0,0,0,,1,US,Telecommunications,,false,
2828-SLQPF,Telco-2828-SLQPF,,,starter,45.0,,2022-06-24,,2024-01-15,8,12.5,0,1,,0,US,Telecommunications,,false,
4465-VDKIQ,Telco-4465-VDKIQ,,,starter,77.8,,2022-07-24,,2024-01-15,15,37.5,0,1,,1,US,Telecommunications,,false,
2921-XWDJH,Telco-2921-XWDJH,,,starter,83.45,,2020-12-01,,2024-01-15,15,37.5,0,3,,1,US,Telecommunications,,false,
6221-AVQYL,Telco-6221-AVQYL,,,starter,73.25,,2023-11-16,,2023-12-16,4,25.0,0,0,,0,US,Telecommunications,,true,2024-01-15
2558-BUOZZ,Telco-2558-BUOZZ,,,growth,94.8,12,2020-03-06,2024-02-14,2024-01-15,15,62.5,0,3,,0,US,Telecommunications,,false,
9257-AZMTZ,Telco-9257-AZMTZ,,,enterprise,20.1,24,2019-10-08,2025-09-06,2024-01-15,3,12.5,0,4,,0,US,Telecommunications,,false,
0003-MKNFE,Telco-0003-MKNFE,,,starter,59.9,,2023-04-20,,2024-01-15,8,37.5,0,0,,0,US,Telecommunications,,false,
0975-UYDTX,Telco-0975-UYDTX,,,growth,90.1,12,2021-11-26,2024-11-10,2024-01-15,8,100.0,0,1,,0,US,Telecommunications,,false,
7743-EXURX,Telco-7743-EXURX,,,starter,51.05,,2023-05-20,,2023-12-16,2,25.0,0,0,,2,US,Telecommunications,,true,2024-01-15
4682-BLBUC,Telco-4682-BLBUC,,,growth,70.95,12,2020-06-04,2024-05-14,2024-01-15,8,62.5,0,1,,1,US,Telecommunications,,false,
0975-VOOVL,Telco-0975-VOOVL,,,starter,29.2,,2023-10-17,,2024-01-15,8,12.5,0,0,,0,US,Telecommunications,,false,
5968-VXZLG,Telco-5968-VXZLG,,,starter,46.6,,2023-11-16,,2024-01-15,8,12.5,0,0,,0,US,Telecommunications,,false,
5569-KGJHX,Telco-5569-KGJHX,,,starter,85.35,,2023-04-20,,2023-12-16,4,37.5,0,0,,0,US,Telecommunications,,true,2024-01-15
4988-IQIGL,Telco-4988-IQIGL,,,starter,75.35,,2023-12-16,,2023-12-16,4,25.0,0,0,,2,US,Telecommunications,,true,2024-01-15
5201-FRKKS,Telco-5201-FRKKS,,,starter,74.3,,2021-12-26,,2024-01-15,15,25.0,0,2,,0,US,Telecommunications,,false,
9799-CAYJJ,Telco-9799-CAYJJ,,,starter,69.3,,2023-11-16,,2024-01-15,15,12.5,0,0,,1,US,Telecommunications,,false,
7730-IUTDZ,Telco-7730-IUTDZ,,,starter,75.2,,2020-07-04,,2023-12-16,4,25.0,0,3,,2,US,Telecommunications,,true,2024-01-15
0426-TIRNE,Telco-0426-TIRNE,,,starter,20.9,,2023-12-16,,2023-12-16,1,12.5,0,0,,1,US,Telecommunications,,true,2024-01-15
5443-SCMKX,Telco-5443-SCMKX,,,growth,94.3,12,2019-04-11,2024-03-15,2024-01-15,15,62.5,0,4,,1,US,Telecommunications,,false,
8295-KMENE,Telco-8295-KMENE,,,enterprise,76.45,24,2019-03-12,2025-02-08,2024-01-15,8,75.0,0,2,,0,US,Telecommunications,,false,
6738-ISCBM,Telco-6738-ISCBM,,,growth,54.0,12,2020-06-04,2024-05-14,2024-01-15,8,50.0,0,3,,1,US,Telecommunications,,false,
9821-BESNZ,Telco-9821-BESNZ,,,growth,104.25,12,2018-08-14,2024-07-13,2024-01-15,15,75.0,0,2,,1,US,Telecommunications,,false,
3678-MNGZX,Telco-3678-MNGZX,,,enterprise,19.95,24,2018-06-15,2024-05-14,2024-01-15,3,12.5,0,5,,0,US,Telecommunications,,false,
1335-NTIUC,Telco-1335-NTIUC,,,starter,24.95,,2023-04-20,,2024-01-15,8,0.0,0,0,,1,US,Telecommunications,,false,
2916-BQZLN,Telco-2916-BQZLN,,,starter,84.75,,2022-06-24,,2024-01-15,15,50.0,0,1,,1,US,Telecommunications,,false,
4558-CGYCZ,Telco-4558-CGYCZ,,,starter,19.75,,2023-09-17,,2024-01-15,3,12.5,0,0,,0,US,Telecommunications,,false,
2368-GAKKQ,Telco-2368-GAKKQ,,,enterprise,113.65,24,2018-04-16,2024-03-15,2024-01-15,15,100.0,0,2,,0,US,Telecommunications,,false,
8710-YGLWG,Telco-8710-YGLWG,,,starter,44.9,,2023-12-16,,2024-01-15,8,12.5,0,0,,0,US,Telecommunications,,false,
3199-XGZCY,Telco-3199-XGZCY,,,starter,75.25,,2023-05-20,,2024-01-15,15,25.0,0,0,,1,US,Telecommunications,,false,
3785-KTYSH,Telco-3785-KTYSH,,,enterprise,24.6,24,2019-09-08,2025-08-07,2024-01-15,3,25.0,0,4,,0,US,Telecommunications,,false,
6814-ZPWFQ,Telco-6814-ZPWFQ,,,growth,25.0,12,2019-11-07,2024-10-11,2024-01-15,3,25.0,0,4,,0,US,Telecommunications,,false,
4063-EIKNQ,Telco-4063-EIKNQ,,,starter,20.95,,2023-02-19,,2024-01-15,3,12.5,0,0,,0,US,Telecommunications,,false,
6993-YCOBK,Telco-6993-YCOBK,,,enterprise,110.6,24,2019-02-10,2025-01-09,2024-01-15,15,87.5,0,2,,1,US,Telecommunications,,false,
5206-HPJKM,Telco-5206-HPJKM,,,starter,55.5,,2022-08-23,,2024-01-15,8,37.5,0,1,,0,US,Telecommunications,,false,
7587-RZNME,Telco-7587-RZNME,,,starter,43.3,,2023-10-17,,2023-12-16,2,12.5,0,0,,2,US,Telecommunications,,true,2024-01-15
0748-RDGGM,Telco-0748-RDGGM,,,growth,109.5,12,2018-04-16,2019-04-11,2023-12-16,4,87.5,0,2,,0,US,Telecommunications,,true,2024-01-15
8393-JMVMB,Telco-8393-JMVMB,,,starter,19.45,,2023-12-16,,2024-01-15,3,12.5,0,0,,0,US,Telecommunications,,false,
5019-GQVCR,Telco-5019-GQVCR,,,starter,84.85,,2020-07-04,,2024-01-15,15,37.5,0,3,,1,US,Telecommunications,,false,
6036-TTFYU,Telco-6036-TTFYU,,,starter,19.6,,2022-09-22,,2024-01-15,3,12.5,0,1,,0,US,Telecommunications,,false,
2550-AEVRU,Telco-2550-AEVRU,,,growth,53.45,12,2019-05-11,2024-04-14,2024-01-15,8,37.5,0,4,,1,US,Telecommunications,,false,
0969-RGKCU,Telco-0969-RGKCU,,,growth,19.8,12,2020-12-31,2024-12-10,2024-01-15,3,12.5,0,3,,0,US,Telecommunications,,false,
0378-CJKPV,Telco-0378-CJKPV,,,enterprise,112.1,24,2018-02-15,2026-01-04,2024-01-15,15,100.0,0,3,,0,US,Telecommunications,,false,
4706-AXVKM,Telco-4706-AXVKM,,,starter,84.8,,2023-02-19,,2023-12-16,4,37.5,0,0,,0,US,Telecommunications,,true,2024-01-15
5889-JTMUL,Telco-5889-JTMUL,,,starter,95.05,,2019-12-07,,2023-12-16,4,62.5,0,4,,2,US,Telecommunications,,true,2024-01-15
9026-RNUJS,Telco-9026-RNUJS,,,starter,50.35,,2023-08-18,,2023-12-16,2,25.0,0,0,,2,US,Telecommunications,,true,2024-01-15
3746-EUBYR,Telco-3746-EUBYR,,,starter,74.6,,2023-12-16,,2023-12-16,4,25.0,0,0,,0,US,Telecommunications,,true,2024-01-15
2332-EFBJY,Telco-2332-EFBJY,,,starter,19.7,,2022-09-22,,2023-12-16,1,12.5,0,1,,1,US,Telecommunications,,true,2024-01-15
2880-FPNAE,Telco-2880-FPNAE,,,starter,74.2,,2023-11-16,,2024-01-15,15,25.0,0,0,,1,US,Telecommunications,,false,
1703-MGIAB,Telco-1703-MGIAB,,,starter,69.0,,2022-08-23,,2024-01-15,8,62.5,0,0,,0,US,Telecommunications,,false,
4311-QTTAI,Telco-4311-QTTAI,,,growth,19.35,12,2022-09-22,2024-09-11,2024-01-15,3,12.5,0,1,,0,US,Telecommunications,,false,
9474-PHLYD,Telco-9474-PHLYD,,,starter,59.45,,2022-10-22,,2023-12-16,2,37.5,0,1,,2,US,Telecommunications,,true,2024-01-15
4318-RAJVY,Telco-4318-RAJVY,,,growth,19.8,12,2023-03-21,2024-03-15,2024-01-15,3,12.5,0,0,,0,US,Telecommunications,,false,
2165-VOEGB,Telco-2165-VOEGB,,,growth,105.2,12,2020-04-05,2021-03-31,2023-12-16,4,75.0,0,1,,0,US,Telecommunications,,true,2024-01-15
3612-YUNGG,Telco-3612-YUNGG,,,enterprise,109.2,24,2018-10-13,2024-09-11,2024-01-15,15,87.5,0,2,,0,US,Telecommunications,,false,
2254-DLXRI,Telco-2254-DLXRI,,,starter,79.15,,2023-12-16,,2024-01-15,15,37.5,0,0,,0,US,Telecommunications,,false,
5062-CJJKH,Telco-5062-CJJKH,,,growth,53.65,12,2021-12-26,2024-12-10,2024-01-15,8,37.5,0,2,,0,US,Telecommunications,,false,
9028-LIHRP,Telco-9028-LIHRP,,,enterprise,100.2,24,2018-03-17,2024-02-14,2024-01-15,15,75.0,0,2,,0,US,Telecommunications,,false,
2219-MVUSO,Telco-2219-MVUSO,,,starter,45.15,,2023-05-20,,2023-12-16,2,12.5,0,0,,1,US,Telecommunications,,true,2024-01-15
1053-MXTTK,Telco-1053-MXTTK,,,enterprise,108.65,24,2018-02-15,2026-01-04,2024-01-15,15,87.5,0,3,,0,US,Telecommunications,,false,
1530-ZTDOZ,Telco-1530-ZTDOZ,,,starter,40.65,,2020-01-06,,2024-01-15,8,25.0,0,4,,0,US,Telecommunications,,false,
1301-LOPVR,Telco-1301-LOPVR,,,growth,55.35,12,2021-08-28,2024-08-12,2024-01-15,8,62.5,0,1,,0,US,Telecommunications,,false,
0853-TWRVK,Telco-0853-TWRVK,,,enterprise,105.6,24,2018-02-15,2026-01-04,2024-01-15,15,87.5,0,3,,0,US,Telecommunications,,false,
8914-RBTSB,Telco-8914-RBTSB,,,starter,93.8,,2021-06-29,,2023-12-16,4,62.5,0,2,,2,US,Telecommunications,,true,2024-01-15
6212-ATMLK,Telco-6212-ATMLK,,,starter,95.7,,2019-12-07,,2024-01-15,15,50.0,0,4,,1,US,Telecommunications,,false,
8200-LGKSR,Telco-8200-LGKSR,,,enterprise,83.2,24,2018-03-17,2024-02-14,2024-01-15,8,87.5,0,2,,1,US,Telecommunications,,false,
1568-BEKZM,Telco-1568-BEKZM,,,enterprise,90.05,24,2018-04-16,2024-03-15,2024-01-15,8,100.0,0,2,,0,US,Telecommunications,,false,
0670-ANMUU,Telco-0670-ANMUU,,,growth,97.65,12,2018-03-17,2024-02-14,2024-01-15,15,62.5,0,2,,0,US,Telecommunications,,false,
6897-RWMUB,Telco-6897-RWMUB,,,enterprise,68.05,24,2019-01-11,2024-12-10,2024-01-15,8,62.5,0,2,,0,US,Telecommunications,,false,
0963-ZBDRN,Telco-0963-ZBDRN,,,starter,96.2,,2021-05-30,,2023-12-16,4,50.0,0,1,,2,US,Telecommunications,,true,2024-01-15
7594-RQHXR,Telco-7594-RQHXR,,,starter,79.6,,2023-12-16,,2023-12-16,4,25.0,0,0,,2,US,Telecommunications,,true,2024-01-15
6999-CHVCF,Telco-6999-CHVCF,,,enterprise,102.1,24,2018-06-15,2024-05-14,2024-01-15,15,75.0,0,5,,0,US,Telecommunications,,false,
6134-KWTBV,Telco-6134-KWTBV,,,enterprise,23.4,24,2018-12-12,2024-11-10,2024-01-15,3,25.0,0,5,,0,US,Telecommunications,,false,
1077-HUUJM,Telco-1077-HUUJM,,,starter,71.05,,2023-06-19,,2024-01-15,15,12.5,0,0,,1,US,Telecommunications,,false,
6331-EWIEB,Telco-6331-EWIEB,,,starter,85.25,,2022-05-25,,2023-12-16,4,37.5,0,1,,2,US,Telecommunications,,true,2024-01-15
0895-LNKRC,Telco-0895-LNKRC,,,growth,19.45,12,2023-07-19,2024-07-13,2024-01-15,3,12.5,0,0,,0,US,Telecommunications,,false,
2045-BMBTJ,Telco-2045-BMBTJ,,,starter,59.45,,2021-04-30,,2024-01-15,8,62.5,0,2,,0,US,Telecommunications,,false,
8417-GSODA,Telco-8417-GSODA,,,growth,92.2,12,2021-09-27,2024-09-11,2024-01-15,15,50.0,0,2,,0,US,Telecommunications,,false,
5171-EPLKN,Telco-5171-EPLKN,,,enterprise,19.85,24,2021-10-27,2025-10-06,2024-01-15,3,12.5,0,2,,0,US,Telecommunications,,false,
4452-QIIEB,Telco-4452-QIIEB,,,starter,43.9,,2023-06-19,,2024-01-15,8,12.5,0,0,,0,US,Telecommunications,,false,
5998-VVEJY,Telco-5998-VVEJY,,,starter,80.5,,2021-11-26,,2023-12-16,4,37.5,0,1,,2,US,Telecommunications,,true,2024-01-15
1624-NALOJ,Telco-1624-NALOJ,,,starter,89.8,,2023-08-18,,2023-12-16,4,50.0,0,0,,2,US,Telecommunications,,true,2024-01-15
6741-EGCBI,Telco-6741-EGCBI,,,starter,90.5,,2021-07-29,,2024-01-15,15,50.0,0,2,,0,US,Telecommunications,,false,
7820-ZYGNY,Telco-7820-ZYGNY,,,growth,90.45,12,2018-11-12,2024-10-11,2024-01-15,15,50.0,0,5,,0,US,Telecommunications,,false,
4317-VTEOA,Telco-4317-VTEOA,,,starter,50.75,,2023-12-16,,2023-12-16,2,25.0,0,0,,2,US,Telecommunications,,true,2024-01-15
9677-AVKED,Telco-9677-AVKED,,,growth,84.6,12,2019-09-08,2024-08-12,2024-01-15,8,87.5,0,2,,1,US,Telecommunications,,false,
1670-SVOWZ,Telco-1670-SVOWZ,,,starter,89.65,,2022-11-21,,2023-12-16,4,50.0,0,0,,0,US,Telecommunications,,true,2024-01-15
2227-JRSJX,Telco-2227-JRSJX,,,starter,99.15,,2022-04-25,,2024-01-15,15,62.5,0,0,,0,US,Telecommunications,,false,
9847-HNVGP,Telco-9847-HNVGP,,,growth,19.95,12,2022-08-23,2024-08-12,2024-01-15,3,12.5,0,1,,0,US,Telecommunications,,false,
6696-YDAYZ,Telco-6696-YDAYZ,,,enterprise,20.5,24,2022-09-22,2024-09-11,2024-01-15,3,12.5,0,1,,0,US,Telecommunications,,false,
8980-WQFWL,Telco-8980-WQFWL,,,starter,62.1,,2021-03-01,,2024-01-15,8,37.5,0,2,,1,US,Telecommunications,,false,
1730-ZMAME,Telco-1730-ZMAME,,,starter,79.5,,2021-05-30,,2024-01-15,15,25.0,0,2,,1,US,Telecommunications,,false,
6506-EYCNH,Telco-6506-EYCNH,,,starter,19.55,,2021-09-27,,2024-01-15,3,12.5,0,2,,0,US,Telecommunications,,false,
4634-JLRJT,Telco-4634-JLRJT,,,starter,20.35,,2023-12-16,,2024-01-15,3,12.5,0,0,,0,US,Telecommunications,,false,
9501-UKKNL,Telco-9501-UKKNL,,,starter,51.7,,2019-03-12,,2024-01-15,8,37.5,0,2,,1,US,Telecommunications,,false,
2560-QTSBS,Telco-2560-QTSBS,,,growth,23.3,12,2018-02-15,2025-01-09,2024-01-15,3,25.0,0,6,,0,US,Telecommunications,,false,
7541-YLXCL,Telco-7541-YLXCL,,,growth,65.4,12,2021-01-30,2022-01-25,2023-12-16,2,50.0,0,1,,1,US,Telecommunications,,true,2024-01-15
4795-WRNVT,Telco-4795-WRNVT,,,starter,65.1,,2020-10-02,,2024-01-15,8,50.0,0,3,,0,US,Telecommunications,,false,
6080-TCMYC,Telco-6080-TCMYC,,,starter,81.2,,2020-10-02,,2024-01-15,15,37.5,0,3,,1,US,Telecommunications,,false,
0260-ZDLGK,Telco-0260-ZDLGK,,,starter,72.9,,2023-04-20,,2023-12-16,2,62.5,0,0,,1,US,Telecommunications,,true,2024-01-15
7860-UXCRM,Telco-7860-UXCRM,,,enterprise,74.5,24,2018-11-12,2024-10-11,2024-01-15,8,75.0,0,2,,0,US,Telecommunications,,false,
6357-JJPQT,Telco-6357-JJPQT,,,starter,80.5,,2023-10-17,,2024-01-15,15,25.0,0,0,,1,US,Telecommunications,,false,
2292-XQWSV,Telco-2292-XQWSV,,,growth,60.3,12,2020-10-02,2024-09-11,2024-01-15,8,62.5,0,1,,0,US,Telecommunications,,false,
9552-TGUZV,Telco-9552-TGUZV,,,starter,75.0,,2023-05-20,,2024-01-15,15,25.0,0,0,,0,US,Telecommunications,,false,
5913-INRQV,Telco-5913-INRQV,,,growth,90.15,12,2021-03-31,2024-03-15,2024-01-15,15,50.0,0,1,,0,US,Telecommunications,,false,
8722-NGNBH,Telco-8722-NGNBH,,,starter,40.0,,2023-08-18,,2023-12-16,2,37.5,0,0,,1,US,Telecommunications,,true,2024-01-15
6210-KBBPI,Telco-6210-KBBPI,,,starter,99.45,,2023-04-20,,2023-12-16,4,62.5,0,0,,0,US,Telecommunications,,true,2024-01-15
9643-YBLUR,Telco-9643-YBLUR,,,starter,69.05,,2023-04-20,,2024-01-15,8,62.5,0,0,,0,US,Telecommunications,,false,
8734-FNWVH,Telco-8734-FNWVH,,,starter,59.7,,2021-06-29,,2024-01-15,8,37.5,0,2,,0,US,Telecommunications,,false,
9447-YPTBX,Telco-9447-YPTBX,,,growth,19.85,12,2019-12-07,2024-11-10,2024-01-15,3,12.5,0,4,,0,US,Telecommunications,,false,
0133-BMFZO,Telco-0133-BMFZO,,,starter,86.25,,2023-11-16,,2023-12-16,4,50.0,0,0,,2,US,Telecommunications,,true,2024-01-15
6128-CZOMY,Telco-6128-CZOMY,,,starter,45.65,,2023-12-16,,2023-12-16,2,12.5,0,0,,2,US,Telecommunications,,true,2024-01-15
9540-JYROE,Telco-9540-JYROE,,,starter,70.1,,2023-05-20,,2023-12-16,4,12.5,0,0,,1,US,Telecommunications,,true,2024-01-15
9026-LHEVG,Telco-9026-LHEVG,,,starter,40.75,,2023-04-20,,2024-01-15,8,25.0,0,0,,1,US,Telecommunications,,false,
2260-USTRB,Telco-2260-USTRB,,,starter,70.2,,2023-11-16,,2023-12-16,4,12.5,0,0,,0,US,Telecommunications,,true,2024-01-15
3656-TKRVZ,Telco-3656-TKRVZ,,,starter,55.35,,2023-10-17,,2023-12-16,2,37.5,0,0,,2,US,Telecommunications,,true,2024-01-15
7011-CVEUC,Telco-7011-CVEUC,,,starter,95.7,,2021-12-26,,2024-01-15,15,50.0,0,1,,0,US,Telecommunications,,false,
6185-TASNN,Telco-6185-TASNN,,,starter,46.3,,2023-12-16,,2024-01-15,8,12.5,0,0,,1,US,Telecommunications,,false,
7925-PNRGI,Telco-7925-PNRGI,,,starter,81.3,,2020-05-05,,2024-01-15,8,87.5,0,1,,0,US,Telecommunications,,false,
8623-TMRBY,Telco-8623-TMRBY,,,starter,84.2,,2019-11-07,,2023-12-16,4,50.0,0,4,,2,US,Telecommunications,,true,2024-01-15
1552-CZCLL,Telco-1552-CZCLL,,,starter,20.0,,2019-07-10,,2024-01-15,3,12.5,0,4,,0,US,Telecommunications,,false,
3038-PQIUY,Telco-3038-PQIUY,,,starter,66.15,,2020-12-01,,2024-01-15,8,62.5,0,3,,0,US,Telecommunications,,false,
1501-SGHBW,Telco-1501-SGHBW,,,starter,45.85,,2023-11-16,,2023-12-16,2,12.5,0,0,,1,US,Telecommunications,,true,2024-01-15
9313-CDOGY,Telco-9313-CDOGY,,,starter,19.6,,2020-12-01,,2024-01-15,3,12.5,0,3,,1,US,Telecommunications,,false,
8148-BPLZQ,Telco-8148-BPLZQ,,,starter,49.8,,2021-03-31,,2024-01-15,8,25.0,0,2,,1,US,Telecommunications,,false,
2623-DRYAM,Telco-2623-DRYAM,,,growth,101.75,12,2018-04-16,2024-03-15,2024-01-15,15,62.5,0,5,,1,US,Telecommunications,,false,
9987-LUTYD,Telco-9987-LUTYD,,,growth,55.15,12,2022-12-21,2024-12-10,2024-01-15,8,37.5,0,0,,0,US,Telecommunications,,false,
3208-YPIOE,Telco-3208-YPIOE,,,starter,75.25,,2020-11-01,,2023-12-16,4,25.0,0,3,,2,US,Telecommunications,,true,2024-01-15
4488-KQFDT,Telco-4488-KQFDT,,,growth,103.95,12,2019-01-11,2024-12-10,2024-01-15,15,75.0,0,5,,1,US,Telecommunications,,false,
2612-RANWT,Telco-2612-RANWT,,,starter,100.15,,2023-01-20,,2023-12-16,4,62.5,0,1,,0,US,Telecommunications,,true,2024-01-15
5693-PIPCS,Telco-5693-PIPCS,,,enterprise,99.65,24,2020-09-02,2024-08-12,2024-01-15,15,62.5,0,1,,0,US,Telecommunications,,false,
0491-KAPQG,Telco-0491-KAPQG,,,starter,73.7,,2022-04-25,,2024-01-15,15,25.0,0,1,,1,US,Telecommunications,,false,
1925-LFCZZ,Telco-1925-LFCZZ,,,growth,50.05,12,2019-07-10,2024-06-13,2024-01-15,8,37.5,0,4,,0,US,Telecommunications,,false,
8039-EQPIM,Telco-8039-EQPIM,,,enterprise,60.25,24,2018-05-16,2024-04-14,2024-01-15,8,62.5,0,2,,0,US,Telecommunications,,false,
6900-PXRMS,Telco-6900-PXRMS,,,starter,105.75,,2021-11-26,,2023-12-16,4,75.0,0,2,,2,US,Telecommunications,,true,2024-01-15
8707-RMEZH,Telco-8707-RMEZH,,,growth,87.3,12,2018-05-16,2024-04-14,2024-01-15,15,50.0,0,5,,0,US,Telecommunications,,false,
3346-BRMIS,Telco-3346-BRMIS,,,starter,48.35,,2022-07-24,,2023-12-16,2,37.5,0,1,,2,US,Telecommunications,,true,2024-01-15
3209-ZPKFI,Telco-3209-ZPKFI,,,starter,54.25,,2020-03-06,,2024-01-15,8,37.5,0,3,,1,US,Telecommunications,,false,
6479-VDGRK,Telco-6479-VDGRK,,,enterprise,85.3,24,2018-02-15,2026-01-04,2024-01-15,8,87.5,0,3,,0,US,Telecommunications,,false,
9373-WSLOY,Telco-9373-WSLOY,,,starter,50.0,,2021-04-30,,2024-01-15,8,50.0,0,1,,1,US,Telecommunications,,false,
2933-FILNV,Telco-2933-FILNV,,,starter,24.4,,2023-11-16,,2023-12-16,2,0.0,0,0,,1,US,Telecommunications,,true,2024-01-15
3569-JFODW,Telco-3569-JFODW,,,enterprise,90.95,24,2018-02-15,2026-01-04,2024-01-15,8,100.0,0,3,,0,US,Telecommunications,,false,
9819-FBNSV,Telco-9819-FBNSV,,,starter,72.25,,2020-12-31,,2024-01-15,15,12.5,0,3,,0,US,Telecommunications,,false,
9544-PYPSJ,Telco-9544-PYPSJ,,,starter,96.1,,2018-12-12,,2024-01-15,15,62.5,0,5,,0,US,Telecommunications,,false,
1591-XWLGB,Telco-1591-XWLGB,,,enterprise,19.85,24,2018-03-17,2024-02-14,2024-01-15,3,12.5,0,5,,0,US,Telecommunications,,false,
0396-UKGAI,Telco-0396-UKGAI,,,starter,55.3,,2022-02-24,,2024-01-15,8,37.5,0,0,,0,US,Telecommunications,,false,
3243-ZHOHY,Telco-3243-ZHOHY,,,growth,20.1,12,2022-09-22,2024-09-11,2024-01-15,3,12.5,0,1,,0,US,Telecommunications,,false,
5186-EJEGL,Telco-5186-EJEGL,,,starter,69.5,,2023-04-20,,2024-01-15,8,62.5,0,0,,0,US,Telecommunications,,false,
7527-QNRUS,Telco-7527-QNRUS,,,enterprise,25.15,24,2022-08-23,2024-08-12,2024-01-15,3,25.0,0,1,,0,US,Telecommunications,,false,
9986-BONCE,Telco-9986-BONCE,,,starter,20.95,,2023-09-17,,2023-12-16,1,12.5,0,0,,0,US,Telecommunications,,true,2024-01-15
2722-JMONI,Telco-2722-JMONI,,,starter,49.55,,2023-12-16,,2023-12-16,2,25.0,0,0,,2,US,Telecommunications,,true,2024-01-15
2203-GHNWN,Telco-2203-GHNWN,,,starter,79.65,,2022-01-25,,2024-01-15,15,37.5,0,2,,0,US,Telecommunications,,false,
3878-AVSOQ,Telco-3878-AVSOQ,,,starter,71.25,,2023-12-16,,2024-01-15,15,12.5,0,0,,1,US,Telecommunications,,false,
3258-SYSWS,Telco-3258-SYSWS,,,enterprise,113.8,24,2018-02-15,2026-01-04,2024-01-15,15,100.0,0,3,,0,US,Telecommunications,,false,
5296-PSYVW,Telco-5296-PSYVW,,,enterprise,24.55,24,2018-02-15,2026-01-04,2024-01-15,3,25.0,0,6,,1,US,Telecommunications,,false,
6319-QSUSR,Telco-6319-QSUSR,,,starter,19.7,,2023-02-19,,2024-01-15,3,12.5,0,0,,0,US,Telecommunications,,false,
4083-EUGRJ,Telco-4083-EUGRJ,,,starter,20.25,,2023-04-20,,2023-12-16,1,12.5,0,0,,1,US,Telecommunications,,true,2024-01-15
7579-OOPEC,Telco-7579-OOPEC,,,starter,50.15,,2023-11-16,,2023-12-16,2,25.0,0,0,,0,US,Telecommunications,,true,2024-01-15
0512-FLFDW,Telco-0512-FLFDW,,,growth,100.5,12,2019-02-10,2025-01-09,2024-01-15,15,62.5,0,5,,0,US,Telecommunications,,false,
1771-OADNZ,Telco-1771-OADNZ,,,starter,95.9,,2021-08-28,,2023-12-16,4,62.5,0,2,,2,US,Telecommunications,,true,2024-01-15
0487-CRLZF,Telco-0487-CRLZF,,,enterprise,74.45,24,2020-01-06,2025-12-05,2024-01-15,8,62.5,0,2,,0,US,Telecommunications,,false,
2107-FBPTK,Telco-2107-FBPTK,,,starter,104.1,,2021-07-29,,2024-01-15,15,75.0,0,2,,1,US,Telecommunications,,false,
9451-WLYRI,Telco-9451-WLYRI,,,growth,19.05,12,2019-09-08,2024-08-12,2024-01-15,3,12.5,0,4,,0,US,Telecommunications,,false,
8219-VYBVI,Telco-8219-VYBVI,,,enterprise,25.0,24,2020-11-01,2024-10-11,2024-01-15,3,25.0,0,3,,0,US,Telecommunications,,false,
1991-VOPLL,Telco-1991-VOPLL,,,starter,19.05,,2023-04-20,,2024-01-15,3,12.5,0,0,,0,US,Telecommunications,,false,
9738-QLWTP,Telco-9738-QLWTP,,,growth,81.9,12,2020-11-01,2024-10-11,2024-01-15,15,37.5,0,1,,1,US,Telecommunications,,false,
1016-DJTSV,Telco-1016-DJTSV,,,starter,69.7,,2023-05-20,,2024-01-15,15,12.5,0,0,,1,US,Telecommunications,,false,
9419-IPPBE,Telco-9419-IPPBE,,,growth,90.15,12,2019-11-07,2024-10-11,2024-01-15,15,50.0,0,4,,1,US,Telecommunications,,false,
0174-QRVVY,Telco-0174-QRVVY,,,enterprise,25.35,24,2018-03-17,2024-02-14,2024-01-15,3,25.0,0,5,,0,US,Telecommunications,,false,
5699-BNCAS,Telco-5699-BNCAS,,,enterprise,24.65,24,2018-03-17,2024-02-14,2024-01-15,3,25.0,0,5,,0,US,Telecommunications,,false,
2900-PHPLN,Telco-2900-PHPLN,,,enterprise,19.55,24,2018-04-16,2024-03-15,2024-01-15,3,12.5,0,5,,0,US,Telecommunications,,false,
0612-RTZZA,Telco-0612-RTZZA,,,starter,25.25,,2023-12-16,,2023-12-16,2,0.0,0,0,,2,US,Telecommunications,,true,2024-01-15
8106-GWQOK,Telco-8106-GWQOK,,,enterprise,60.0,24,2020-12-01,2024-11-10,2024-01-15,8,62.5,0,1,,0,US,Telecommunications,,false,
8751-EDEKA,Telco-8751-EDEKA,,,starter,89.9,,2021-09-27,,2024-01-15,15,50.0,0,2,,0,US,Telecommunications,,false,
6878-GGDWG,Telco-6878-GGDWG,,,starter,19.4,,2021-05-30,,2024-01-15,3,12.5,0,2,,0,US,Telecommunications,,false,
4039-PIMHX,Telco-4039-PIMHX,,,enterprise,49.8,24,2020-01-06,2025-12-05,2024-01-15,8,25.0,0,4,,0,US,Telecommunications,,false,
8450-LUGUK,Telco-8450-LUGUK,,,enterprise,24.1,24,2020-12-31,2024-12-10,2024-01-15,3,25.0,0,3,,0,US,Telecommunications,,false,
3604-WLABM,Telco-3604-WLABM,,,starter,54.25,,2023-03-21,,2024-01-15,8,37.5,0,0,,1,US,Telecommunications,,false,
0795-GMVQO,Telco-0795-GMVQO,,,growth,109.9,12,2018-07-15,2024-06-13,2024-01-15,15,87.5,0,5,,0,US,Telecommunications,,false,
2259-OUUSZ,Telco-2259-OUUSZ,,,growth,35.5,12,2023-06-19,2024-06-13,2024-01-15,8,25.0,0,0,,0,US,Telecommunications,,false,
1142-IHLOO,Telco-1142-IHLOO,,,growth,87.55,12,2019-11-07,2024-10-11,2024-01-15,15,37.5,0,4,,0,US,Telecommunications,,false,
6410-LEFEN,Telco-6410-LEFEN,,,starter,45.15,,2023-04-20,,2023-12-16,2,12.5,0,0,,2,US,Telecommunications,,true,2024-01-15
4633-MKHYU,Telco-4633-MKHYU,,,starter,88.4,,2023-04-20,,2024-01-15,15,37.5,0,0,,0,US,Telecommunications,,false,
6257-RJOHI,Telco-6257-RJOHI,,,starter,50.8,,2023-09-17,,2024-01-15,8,25.0,0,0,,0,US,Telecommunications,,false,
1545-JFUML,Telco-1545-JFUML,,,enterprise,99.0,24,2018-03-17,2024-02-14,2024-01-15,15,75.0,0,5,,1,US,Telecommunications,,false,
3194-ORPIK,Telco-3194-ORPIK,,,starter,84.4,,2019-12-07,,2023-12-16,4,37.5,0,4,,0,US,Telecommunications,,true,2024-01-15
7826-VVKWT,Telco-7826-VVKWT,,,enterprise,96.55,24,2022-01-25,2026-01-04,2024-01-15,15,50.0,0,2,,1,US,Telecommunications,,false,
1353-GHZOS,Telco-1353-GHZOS,,,growth,59.75,12,2022-03-26,2024-03-15,2024-01-15,8,37.5,0,1,,0,US,Telecommunications,,false,
2587-EKXTS,Telco-2587-EKXTS,,,starter,111.5,,2020-06-04,,2024-01-15,15,87.5,0,3,,1,US,Telecommunications,,false,
5442-BXVND,Telco-5442-BXVND,,,starter,24.25,,2021-04-30,,2024-01-15,3,25.0,0,2,,0,US,Telecommunications,,false,
8816-VXNZD,Telco-8816-VXNZD,,,starter,75.1,,2023-12-16,,2023-12-16,4,25.0,0,0,,2,US,Telecommunications,,true,2024-01-15
9378-FXTIZ,Telco-9378-FXTIZ,,,growth,70.15,12,2019-08-09,2020-08-03,2023-12-16,2,50.0,0,4,,0,US,Telecommunications,,true,2024-01-15
1723-HKXJQ,Telco-1723-HKXJQ,,,starter,101.75,,2020-08-03,,2023-12-16,4,62.5,0,3,,2,US,Telecommunications,,true,2024-01-15
7825-GKXMW,Telco-7825-GKXMW,,,starter,45.8,,2023-12-16,,2023-12-16,2,12.5,0,0,,2,US,Telecommunications,,true,2024-01-15
9753-OYLBX,Telco-9753-OYLBX,,,starter,20.5,,2023-12-16,,2024-01-15,3,12.5,0,0,,0,US,Telecommunications,,false,
2364-UFROM,Telco-2364-UFROM,,,growth,70.4,12,2021-07-29,2024-07-13,2024-01-15,8,62.5,0,1,,1,US,Telecommunications,,false,
6656-JWRQX,Telco-6656-JWRQX,,,starter,30.55,,2023-12-16,,2024-01-15,8,12.5,0,0,,0,US,Telecommunications,,false,
6473-ULUHT,Telco-6473-ULUHT,,,starter,84.9,,2022-09-22,,2024-01-15,8,87.5,0,0,,1,US,Telecommunications,,false,
1240-KNSEZ,Telco-1240-KNSEZ,,,starter,20.1,,2023-12-16,,2023-12-16,1,12.5,0,0,,1,US,Telecommunications,,true,2024-01-15
0836-SEYLU,Telco-0836-SEYLU,,,starter,40.65,,2023-04-20,,2023-12-16,2,25.0,0,0,,1,US,Telecommunications,,true,2024-01-15
4433-JCGCG,Telco-4433-JCGCG,,,starter,101.0,,2020-04-05,,2023-12-16,4,62.5,0,3,,2,US,Telecommunications,,true,2024-01-15
3716-BDVDB,Telco-3716-BDVDB,,,starter,69.1,,2023-12-16,,2023-12-16,4,12.5,0,0,,2,US,Telecommunications,,true,2024-01-15
7688-AWMDX,Telco-7688-AWMDX,,,enterprise,54.5,24,2018-03-17,2024-02-14,2024-01-15,8,37.5,0,2,,0,US,Telecommunications,,false,
2842-BCQGE,Telco-2842-BCQGE,,,starter,75.35,,2020-07-04,,2024-01-15,15,25.0,0,3,,0,US,Telecommunications,,false,
7244-QWYHG,Telco-7244-QWYHG,,,growth,44.45,12,2019-12-07,2024-11-10,2024-01-15,8,37.5,0,2,,0,US,Telecommunications,,false,
5899-MQZZL,Telco-5899-MQZZL,,,starter,75.0,,2022-12-21,,2023-12-16,4,25.0,0,1,,1,US,Telecommunications,,true,2024-01-15
6849-OYAMU,Telco-6849-OYAMU,,,growth,100.0,12,2022-06-24,2023-06-19,2023-12-16,4,62.5,0,0,,0,US,Telecommunications,,true,2024-01-15
5312-UXESG,Telco-5312-UXESG,,,starter,98.05,,2020-09-02,,2024-01-15,15,62.5,0,3,,0,US,Telecommunications,,false,
9488-HGMJH,Telco-9488-HGMJH,,,starter,71.15,,2023-12-16,,2023-12-16,4,12.5,0,0,,2,US,Telecommunications,,true,2024-01-15
6038-GCYEC,Telco-6038-GCYEC,,,starter,54.15,,2022-01-25,,2023-12-16,2,50.0,0,2,,0,US,Telecommunications,,true,2024-01-15
2150-WLKUW,Telco-2150-WLKUW,,,growth,63.9,12,2020-10-02,2024-09-11,2024-01-15,8,50.0,0,3,,0,US,Telecommunications,,false,
7159-FVYPK,Telco-7159-FVYPK,,,starter,69.15,,2023-10-17,,2024-01-15,8,62.5,0,0,,0,US,Telecommunications,,false,
7032-LMBHI,Telco-7032-LMBHI,,,growth,64.65,12,2020-12-31,2024-12-10,2024-01-15,8,50.0,0,3,,0,US,Telecommunications,,false,
1150-WFARN,Telco-1150-WFARN,,,enterprise,108.75,24,2018-07-15,2020-07-04,2023-12-16,4,87.5,0,2,,0,US,Telecommunications,,true,2024-01-15
6088-BXMRG,Telco-6088-BXMRG,,,starter,98.85,,2021-05-30,,2024-01-15,15,62.5,0,2,,1,US,Telecommunications,,false,
3144-AUDBS,Telco-3144-AUDBS,,,starter,49.15,,2023-07-19,,2023-12-16,2,25.0,0,0,,2,US,Telecommunications,,true,2024-01-15
4821-SJHJV,Telco-4821-SJHJV,,,starter,89.6,,2021-05-30,,2024-01-15,15,50.0,0,2,,1,US,Telecommunications,,false,
7346-MEDWM,Telco-7346-MEDWM,,,starter,83.25,,2019-03-12,,2024-01-15,15,50.0,0,4,,1,US,Telecommunications,,false,
1137-DGOWI,Telco-1137-DGOWI,,,growth,70.25,12,2021-07-29,2024-07-13,2024-01-15,8,62.5,0,1,,0,US,Telecommunications,,false,
5616-PRTNT,Telco-5616-PRTNT,,,starter,19.4,,2022-05-25,,2023-12-16,1,12.5,0,1,,2,US,Telecommunications,,true,2024-01-15
3812-LRZIR,Telco-3812-LRZIR,,,enterprise,24.5,24,2021-10-27,2025-10-06,2024-01-15,3,25.0,0,2,,1,US,Telecommunications,,false,
4818-QIUFN,Telco-4818-QIUFN,,,starter,79.15,,2022-05-25,,2023-12-16,4,37.5,0,1,,2,US,Telecommunications,,true,2024-01-15
9483-GCPWE,Telco-9483-GCPWE,,,growth,20.1,12,2023-04-20,2024-04-14,2024-01-15,3,12.5,0,0,,0,US,Telecommunications,,false,
4227-OJHAL,Telco-4227-OJHAL,,,growth,73.0,12,2018-06-15,2024-05-14,2024-01-15,8,75.0,0,5,,0,US,Telecommunications,,false,
9220-CXRSC,Telco-9220-CXRSC,,,enterprise,61.4,24,2018-05-16,2024-04-14,2024-01-15,8,50.0,0,2,,0,US,Telecommunications,,false,
4993-JCRGJ,Telco-4993-JCRGJ,,,starter,84.3,,2021-11-26,,2024-01-15,15,50.0,0,1,,0,US,Telecommunications,,false,
9537-JALFH,Telco-9537-JALFH,,,enterprise,19.9,24,2018-05-16,2024-04-14,2024-01-15,3,12.5,0,5,,0,US,Telecommunications,,false,
6698-OXETB,Telco-6698-OXETB,,,enterprise,20.4,24,2023-02-19,2025-02-08,2024-01-15,3,12.5,0,0,,0,US,Telecommunications,,false,
2103-ZRXFN,Telco-2103-ZRXFN,,,starter,50.75,,2023-12-16,,2024-01-15,8,25.0,0,0,,0,US,Telecommunications,,false,
3724-BSCVH,Telco-3724-BSCVH,,,growth,20.45,12,2023-03-21,2024-03-15,2024-01-15,3,12.5,0,0,,0,US,Telecommunications,,false,
4877-TSOFF,Telco-4877-TSOFF,,,growth,75.75,12,2019-07-10,2024-06-13,2024-01-15,8,75.0,0,2,,0,US,Telecommunications,,false,
9209-NWPGU,Telco-9209-NWPGU,,,growth,65.4,12,2020-06-04,2024-05-14,2024-01-15,8,50.0,0,1,,1,US,Telecommunications,,false,
6961-VCPMC,Telco-6961-VCPMC,,,starter,80.4,,2020-04-05,,2023-12-16,4,25.0,0,3,,2,US,Telecommunications,,true,2024-01-15
7306-YDSOI,Telco-7306-YDSOI,,,enterprise,59.75,24,2018-05-16,2024-04-14,2024-01-15,8,50.0,0,5,,0,US,Telecommunications,,false,
5288-AHOUP,Telco-5288-AHOUP,,,starter,78.5,,2023-02-19,,2024-01-15,15,25.0,0,0,,1,US,Telecommunications,,false,
6688-UZPWD,Telco-6688-UZPWD,,,starter,102.0,,2023-02-19,,2023-12-16,4,62.5,0,0,,2,US,Telecommunications,,true,2024-01-15
0655-YDGFJ,Telco-0655-YDGFJ,,,starter,48.95,,2021-08-28,,2024-01-15,8,25.0,0,2,,0,US,Telecommunications,,false,
8468-EHYJA,Telco-8468-EHYJA,,,starter,99.65,,2019-05-11,,2024-01-15,15,62.5,0,4,,1,US,Telecommunications,,false,
6823-SIDFQ,Telco-6823-SIDFQ,,,growth,18.25,12,2021-09-27,2024-09-11,2024-01-15,3,12.5,0,2,,0,US,Telecommunications,,false,
1097-FSPVW,Telco-1097-FSPVW,,,starter,54.55,,2020-08-03,,2024-01-15,8,37.5,0,3,,0,US,Telecommunications,,false,
2839-RFSQE,Telco-2839-RFSQE,,,starter,20.65,,2023-11-16,,2023-12-16,1,12.5,0,0,,1,US,Telecommunications,,true,2024-01-15
8328-SKJNO,Telco-8328-SKJNO,,,growth,40.65,12,2022-02-24,2024-02-14,2024-01-15,8,37.5,0,0,,0,US,Telecommunications,,false,
7010-ZMVBF,Telco-7010-ZMVBF,,,starter,20.45,,2022-07-24,,2024-01-15,3,12.5,0,1,,0,US,Telecommunications,,false,
5201-CBWYG,Telco-5201-CBWYG,,,growth,24.8,12,2018-12-12,2024-11-10,2024-01-15,3,25.0,0,5,,0,US,Telecommunications,,false,
0968-GSIKN,Telco-0968-GSIKN,,,starter,70.8,,2023-12-16,,2023-12-16,4,12.5,0,0,,1,US,Telecommunications,,true,2024-01-15
1965-DDBWU,Telco-1965-DDBWU,,,starter,89.05,,2022-09-22,,2023-12-16,4,50.0,0,0,,0,US,Telecommunications,,true,2024-01-15
9057-SIHCH,Telco-9057-SIHCH,,,starter,96.6,,2023-10-17,,2023-12-16,4,50.0,0,0,,2,US,Telecommunications,,true,2024-01-15
6352-GIGGQ,Telco-6352-GIGGQ,,,growth,88.8,12,2018-07-15,2024-06-13,2024-01-15,8,100.0,0,2,,0,US,Telecommunications,,false,
3635-QQRQD,Telco-3635-QQRQD,,,enterprise,20.05,24,2018-12-12,2024-11-10,2024-01-15,3,12.5,0,5,,0,US,Telecommunications,,false,
6771-XWBDM,Telco-6771-XWBDM,,,starter,104.5,,2019-05-11,,2023-12-16,4,75.0,0,4,,0,US,Telecommunications,,true,2024-01-15
2897-DOVND,Telco-2897-DOVND,,,starter,69.8,,2023-11-16,,2024-01-15,15,12.5,0,0,,1,US,Telecommunications,,false,
3082-YVEKW,Telco-3082-YVEKW,,,enterprise,77.15,24,2022-02-24,2024-02-14,2024-01-15,8,75.0,0,0,,0,US,Telecommunications,,false,
0191-EQUUH,Telco-0191-EQUUH,,,enterprise,35.05,24,2021-12-26,2025-12-05,2024-01-15,8,25.0,0,1,,0,US,Telecommunications,,false,
7134-HBPBS,Telco-7134-HBPBS,,,enterprise,108.1,24,2018-02-15,2026-01-04,2024-01-15,15,87.5,0,3,,0,US,Telecommunications,,false,
3489-HHPFY,Telco-3489-HHPFY,,,starter,84.05,,2023-11-16,,2024-01-15,15,37.5,0,0,,1,US,Telecommunications,,false,
2926-JEJJC,Telco-2926-JEJJC,,,growth,20.2,12,2023-05-20,2024-05-14,2024-01-15,3,12.5,0,0,,0,US,Telecommunications,,false,
8601-QACRS,Telco-8601-QACRS,,,starter,50.6,,2023-08-18,,2023-12-16,2,25.0,0,0,,1,US,Telecommunications,,true,2024-01-15
4950-BDEUX,Telco-4950-BDEUX,,,starter,49.2,,2021-03-01,,2024-01-15,8,37.5,0,2,,1,US,Telecommunications,,false,
5789-LDFXO,Telco-5789-LDFXO,,,growth,24.6,12,2022-01-25,2025-01-09,2024-01-15,3,25.0,0,2,,1,US,Telecommunications,,false,
0508-OOLTO,Telco-0508-OOLTO,,,starter,71.65,,2023-11-16,,2024-01-15,15,12.5,0,0,,1,US,Telecommunications,,false,
2984-TBYKU,Telco-2984-TBYKU,,,enterprise,104.9,24,2018-02-15,2026-01-04,2024-01-15,15,87.5,0,3,,0,US,Telecommunications,,false,
9822-WMWVG,Telco-9822-WMWVG,,,starter,106.5,,2020-09-02,,2024-01-15,15,87.5,0,1,,1,US,Telecommunications,,false,
2391-SOORI,Telco-2391-SOORI,,,starter,49.35,,2023-09-17,,2023-12-16,2,25.0,0,0,,2,US,Telecommunications,,true,2024-01-15
9040-KZVWO,Telco-9040-KZVWO,,,growth,75.5,12,2021-11-26,2024-11-10,2024-01-15,15,25.0,0,2,,0,US,Telecommunications,,false,
2645-QTLMB,Telco-2645-QTLMB,,,starter,94.25,,2023-06-19,,2023-12-16,4,50.0,0,0,,2,US,Telecommunications,,true,2024-01-15
4806-HIPDW,Telco-4806-HIPDW,,,starter,68.95,,2023-12-16,,2023-12-16,4,12.5,0,0,,2,US,Telecommunications,,true,2024-01-15
1548-ARAGG,Telco-1548-ARAGG,,,starter,58.5,,2023-09-17,,2024-01-15,8,50.0,0,0,,0,US,Telecommunications,,false,
6339-RZCBJ,Telco-6339-RZCBJ,,,enterprise,78.9,24,2020-02-05,2026-01-04,2024-01-15,8,75.0,0,2,,0,US,Telecommunications,,false,
4424-TKOPW,Telco-4424-TKOPW,,,starter,93.85,,2023-11-16,,2023-12-16,4,50.0,0,0,,2,US,Telecommunications,,true,2024-01-15
4415-WNGVR,Telco-4415-WNGVR,,,growth,79.2,12,2023-01-20,2025-01-09,2024-01-15,8,75.0,0,0,,1,US,Telecommunications,,false,
2522-AHJXR,Telco-2522-AHJXR,,,starter,109.45,,2019-02-10,,2024-01-15,15,87.5,0,2,,0,US,Telecommunications,,false,
0412-UCCNP,Telco-0412-UCCNP,,,enterprise,59.2,24,2019-07-10,2025-06-08,2024-01-15,8,50.0,0,2,,1,US,Telecommunications,,false,
1816-FLZDK,Telco-1816-FLZDK,,,starter,29.15,,2023-12-16,,2024-01-15,8,12.5,0,0,,0,US,Telecommunications,,false,
7096-UCLNH,Telco-7096-UCLNH,,,starter,20.05,,2023-12-16,,2024-01-15,3,12.5,0,0,,0,US,Telecommunications,,false,
8443-ZRDBZ,Telco-8443-ZRDBZ,,,starter,76.05,,2023-09-17,,2023-12-16,4,25.0,0,0,,2,US,Telecommunications,,true,2024-01-15
9136-ALYBR,Telco-9136-ALYBR,,,starter,24.45,,2023-12-16,,2023-12-16,2,0.0,0,0,,1,US,Telecommunications,,true,2024-01-15
4615-PIVVU,Telco-4615-PIVVU,,,enterprise,66.5,24,2020-08-03,2024-07-13,2024-01-15,8,50.0,0,1,,0,US,Telecommunications,,false,
8885-QSQBX,Telco-8885-QSQBX,,,starter,49.55,,2023-12-16,,2024-01-15,8,25.0,0,0,,0,US,Telecommunications,,false,
7479-NITWS,Telco-7479-NITWS,,,starter,89.35,,2023-06-19,,2023-12-16,4,50.0,0,0,,0,US,Telecommunications,,true,2024-01-15
8617-ENBDS,Telco-8617-ENBDS,,,starter,73.6,,2023-10-17,,2024-01-15,15,25.0,0,0,,0,US,Telecommunications,,false,
9385-NXKDA,Telco-9385-NXKDA,,,enterprise,82.65,24,2018-02-15,2026-01-04,2024-01-15,8,87.5,0,6,,0,US,Telecommunications,,false,
0430-IHCDJ,Telco-0430-IHCDJ,,,starter,49.0,,2022-10-22,,2024-01-15,8,25.0,0,1,,1,US,Telecommunications,,false,
2959-MJHIC,Telco-2959-MJHIC,,,starter,80.35,,2023-09-17,,2023-12-16,4,25.0,0,0,,2,US,Telecommunications,,true,2024-01-15
6674-KVJHG,Telco-6674-KVJHG,,,growth,25.2,12,2023-02-19,2024-02-14,2024-01-15,3,25.0,0,0,,1,US,Telecommunications,,false,
1814-DKOLC,Telco-1814-DKOLC,,,starter,25.45,,2023-08-18,,2024-01-15,3,25.0,0,0,,0,US,Telecommunications,,false,
4201-JMNGR,Telco-4201-JMNGR,,,starter,55.8,,2023-12-16,,2023-12-16,2,37.5,0,0,,2,US,Telecommunications,,true,2024-01-15
9351-HXDMR,Telco-9351-HXDMR,,,enterprise,110.9,24,2018-02-15,2026-01-04,2024-01-15,15,87.5,0,3,,0,US,Telecommunications,,false,
3537-HPKQT,Telco-3537-HPKQT,,,starter,77.75,,2019-07-10,,2024-01-15,15,37.5,0,4,,0,US,Telecommunications,,false,
2129-ALKBS,Telco-2129-ALKBS,,,starter,26.2,,2020-10-02,,2024-01-15,3,25.0,0,3,,1,US,Telecommunications,,false,
5821-MMEIL,Telco-5821-MMEIL,,,enterprise,19.9,24,2019-05-11,2025-04-09,2024-01-15,3,12.5,0,4,,0,US,Telecommunications,,false,
5960-WPXQM,Telco-5960-WPXQM,,,starter,79.05,,2023-12-16,,2023-12-16,4,25.0,0,0,,2,US,Telecommunications,,true,2024-01-15
0684-AOSIH,Telco-0684-AOSIH,,,starter,95.0,,2023-12-16,,2023-12-16,4,50.0,0,0,,2,US,Telecommunications,,true,2024-01-15
8260-NGFNY,Telco-8260-NGFNY,,,starter,25.2,,2023-12-16,,2023-12-16,2,0.0,0,0,,1,US,Telecommunications,,true,2024-01-15
1309-XGFSN,Telco-1309-XGFSN,,,growth,80.85,12,2019-10-08,2024-09-11,2024-01-15,8,75.0,0,4,,1,US,Telecommunications,,false,
1866-RZZQS,Telco-1866-RZZQS,,,starter,98.4,,2020-09-02,,2023-12-16,4,62.5,0,3,,2,US,Telecommunications,,true,2024-01-15
6968-URWQU,Telco-6968-URWQU,,,growth,56.35,12,2020-07-04,2024-06-13,2024-01-15,8,25.0,0,3,,0,US,Telecommunications,,false,
4742-TXUEX,Telco-4742-TXUEX,,,enterprise,19.3,24,2020-03-06,2024-02-14,2024-01-15,3,12.5,0,3,,0,US,Telecommunications,,false,
9631-XEYKE,Telco-9631-XEYKE,,,starter,50.4,,2023-10-17,,2024-01-15,8,25.0,0,0,,0,US,Telecommunications,,false,
8631-NBHFZ,Telco-8631-NBHFZ,,,enterprise,79.4,24,2018-08-14,2020-08-03,2023-12-16,2,87.5,0,2,,0,US,Telecommunications,,true,2024-01-15
1335-MXCSE,Telco-1335-MXCSE,,,enterprise,55.25,24,2019-07-10,2025-06-08,2024-01-15,8,37.5,0,2,,0,US,Telecommunications,,false,
8873-TMKGR,Telco-8873-TMKGR,,,growth,19.1,12,2021-08-28,2024-08-12,2024-01-15,3,12.5,0,2,,0,US,Telecommunications,,false,
8800-JOOCF,Telco-8800-JOOCF,,,starter,84.05,,2023-01-20,,2024-01-15,15,37.5,0,1,,1,US,Telecommunications,,false,
1469-LBJQJ,Telco-1469-LBJQJ,,,starter,105.2,,2018-08-14,,2024-01-15,15,75.0,0,5,,1,US,Telecommunications,,false,
4958-XCBDQ,Telco-4958-XCBDQ,,,starter,101.4,,2021-03-01,,2023-12-16,4,62.5,0,2,,2,US,Telecommunications,,true,2024-01-15
8337-UPOAQ,Telco-8337-UPOAQ,,,starter,89.8,,2023-03-21,,2023-12-16,4,50.0,0,0,,2,US,Telecommunications,,true,2024-01-15
0064-YIJGF,Telco-0064-YIJGF,,,starter,75.75,,2021-10-27,,2024-01-15,15,25.0,0,2,,0,US,Telecommunications,,false,
2386-OWURY,Telco-2386-OWURY,,,starter,95.3,,2019-04-11,,2024-01-15,15,50.0,0,2,,1,US,Telecommunications,,false,
1725-IQNIY,Telco-1725-IQNIY,,,enterprise,109.75,24,2019-08-09,2021-07-29,2023-12-16,4,87.5,0,2,,0,US,Telecommunications,,true,2024-01-15
0310-VQXAM,Telco-0310-VQXAM,,,starter,19.85,,2023-04-20,,2024-01-15,3,12.5,0,0,,0,US,Telecommunications,,false,
6598-RFFVI,Telco-6598-RFFVI,,,growth,19.3,12,2023-11-16,2024-11-10,2023-12-16,1,12.5,0,0,,0,US,Telecommunications,,true,2024-01-15
3453-RTHJQ,Telco-3453-RTHJQ,,,starter,69.1,,2023-07-19,,2024-01-15,15,12.5,0,0,,1,US,Telecommunications,,false,
6712-OAWRH,Telco-6712-OAWRH,,,starter,91.25,,2021-11-26,,2023-12-16,4,37.5,0,2,,2,US,Telecommunications,,true,2024-01-15
6278-FEPBZ,Telco-6278-FEPBZ,,,starter,20.25,,2023-04-20,,2024-01-15,3,12.5,0,0,,0,US,Telecommunications,,false,
4280-DLSHD,Telco-4280-DLSHD,,,starter,54.75,,2023-05-20,,2024-01-15,8,37.5,0,0,,0,US,Telecommunications,,false,
1508-DFXCU,Telco-1508-DFXCU,,,starter,81.45,,2023-01-20,,2024-01-15,15,25.0,0,1,,1,US,Telecommunications,,false,
8614-VGMMV,Telco-8614-VGMMV,,,starter,49.1,,2022-10-22,,2023-12-16,2,25.0,0,1,,2,US,Telecommunications,,true,2024-01-15
7868-BGSZA,Telco-7868-BGSZA,,,growth,80.2,12,2020-07-04,2024-06-13,2024-01-15,8,75.0,0,3,,1,US,Telecommunications,,false,
2800-QQUSO,Telco-2800-QQUSO,,,starter,100.3,,2020-08-03,,2024-01-15,15,62.5,0,1,,1,US,Telecommunications,,false,
2930-UOTMB,Telco-2930-UOTMB,,,starter,65.25,,2021-06-29,,2023-12-16,2,62.5,0,1,,0,US,Telecommunications,,true,2024-01-15
7973-DZRKH,Telco-7973-DZRKH,,,enterprise,90.95,24,2018-08-14,2024-07-13,2024-01-15,15,62.5,0,2,,0,US,Telecommunications,,false,
5914-DVBWJ,Telco-5914-DVBWJ,,,starter,85.45,,2022-07-24,,2023-12-16,4,50.0,0,0,,2,US,Telecommunications,,true,2024-01-15
7698-YFGEZ,Telco-7698-YFGEZ,,,starter,20.0,,2023-12-16,,2024-01-15,3,12.5,0,0,,0,US,Telecommunications,,false,
2533-QVMSK,Telco-2533-QVMSK,,,enterprise,94.1,24,2019-01-11,2020-12-31,2023-12-16,4,62.5,0,2,,2,US,Telecommunications,,true,2024-01-15
9773-PEQBZ,Telco-9773-PEQBZ,,,starter,79.85,,2023-03-21,,2024-01-15,15,37.5,0,0,,1,US,Telecommunications,,false,
8644-XLFBW,Telco-8644-XLFBW,,,starter,71.65,,2023-12-16,,2023-12-16,4,12.5,0,0,,2,US,Telecommunications,,true,2024-01-15
0650-BWOZN,Telco-0650-BWOZN,,,starter,73.55,,2022-07-24,,2024-01-15,15,25.0,0,1,,1,US,Telecommunications,,false,
8625-AZYZY,Telco-8625-AZYZY,,,starter,104.65,,2022-01-25,,2023-12-16,4,75.0,0,2,,2,US,Telecommunications,,true,2024-01-15
7785-RDVIG,Telco-7785-RDVIG,,,starter,19.3,,2023-10-17,,2024-01-15,3,12.5,0,0,,0,US,Telecommunications,,false,
9602-WCXPI,Telco-9602-WCXPI,,,growth,20.15,12,2019-12-07,2024-11-10,2024-01-15,3,12.5,0,4,,0,US,Telecommunications,,false,
2903-YYTBW,Telco-2903-YYTBW,,,starter,44.55,,2023-12-16,,2024-01-15,8,12.5,0,0,,1,US,Telecommunications,,false,
3620-MWJNE,Telco-3620-MWJNE,,,starter,54.45,,2023-11-16,,2024-01-15,8,37.5,0,0,,0,US,Telecommunications,,false,
8573-JGCZW,Telco-8573-JGCZW,,,growth,19.65,12,2022-08-23,2024-08-12,2024-01-15,3,12.5,0,1,,0,US,Telecommunications,,false,
6837-HAEVO,Telco-6837-HAEVO,,,enterprise,105.0,24,2018-05-16,2024-04-14,2024-01-15,15,75.0,0,5,,1,US,Telecommunications,,false,
6701-YVNQG,Telco-6701-YVNQG,,,enterprise,88.7,24,2018-02-15,2026-01-04,2024-01-15,8,100.0,0,3,,0,US,Telecommunications,,false,
9306-CPCBC,Telco-9306-CPCBC,,,starter,74.25,,2023-10-17,,2023-12-16,4,25.0,0,0,,2,US,Telecommunications,,true,2024-01-15
4304-XUMGI,Telco-4304-XUMGI,,,enterprise,75.15,24,2019-12-07,2025-11-05,2024-01-15,8,75.0,0,4,,0,US,Telecommunications,,false,
9504-YAZWB,Telco-9504-YAZWB,,,enterprise,20.25,24,2019-09-08,2025-08-07,2024-01-15,3,12.5,0,4,,0,US,Telecommunications,,false,
8819-ZBYNA,Telco-8819-ZBYNA,,,enterprise,109.1,24,2019-04-11,2025-03-10,2024-01-15,15,87.5,0,2,,0,US,Telecommunications,,false,
6174-NRBTZ,Telco-6174-NRBTZ,,,growth,30.75,12,2020-04-05,2024-03-15,2024-01-15,8,12.5,0,3,,0,US,Telecommunications,,false,
9481-IEBZY,Telco-9481-IEBZY,,,starter,112.9,,2018-02-15,,2024-01-15,15,100.0,0,3,,0,US,Telecommunications,,false,
1833-VGRUM,Telco-1833-VGRUM,,,starter,74.2,,2023-12-16,,2023-12-16,4,25.0,0,0,,2,US,Telecommunications,,true,2024-01-15
6137-NICCO,Telco-6137-NICCO,,,starter,94.05,,2023-07-19,,2024-01-15,15,62.5,0,0,,0,US,Telecommunications,,false,
9065-ZCPQX,Telco-9065-ZCPQX,,,enterprise,78.85,24,2018-02-15,2026-01-04,2024-01-15,8,87.5,0,3,,0,US,Telecommunications,,false,
6402-EJMWF,Telco-6402-EJMWF,,,starter,55.3,,2023-09-17,,2024-01-15,8,25.0,0,0,,0,US,Telecommunications,,false,
3620-EHIMZ,Telco-3620-EHIMZ,,,enterprise,19.35,24,2019-10-08,2025-09-06,2024-01-15,3,12.5,0,4,,0,US,Telecommunications,,false,
3213-VVOLG,Telco-3213-VVOLG,,,enterprise,25.35,24,2024-01-15,2026-01-04,2024-01-15,3,25.0,0,0,,0,US,Telecommunications,,false,
6870-ECSHE,Telco-6870-ECSHE,,,growth,20.45,12,2023-11-16,2024-11-10,2024-01-15,3,12.5,0,0,,0,US,Telecommunications,,false,
8747-UDCOI,Telco-8747-UDCOI,,,enterprise,19.35,24,2018-09-13,2024-08-12,2024-01-15,3,12.5,0,5,,0,US,Telecommunications,,false,
8374-XGEJJ,Telco-8374-XGEJJ,,,starter,101.0,,2020-07-04,,2023-12-16,4,62.5,0,3,,2,US,Telecommunications,,true,2024-01-15
2656-TABEH,Telco-2656-TABEH,,,starter,100.2,,2023-09-17,,2023-12-16,4,62.5,0,0,,2,US,Telecommunications,,true,2024-01-15
6946-LMSQS,Telco-6946-LMSQS,,,growth,89.05,12,2021-12-26,2022-12-21,2023-12-16,4,50.0,0,2,,2,US,Telecommunications,,true,2024-01-15
4626-OZDTJ,Telco-4626-OZDTJ,,,growth,78.65,12,2019-11-07,2024-10-11,2024-01-15,8,75.0,0,2,,0,US,Telecommunications,,false,
9169-BSVIN,Telco-9169-BSVIN,,,starter,74.75,,2023-01-20,,2024-01-15,8,62.5,0,1,,0,US,Telecommunications,,false,
2325-ZUSFD,Telco-2325-ZUSFD,,,growth,70.1,12,2019-05-11,2020-05-05,2023-12-16,2,50.0,0,4,,0,US,Telecommunications,,true,2024-01-15
8194-PEEBY,Telco-8194-PEEBY,,,growth,19.9,12,2022-01-25,2025-01-09,2024-01-15,3,12.5,0,2,,0,US,Telecommunications,,false,
6872-HXFNF,Telco-6872-HXFNF,,,growth,58.35,12,2018-10-13,2024-09-11,2024-01-15,8,50.0,0,2,,0,US,Telecommunications,,false,
3932-CMDTD,Telco-3932-CMDTD,,,growth,105.65,12,2023-09-17,2024-09-11,2023-12-16,4,75.0,0,0,,2,US,Telecommunications,,true,2024-01-15
7714-YXSMB,Telco-7714-YXSMB,,,starter,100.5,,2021-11-26,,2024-01-15,15,62.5,0,2,,0,US,Telecommunications,,false,
8387-UGUSU,Telco-8387-UGUSU,,,starter,20.05,,2022-10-22,,2024-01-15,3,12.5,0,1,,0,US,Telecommunications,,false,
1080-BWSYE,Telco-1080-BWSYE,,,enterprise,25.65,24,2018-10-13,2024-09-11,2024-01-15,3,25.0,0,5,,0,US,Telecommunications,,false,
4039-HEUNW,Telco-4039-HEUNW,,,starter,96.5,,2021-01-30,,2023-12-16,4,62.5,0,3,,2,US,Telecommunications,,true,2024-01-15
1194-HVAIF,Telco-1194-HVAIF,,,starter,95.0,,2021-10-27,,2024-01-15,15,50.0,0,2,,0,US,Telecommunications,,false,
0812-WUPTB,Telco-0812-WUPTB,,,starter,70.85,,2023-12-16,,2023-12-16,4,12.5,0,0,,1,US,Telecommunications,,true,2024-01-15
3594-UVONA,Telco-3594-UVONA,,,growth,85.95,12,2021-03-01,2022-02-24,2023-12-16,2,87.5,0,1,,0,US,Telecommunications,,true,2024-01-15
0004-TLHLJ,Telco-0004-TLHLJ,,,starter,73.9,,2023-09-17,,2023-12-16,4,25.0,0,0,,2,US,Telecommunications,,true,2024-01-15
1767-TGTKO,Telco-1767-TGTKO,,,starter,45.45,,2023-05-20,,2024-01-15,8,12.5,0,0,,1,US,Telecommunications,,false,
8439-LTUGF,Telco-8439-LTUGF,,,starter,20.0,,2023-03-21,,2024-01-15,3,12.5,0,0,,0,US,Telecommunications,,false,
8805-JNRAZ,Telco-8805-JNRAZ,,,starter,49.2,,2023-11-16,,2024-01-15,8,25.0,0,0,,0,US,Telecommunications,,false,
5089-IFSDP,Telco-5089-IFSDP,,,enterprise,109.45,24,2019-04-11,2021-03-31,2023-12-16,4,87.5,0,4,,0,US,Telecommunications,,true,2024-01-15
6418-HNFED,Telco-6418-HNFED,,,enterprise,83.25,24,2019-11-07,2025-10-06,2024-01-15,8,87.5,0,2,,0,US,Telecommunications,,false,
0206-OYVOC,Telco-0206-OYVOC,,,enterprise,19.25,24,2020-04-05,2024-03-15,2024-01-15,3,12.5,0,3,,0,US,Telecommunications,,false,
7291-CDTMJ,Telco-7291-CDTMJ,,,starter,19.65,,2023-12-16,,2024-01-15,3,12.5,0,0,,0,US,Telecommunications,,false,
7128-GGCNO,Telco-7128-GGCNO,,,starter,72.8,,2020-04-05,,2024-01-15,15,25.0,0,3,,0,US,Telecommunications,,false,
0237-YFUTL,Telco-0237-YFUTL,,,starter,109.65,,2019-12-07,,2024-01-15,15,87.5,0,2,,0,US,Telecommunications,,false,
7691-KGKGP,Telco-7691-KGKGP,,,starter,65.0,,2019-09-08,,2024-01-15,8,50.0,0,2,,0,US,Telecommunications,,false,
6710-HSJRD,Telco-6710-HSJRD,,,starter,114.1,,2019-01-11,,2024-01-15,15,87.5,0,2,,1,US,Telecommunications,,false,
3675-EQOZA,Telco-3675-EQOZA,,,starter,20.65,,2023-08-18,,2024-01-15,3,12.5,0,0,,0,US,Telecommunications,,false,
0840-DCNZE,Telco-0840-DCNZE,,,growth,86.95,12,2020-03-06,2024-02-14,2024-01-15,8,87.5,0,1,,0,US,Telecommunications,,false,
1732-FEKLD,Telco-1732-FEKLD,,,growth,94.75,12,2019-08-09,2024-07-13,2024-01-15,15,62.5,0,4,,0,US,Telecommunications,,false,
9862-KJTYK,Telco-9862-KJTYK,,,starter,25.35,,2022-06-24,,2024-01-15,8,0.0,0,1,,0,US,Telecommunications,,false,
0479-HMSWA,Telco-0479-HMSWA,,,enterprise,105.45,24,2021-11-26,2025-11-05,2024-01-15,15,75.0,0,1,,1,US,Telecommunications,,false,
5854-KSRBJ,Telco-5854-KSRBJ,,,enterprise,25.4,24,2018-04-16,2024-03-15,2024-01-15,3,25.0,0,5,,0,US,Telecommunications,,false,
0365-BZUWY,Telco-0365-BZUWY,,,starter,102.55,,2022-08-23,,2024-01-15,15,75.0,0,1,,1,US,Telecommunications,,false,
4817-VYYWS,Telco-4817-VYYWS,,,starter,100.2,,2021-07-29,,2023-12-16,4,62.5,0,2,,2,US,Telecommunications,,true,2024-01-15
5701-SVCWR,Telco-5701-SVCWR,,,starter,24.0,,2023-12-16,,2024-01-15,3,25.0,0,0,,0,US,Telecommunications,,false,
3129-AAQOU,Telco-3129-AAQOU,,,enterprise,25.6,24,2022-06-24,2024-06-13,2024-01-15,3,25.0,0,1,,0,US,Telecommunications,,false,
4922-CVPDX,Telco-4922-CVPDX,,,enterprise,73.5,24,2021-11-26,2025-11-05,2024-01-15,8,62.5,0,2,,0,US,Telecommunications,,false,
1396-QWFBJ,Telco-1396-QWFBJ,,,starter,74.05,,2022-04-25,,2023-12-16,4,25.0,0,1,,0,US,Telecommunications,,true,2024-01-15
1357-BIJKI,Telco-1357-BIJKI,,,growth,98.25,12,2019-12-07,2024-11-10,2024-01-15,15,62.5,0,4,,1,US,Telecommunications,,false,
1099-BTKWT,Telco-1099-BTKWT,,,growth,54.4,12,2018-06-15,2024-05-14,2024-01-15,8,50.0,0,5,,1,US,Telecommunications,,false,
5299-SJCZT,Telco-5299-SJCZT,,,starter,101.55,,2023-10-17,,2023-12-16,4,62.5,0,0,,0,US,Telecommunications,,true,2024-01-15
2018-PZKMU,Telco-2018-PZKMU,,,starter,103.1,,2023-04-20,,2024-01-15,15,62.5,0,0,,1,US,Telecommunications,,false,
7340-KEFQE,Telco-7340-KEFQE,,,enterprise,34.2,24,2019-11-07,2025-10-06,2024-01-15,8,25.0,0,2,,0,US,Telecommunications,,false,
4570-QHXHL,Telco-4570-QHXHL,,,starter,43.75,,2023-04-20,,2024-01-15,8,12.5,0,0,,1,US,Telecommunications,,false,
2403-BCASL,Telco-2403-BCASL,,,growth,111.95,12,2020-09-02,2021-08-28,2023-12-16,4,87.5,0,1,,2,US,Telecommunications,,true,2024-01-15
7392-YYPYJ,Telco-7392-YYPYJ,,,starter,100.65,,2022-03-26,,2024-01-15,15,62.5,0,1,,1,US,Telecommunications,,false,
2898-LSJGD,Telco-2898-LSJGD,,,growth,55.95,12,2022-04-25,2023-04-20,2023-12-16,2,50.0,0,1,,2,US,Telecommunications,,true,2024-01-15
2223-GDSHL,Telco-2223-GDSHL,,,enterprise,116.05,24,2018-03-17,2024-02-14,2024-01-15,15,100.0,0,2,,0,US,Telecommunications,,false,
7359-PTSXY,Telco-7359-PTSXY,,,starter,45.75,,2023-12-16,,2023-12-16,2,12.5,0,0,,2,US,Telecommunications,,true,2024-01-15
9470-RTWDV,Telco-9470-RTWDV,,,growth,82.0,12,2021-11-26,2024-11-10,2024-01-15,8,75.0,0,1,,0,US,Telecommunications,,false,
2176-OSJUV,Telco-2176-OSJUV,,,enterprise,65.15,24,2018-03-17,2024-02-14,2024-01-15,8,62.5,0,2,,0,US,Telecommunications,,false,
9348-YVOMK,Telco-9348-YVOMK,,,starter,44.8,,2023-09-17,,2024-01-15,8,12.5,0,0,,0,US,Telecommunications,,false,
8104-OSKWT,Telco-8104-OSKWT,,,starter,79.8,,2023-01-20,,2024-01-15,15,37.5,0,1,,1,US,Telecommunications,,false,
4521-YEEHE,Telco-4521-YEEHE,,,starter,88.85,,2022-07-24,,2024-01-15,15,50.0,0,0,,1,US,Telecommunications,,false,
4090-KPJIP,Telco-4090-KPJIP,,,starter,74.95,,2023-10-17,,2024-01-15,15,25.0,0,0,,1,US,Telecommunications,,false,
3786-WOVKF,Telco-3786-WOVKF,,,growth,106.85,12,2018-02-15,2025-01-09,2024-01-15,15,75.0,0,6,,0,US,Telecommunications,,false,
4503-BDXBD,Telco-4503-BDXBD,,,starter,74.95,,2023-02-19,,2023-12-16,4,25.0,0,0,,2,US,Telecommunications,,true,2024-01-15
6086-ESGRL,Telco-6086-ESGRL,,,starter,80.15,,2023-12-16,,2023-12-16,4,25.0,0,0,,0,US,Telecommunications,,true,2024-01-15
2592-HODOV,Telco-2592-HODOV,,,growth,19.3,12,2022-12-21,2024-12-10,2024-01-15,3,12.5,0,1,,0,US,Telecommunications,,false,
3886-CERTZ,Telco-3886-CERTZ,,,growth,109.25,12,2018-02-15,2019-02-10,2023-12-16,4,87.5,0,3,,2,US,Telecommunications,,true,2024-01-15
7995-ZHHNZ,Telco-7995-ZHHNZ,,,growth,56.1,12,2020-08-03,2024-07-13,2024-01-15,8,37.5,0,3,,0,US,Telecommunications,,false,
3824-RHKVR,Telco-3824-RHKVR,,,starter,19.7,,2022-08-23,,2024-01-15,3,12.5,0,1,,0,US,Telecommunications,,false,
5816-SCGFC,Telco-5816-SCGFC,,,starter,51.3,,2023-06-19,,2024-01-15,8,25.0,0,0,,0,US,Telecommunications,,false,
5989-AXPUC,Telco-5989-AXPUC,,,enterprise,118.6,24,2018-06-15,2024-05-14,2024-01-15,15,100.0,0,2,,0,US,Telecommunications,,false,
4979-HPRFL,Telco-4979-HPRFL,,,enterprise,24.15,24,2019-06-10,2025-05-09,2024-01-15,3,25.0,0,4,,0,US,Telecommunications,,false,
8590-OHDIW,Telco-8590-OHDIW,,,growth,20.3,12,2020-12-01,2024-11-10,2024-01-15,3,12.5,0,3,,0,US,Telecommunications,,false,
8015-IHCGW,Telco-8015-IHCGW,,,enterprise,115.5,24,2018-02-15,2026-01-04,2024-01-15,15,100.0,0,3,,1,US,Telecommunications,,false,
2332-TODQS,Telco-2332-TODQS,,,growth,25.05,12,2020-02-05,2025-01-09,2024-01-15,3,25.0,0,4,,0,US,Telecommunications,,false,
9278-VZKCD,Telco-9278-VZKCD,,,starter,109.1,,2019-10-08,,2024-01-15,15,87.5,0,4,,1,US,Telecommunications,,false,
8008-OTEZX,Telco-8008-OTEZX,,,growth,19.65,12,2021-03-01,2024-02-14,2024-01-15,3,12.5,0,2,,0,US,Telecommunications,,false,
2773-OVBPK,Telco-2773-OVBPK,,,enterprise,111.3,24,2018-07-15,2024-06-13,2024-01-15,15,87.5,0,2,,0,US,Telecommunications,,false,
5999-LCXAO,Telco-5999-LCXAO,,,starter,29.9,,2023-12-16,,2024-01-15,8,12.5,0,0,,0,US,Telecommunications,,false,
5206-XZZQI,Telco-5206-XZZQI,,,starter,80.6,,2019-09-08,,2024-01-15,15,37.5,0,2,,0,US,Telecommunications,,false,
4803-LBYPN,Telco-4803-LBYPN,,,starter,20.8,,2021-03-31,,2024-01-15,3,12.5,0,2,,0,US,Telecommunications,,false,
5759-RCVCB,Telco-5759-RCVCB,,,starter,35.2,,2023-10-17,,2023-12-16,2,12.5,0,0,,0,US,Telecommunications,,true,2024-01-15
6372-RFVNS,Telco-6372-RFVNS,,,starter,78.8,,2023-12-16,,2023-12-16,4,25.0,0,0,,2,US,Telecommunications,,true,2024-01-15
2139-FQHLM,Telco-2139-FQHLM,,,starter,89.95,,2022-06-24,,2024-01-15,15,50.0,0,0,,0,US,Telecommunications,,false,
8261-GWDBQ,Telco-8261-GWDBQ,,,enterprise,116.05,24,2019-02-10,2025-01-09,2024-01-15,15,100.0,0,2,,0,US,Telecommunications,,false,
1093-YSWCA,Telco-1093-YSWCA,,,enterprise,19.55,24,2023-02-19,2025-02-08,2024-01-15,3,12.5,0,0,,0,US,Telecommunications,,false,
8938-UMKPI,Telco-8938-UMKPI,,,starter,106.4,,2020-03-06,,2023-12-16,4,75.0,0,3,,2,US,Telecommunications,,true,2024-01-15
0991-BRRFB,Telco-0991-BRRFB,,,starter,49.4,,2022-07-24,,2023-12-16,2,25.0,0,1,,2,US,Telecommunications,,true,2024-01-15
3882-IYOIJ,Telco-3882-IYOIJ,,,enterprise,115.25,24,2019-02-10,2025-01-09,2024-01-15,15,100.0,0,2,,0,US,Telecommunications,,false,
8749-TZYEC,Telco-8749-TZYEC,,,enterprise,24.8,24,2018-02-15,2026-01-04,2024-01-15,3,25.0,0,6,,0,US,Telecommunications,,false,
1755-FZQEC,Telco-1755-FZQEC,,,growth,19.9,12,2020-11-01,2024-10-11,2024-01-15,3,12.5,0,3,,0,US,Telecommunications,,false,
3115-JPJDD,Telco-3115-JPJDD,,,growth,81.25,12,2019-03-12,2024-02-14,2024-01-15,15,37.5,0,4,,0,US,Telecommunications,,false,
5600-KTXFM,Telco-5600-KTXFM,,,starter,69.95,,2023-11-16,,2024-01-15,15,12.5,0,0,,0,US,Telecommunications,,false,
3871-IKPYH,Telco-3871-IKPYH,,,starter,69.1,,2023-12-16,,2023-12-16,4,12.5,0,0,,2,US,Telecommunications,,true,2024-01-15
6319-IEJWJ,Telco-6319-IEJWJ,,,starter,90.2,,2022-05-25,,2023-12-16,4,37.5,0,1,,2,US,Telecommunications,,true,2024-01-15
9025-AOMKI,Telco-9025-AOMKI,,,starter,93.55,,2023-07-19,,2023-12-16,4,50.0,0,0,,0,US,Telecommunications,,true,2024-01-15
6339-TBELP,Telco-6339-TBELP,,,enterprise,86.4,24,2018-03-17,2024-02-14,2024-01-15,15,50.0,0,2,,0,US,Telecommunications,,false,
7964-YESJC,Telco-7964-YESJC,,,starter,66.3,,2022-01-25,,2024-01-15,8,62.5,0,2,,0,US,Telecommunications,,false,
6173-GOLSU,Telco-6173-GOLSU,,,starter,94.65,,2018-07-15,,2024-01-15,15,50.0,0,5,,0,US,Telecommunications,,false,
5275-SQEIZ,Telco-5275-SQEIZ,,,starter,80.85,,2023-12-16,,2023-12-16,4,25.0,0,0,,1,US,Telecommunications,,true,2024-01-15
7716-YTYHG,Telco-7716-YTYHG,,,growth,82.05,12,2020-02-05,2021-01-30,2023-12-16,4,37.5,0,4,,1,US,Telecommunications,,true,2024-01-15
9938-ZREHM,Telco-9938-ZREHM,,,growth,72.1,12,2020-12-31,2024-12-10,2024-01-15,8,62.5,0,1,,0,US,Telecommunications,,false,
7950-XWOVN,Telco-7950-XWOVN,,,starter,34.7,,2023-02-19,,2024-01-15,8,25.0,0,0,,0,US,Telecommunications,,false,
4390-KYULV,Telco-4390-KYULV,,,starter,20.55,,2023-10-17,,2023-12-16,1,12.5,0,0,,0,US,Telecommunications,,true,2024-01-15
4647-MUZON,Telco-4647-MUZON,,,starter,95.95,,2022-07-24,,2024-01-15,15,50.0,0,1,,0,US,Telecommunications,,false,
9702-AIUJO,Telco-9702-AIUJO,,,growth,44.8,12,2019-12-07,2024-11-10,2024-01-15,8,12.5,0,4,,0,US,Telecommunications,,false,
8849-PRIQJ,Telco-8849-PRIQJ,,,growth,109.4,12,2018-07-15,2024-06-13,2024-01-15,15,87.5,0,2,,1,US,Telecommunications,,false,
8851-RAGOV,Telco-8851-RAGOV,,,starter,71.05,,2021-12-26,,2024-01-15,8,62.5,0,1,,0,US,Telecommunications,,false,
1304-NECVQ,Telco-1304-NECVQ,,,starter,78.55,,2023-11-16,,2023-12-16,4,37.5,0,0,,2,US,Telecommunications,,true,2024-01-15
5396-IZEPB,Telco-5396-IZEPB,,,starter,19.7,,2023-04-20,,2024-01-15,3,12.5,0,0,,0,US,Telecommunications,,false,
1729-VLAZJ,Telco-1729-VLAZJ,,,growth,40.25,12,2023-03-21,2024-03-15,2024-01-15,8,37.5,0,0,,0,US,Telecommunications,,false,
8285-ABVLB,Telco-8285-ABVLB,,,enterprise,19.85,24,2018-04-16,2024-03-15,2024-01-15,3,12.5,0,5,,0,US,Telecommunications,,false,
0701-TJSEF,Telco-0701-TJSEF,,,starter,68.25,,2023-04-20,,2024-01-15,8,62.5,0,0,,0,US,Telecommunications,,false,
5712-VBOXD,Telco-5712-VBOXD,,,starter,20.15,,2023-09-17,,2024-01-15,3,12.5,0,0,,0,US,Telecommunications,,false,
6629-LADHQ,Telco-6629-LADHQ,,,starter,50.95,,2023-11-16,,2024-01-15,8,25.0,0,0,,0,US,Telecommunications,,false,
8945-GRKHX,Telco-8945-GRKHX,,,starter,78.65,,2023-12-16,,2023-12-16,4,25.0,0,0,,2,US,Telecommunications,,true,2024-01-15
1559-DTODC,Telco-1559-DTODC,,,starter,25.15,,2022-06-24,,2024-01-15,8,0.0,0,1,,0,US,Telecommunications,,false,
4797-MIWUM,Telco-4797-MIWUM,,,starter,20.25,,2023-06-19,,2024-01-15,3,12.5,0,0,,0,US,Telecommunications,,false,
6959-UWKHF,Telco-6959-UWKHF,,,starter,42.9,,2023-12-16,,2023-12-16,2,12.5,0,0,,2,US,Telecommunications,,true,2024-01-15
8720-RQSBJ,Telco-8720-RQSBJ,,,starter,44.0,,2023-12-16,,2024-01-15,8,12.5,0,0,,1,US,Telecommunications,,false,
4537-CIBHB,Telco-4537-CIBHB,,,growth,20.25,12,2023-04-20,2024-04-14,2024-01-15,3,12.5,0,0,,0,US,Telecommunications,,false,
3815-SLMEF,Telco-3815-SLMEF,,,starter,34.25,,2023-10-17,,2023-12-16,2,25.0,0,0,,1,US,Telecommunications,,true,2024-01-15
5154-VEKBL,Telco-5154-VEKBL,,,starter,58.5,,2023-04-20,,2023-12-16,2,62.5,0,0,,1,US,Telecommunications,,true,2024-01-15
4324-AHJKS,Telco-4324-AHJKS,,,starter,55.8,,2023-08-18,,2024-01-15,8,37.5,0,0,,0,US,Telecommunications,,false,
4355-CVPVS,Telco-4355-CVPVS,,,growth,88.9,12,2019-06-10,2024-05-14,2024-01-15,15,37.5,0,4,,0,US,Telecommunications,,false,
4495-LHSSK,Telco-4495-LHSSK,,,starter,57.65,,2022-07-24,,2024-01-15,8,37.5,0,1,,0,US,Telecommunications,,false,
5655-JSMZM,Telco-5655-JSMZM,,,starter,96.2,,2020-01-06,,2023-12-16,4,50.0,0,4,,2,US,Telecommunications,,true,2024-01-15
5915-ANOEI,Telco-5915-ANOEI,,,enterprise,79.15,24,2018-04-16,2024-03-15,2024-01-15,8,87.5,0,2,,0,US,Telecommunications,,false,
9861-PDSZP,Telco-9861-PDSZP,,,enterprise,108.05,24,2018-02-15,2026-01-04,2024-01-15,15,87.5,0,3,,0,US,Telecommunications,,false,
4505-EXZHB,Telco-4505-EXZHB,,,starter,74.4,,2023-07-19,,2023-12-16,4,25.0,0,0,,2,US,Telecommunications,,true,2024-01-15
7225-CBZPL,Telco-7225-CBZPL,,,starter,94.8,,2022-08-23,,2024-01-15,15,50.0,0,1,,1,US,Telecommunications,,false,
6704-UTUKK,Telco-6704-UTUKK,,,starter,45.9,,2021-08-28,,2024-01-15,8,25.0,0,2,,1,US,Telecommunications,,false,
4587-VVTOX,Telco-4587-VVTOX,,,starter,105.3,,2023-07-19,,2023-12-16,4,75.0,0,0,,2,US,Telecommunications,,true,2024-01-15
2019-HDCZY,Telco-2019-HDCZY,,,enterprise,102.6,24,2018-11-12,2024-10-11,2024-01-15,15,62.5,0,5,,1,US,Telecommunications,,false,
4652-NNHNY,Telco-4652-NNHNY,,,starter,73.85,,2022-09-22,,2023-12-16,4,25.0,0,1,,0,US,Telecommunications,,true,2024-01-15
8788-DOXSU,Telco-8788-DOXSU,,,growth,61.35,12,2019-03-12,2024-02-14,2024-01-15,8,37.5,0,4,,0,US,Telecommunications,,false,
7404-JLKQG,Telco-7404-JLKQG,,,starter,57.55,,2023-10-17,,2024-01-15,8,37.5,0,0,,1,US,Telecommunications,,false,
7421-ZLUPA,Telco-7421-ZLUPA,,,starter,29.25,,2023-05-20,,2024-01-15,8,12.5,0,0,,0,US,Telecommunications,,false,
8972-HJWNV,Telco-8972-HJWNV,,,starter,84.55,,2023-06-19,,2023-12-16,4,37.5,0,0,,2,US,Telecommunications,,true,2024-01-15
3274-NSDWE,Telco-3274-NSDWE,,,enterprise,19.6,24,2018-06-15,2024-05-14,2024-01-15,3,12.5,0,5,,0,US,Telecommunications,,false,
2632-IVXVF,Telco-2632-IVXVF,,,enterprise,111.75,24,2018-06-15,2024-05-14,2024-01-15,15,87.5,0,2,,0,US,Telecommunications,,false,
3692-JHONH,Telco-3692-JHONH,,,growth,106.5,12,2019-10-08,2024-09-11,2024-01-15,15,75.0,0,4,,1,US,Telecommunications,,false,
8915-NNTRC,Telco-8915-NNTRC,,,enterprise,107.7,24,2018-02-15,2026-01-04,2024-01-15,15,87.5,0,3,,0,US,Telecommunications,,false,
5914-GXMDA,Telco-5914-GXMDA,,,growth,19.3,12,2021-05-30,2024-05-14,2024-01-15,3,12.5,0,2,,0,US,Telecommunications,,false,
7463-IFMQU,Telco-7463-IFMQU,,,enterprise,20.05,24,2018-02-15,2026-01-04,2024-01-15,3,12.5,0,6,,0,US,Telecommunications,,false,
2920-RNCEZ,Telco-2920-RNCEZ,,,starter,69.95,,2023-12-16,,2024-01-15,15,12.5,0,0,,0,US,Telecommunications,,false,
2541-YGPKE,Telco-2541-YGPKE,,,growth,63.7,12,2020-08-03,2024-07-13,2024-01-15,8,50.0,0,1,,0,US,Telecommunications,,false,
8515-OCTJS,Telco-8515-OCTJS,,,enterprise,24.75,24,2021-12-26,2023-12-16,2023-12-16,1,25.0,0,2,,0,US,Telecommunications,,true,2024-01-15
5382-TEMLV,Telco-5382-TEMLV,,,starter,50.9,,2020-05-05,,2024-01-15,8,25.0,0,3,,0,US,Telecommunications,,false,
3441-CGZJH,Telco-3441-CGZJH,,,growth,60.4,12,2020-07-04,2024-06-13,2024-01-15,8,62.5,0,1,,0,US,Telecommunications,,false,
9592-ERDKV,Telco-9592-ERDKV,,,growth,79.25,12,2020-12-31,2024-12-10,2024-01-15,8,75.0,0,3,,0,US,Telecommunications,,false,
2860-RANUS,Telco-2860-RANUS,,,starter,85.8,,2022-05-25,,2023-12-16,4,37.5,0,1,,0,US,Telecommunications,,true,2024-01-15
5261-QSHQM,Telco-5261-QSHQM,,,starter,24.45,,2023-09-17,,2023-12-16,2,0.0,0,0,,2,US,Telecommunications,,true,2024-01-15
4778-IZARL,Telco-4778-IZARL,,,enterprise,110.1,24,2018-11-12,2024-10-11,2024-01-15,15,87.5,0,2,,0,US,Telecommunications,,false,
0432-CAJZV,Telco-0432-CAJZV,,,starter,90.7,,2023-10-17,,2024-01-15,15,37.5,0,0,,0,US,Telecommunications,,false,
7008-LZVOZ,Telco-7008-LZVOZ,,,enterprise,25.3,24,2018-08-14,2024-07-13,2024-01-15,3,25.0,0,5,,0,US,Telecommunications,,false,
8868-WOZGU,Telco-8868-WOZGU,,,starter,105.7,,2021-09-27,,2023-12-16,4,75.0,0,2,,2,US,Telecommunications,,true,2024-01-15
1200-TUZHR,Telco-1200-TUZHR,,,starter,85.2,,2023-05-20,,2024-01-15,15,37.5,0,0,,1,US,Telecommunications,,false,
9365-CSLBQ,Telco-9365-CSLBQ,,,enterprise,24.35,24,2018-03-17,2024-02-14,2024-01-15,3,25.0,0,5,,0,US,Telecommunications,,false,
1334-FJSVR,Telco-1334-FJSVR,,,starter,24.25,,2023-12-16,,2023-12-16,2,0.0,0,0,,2,US,Telecommunications,,true,2024-01-15
5884-FBCTL,Telco-5884-FBCTL,,,enterprise,25.1,24,2018-02-15,2026-01-04,2024-01-15,3,25.0,0,6,,0,US,Telecommunications,,false,
7130-CTCUS,Telco-7130-CTCUS,,,starter,54.55,,2022-09-22,,2024-01-15,8,37.5,0,1,,0,US,Telecommunications,,false,
6242-FEGFD,Telco-6242-FEGFD,,,enterprise,96.6,24,2018-08-14,2024-07-13,2024-01-15,15,75.0,0,2,,0,US,Telecommunications,,false,
7625-XCQRH,Telco-7625-XCQRH,,,starter,76.5,,2023-02-19,,2023-12-16,4,25.0,0,0,,2,US,Telecommunications,,true,2024-01-15
6194-HBGQN,Telco-6194-HBGQN,,,growth,81.15,12,2019-11-07,2024-10-11,2024-01-15,8,87.5,0,2,,0,US,Telecommunications,,false,
7634-WSWDB,Telco-7634-WSWDB,,,starter,38.5,,2023-05-20,,2024-01-15,8,25.0,0,0,,1,US,Telecommunications,,false,
6986-IXNDM,Telco-6986-IXNDM,,,starter,92.9,,2022-11-21,,2024-01-15,15,37.5,0,1,,1,US,Telecommunications,,false,
1731-TVIUK,Telco-1731-TVIUK,,,starter,93.5,,2023-09-17,,2023-12-16,4,62.5,0,0,,2,US,Telecommunications,,true,2024-01-15
2987-BJXIK,Telco-2987-BJXIK,,,enterprise,84.7,24,2018-04-16,2024-03-15,2024-01-15,8,87.5,0,5,,0,US,Telecommunications,,false,
9769-TSBZE,Telco-9769-TSBZE,,,enterprise,66.0,24,2018-04-16,2024-03-15,2024-01-15,8,62.5,0,2,,1,US,Telecommunications,,false,
0406-BPDVR,Telco-0406-BPDVR,,,growth,101.5,12,2019-08-09,2020-08-03,2023-12-16,4,62.5,0,4,,0,US,Telecommunications,,true,2024-01-15
0618-XWMSS,Telco-0618-XWMSS,,,starter,74.9,,2021-09-27,,2023-12-16,4,25.0,0,2,,0,US,Telecommunications,,true,2024-01-15
1395-WSWXR,Telco-1395-WSWXR,,,enterprise,20.75,24,2022-01-25,2026-01-04,2024-01-15,3,12.5,0,2,,0,US,Telecommunications,,false,
6023-GSSXW,Telco-6023-GSSXW,,,enterprise,61.45,24,2018-05-16,2024-04-14,2024-01-15,8,37.5,0,5,,0,US,Telecommunications,,false,
6752-APNJL,Telco-6752-APNJL,,,starter,54.5,,2020-08-03,,2024-01-15,8,37.5,0,3,,0,US,Telecommunications,,false,
5276-KQWHG,Telco-5276-KQWHG,,,starter,69.6,,2023-11-16,,2023-12-16,4,12.5,0,0,,2,US,Telecommunications,,true,2024-01-15
0420-HLGXF,Telco-0420-HLGXF,,,starter,99.75,,2020-11-01,,2024-01-15,15,62.5,0,3,,1,US,Telecommunications,,false,
7446-KQISO,Telco-7446-KQISO,,,enterprise,109.75,24,2020-05-05,2024-04-14,2024-01-15,15,87.5,0,1,,0,US,Telecommunications,,false,
9823-EALYC,Telco-9823-EALYC,,,enterprise,80.85,24,2018-02-15,2026-01-04,2024-01-15,8,87.5,0,3,,0,US,Telecommunications,,false,
0582-AVCLN,Telco-0582-AVCLN,,,enterprise,20.3,24,2020-12-01,2024-11-10,2024-01-15,3,12.5,0,3,,0,US,Telecommunications,,false,
5803-NQJZO,Telco-5803-NQJZO,,,enterprise,67.8,24,2018-02-15,2026-01-04,2024-01-15,8,75.0,0,3,,0,US,Telecommunications,,false,
2565-JSLRY,Telco-2565-JSLRY,,,starter,24.05,,2023-12-16,,2023-12-16,1,25.0,0,0,,1,US,Telecommunications,,true,2024-01-15
2607-DHDAK,Telco-2607-DHDAK,,,enterprise,19.8,24,2018-02-15,2026-01-04,2024-01-15,3,12.5,0,6,,0,US,Telecommunications,,false,
1073-XXCZD,Telco-1073-XXCZD,,,enterprise,25.7,24,2019-07-10,2025-06-08,2024-01-15,3,25.0,0,4,,0,US,Telecommunications,,false,
0743-HRVFF,Telco-0743-HRVFF,,,growth,56.15,12,2019-11-07,2024-10-11,2024-01-15,8,50.0,0,2,,1,US,Telecommunications,,false,
4006-HKYHO,Telco-4006-HKYHO,,,enterprise,86.7,24,2018-11-12,2024-10-11,2024-01-15,8,87.5,0,2,,0,US,Telecommunications,,false,
3727-JEZTU,Telco-3727-JEZTU,,,starter,20.4,,2023-12-16,,2024-01-15,3,12.5,0,0,,0,US,Telecommunications,,false,
8143-ETQTI,Telco-8143-ETQTI,,,enterprise,19.65,24,2022-02-24,2024-02-14,2024-01-15,3,12.5,0,1,,0,US,Telecommunications,,false,
6689-KXGBO,Telco-6689-KXGBO,,,starter,50.55,,2023-12-16,,2023-12-16,2,25.0,0,0,,2,US,Telecommunications,,true,2024-01-15
9667-TKTVZ,Telco-9667-TKTVZ,,,starter,54.35,,2023-11-16,,2024-01-15,8,37.5,0,0,,0,US,Telecommunications,,false,
3657-COGMW,Telco-3657-COGMW,,,starter,108.1,,2019-10-08,,2024-01-15,15,87.5,0,4,,0,US,Telecommunications,,false,
8570-KLJYJ,Telco-8570-KLJYJ,,,growth,54.45,12,2021-01-30,2025-01-09,2024-01-15,8,37.5,0,3,,0,US,Telecommunications,,false,
7754-IXRMC,Telco-7754-IXRMC,,,starter,45.35,,2023-12-16,,2024-01-15,8,12.5,0,0,,0,US,Telecommunications,,false,
9473-CBZOP,Telco-9473-CBZOP,,,growth,59.0,12,2021-09-27,2024-09-11,2024-01-15,8,50.0,0,2,,0,US,Telecommunications,,false,
2969-WGHQO,Telco-2969-WGHQO,,,growth,69.45,12,2023-06-19,2024-06-13,2024-01-15,8,62.5,0,0,,1,US,Telecommunications,,false,
6615-NGGZJ,Telco-6615-NGGZJ,,,starter,100.55,,2022-11-21,,2023-12-16,4,62.5,0,1,,2,US,Telecommunications,,true,2024-01-15
4334-HOWRP,Telco-4334-HOWRP,,,enterprise,64.95,24,2018-02-15,2026-01-04,2024-01-15,8,75.0,0,3,,0,US,Telecommunications,,false,
4255-DDUOU,Telco-4255-DDUOU,,,starter,20.5,,2023-12-16,,2023-12-16,1,12.5,0,0,,1,US,Telecommunications,,true,2024-01-15
5863-OOKCL,Telco-5863-OOKCL,,,starter,18.85,,2023-03-21,,2024-01-15,3,12.5,0,0,,0,US,Telecommunications,,false,
1686-STUHN,Telco-1686-STUHN,,,growth,19.8,12,2020-08-03,2024-07-13,2024-01-15,3,12.5,0,3,,0,US,Telecommunications,,false,
1329-VHWNP,Telco-1329-VHWNP,,,starter,25.05,,2023-06-19,,2024-01-15,8,0.0,0,0,,0,US,Telecommunications,,false,
2984-MIIZL,Telco-2984-MIIZL,,,starter,74.8,,2023-09-17,,2023-12-16,4,25.0,0,0,,0,US,Telecommunications,,true,2024-01-15
0266-GMEAO,Telco-0266-GMEAO,,,enterprise,114.3,24,2018-02-15,2026-01-04,2024-01-15,15,100.0,0,3,,0,US,Telecommunications,,false,
5590-YRFJT,Telco-5590-YRFJT,,,starter,24.45,,2022-05-25,,2023-12-16,2,0.0,0,1,,2,US,Telecommunications,,true,2024-01-15
5574-NXZIU,Telco-5574-NXZIU,,,enterprise,109.2,24,2018-11-12,2024-10-11,2024-01-15,15,87.5,0,2,,0,US,Telecommunications,,false,
0019-GFNTW,Telco-0019-GFNTW,,,enterprise,45.05,24,2019-06-10,2025-05-09,2024-01-15,8,50.0,0,2,,0,US,Telecommunications,,false,
4256-ZWTZI,Telco-4256-ZWTZI,,,starter,51.0,,2023-08-18,,2024-01-15,8,25.0,0,0,,0,US,Telecommunications,,false,
8309-PPCED,Telco-8309-PPCED,,,enterprise,110.45,24,2018-02-15,2026-01-04,2024-01-15,15,87.5,0,3,,0,US,Telecommunications,,false,
4098-NAUKP,Telco-4098-NAUKP,,,starter,84.65,,2018-06-15,,2024-01-15,15,50.0,0,5,,1,US,Telecommunications,,false,
5196-WPYOW,Telco-5196-WPYOW,,,growth,60.05,12,2018-07-15,2024-06-13,2024-01-15,8,50.0,0,2,,0,US,Telecommunications,,false,
4608-LCIMN,Telco-4608-LCIMN,,,starter,44.65,,2023-05-20,,2024-01-15,8,12.5,0,0,,0,US,Telecommunications,,false,
1485-YDHMM,Telco-1485-YDHMM,,,starter,93.25,,2019-10-08,,2024-01-15,15,62.5,0,2,,0,US,Telecommunications,,false,
4054-CUMIA,Telco-4054-CUMIA,,,starter,20.25,,2022-07-24,,2024-01-15,3,12.5,0,1,,0,US,Telecommunications,,false,
0603-TPMIB,Telco-0603-TPMIB,,,enterprise,25.45,24,2019-03-12,2025-02-08,2024-01-15,3,25.0,0,4,,0,US,Telecommunications,,false,
2525-GVKQU,Telco-2525-GVKQU,,,enterprise,20.6,24,2019-02-10,2025-01-09,2024-01-15,3,12.5,0,5,,0,US,Telecommunications,,false,
8161-QYMTT,Telco-8161-QYMTT,,,starter,94.1,,2023-06-19,,2024-01-15,15,50.0,0,0,,1,US,Telecommunications,,false,
9581-GVBXT,Telco-9581-GVBXT,,,growth,34.8,12,2019-03-12,2024-02-14,2024-01-15,8,25.0,0,4,,0,US,Telecommunications,,false,
5862-BRIXZ,Telco-5862-BRIXZ,,,enterprise,60.75,24,2020-04-05,2024-03-15,2024-01-15,8,62.5,0,1,,0,US,Telecommunications,,false,
5404-GGUKR,Telco-5404-GGUKR,,,starter,51.35,,2023-08-18,,2024-01-15,8,25.0,0,0,,1,US,Telecommunications,,false,
3308-JSGML,Telco-3308-JSGML,,,enterprise,64.05,24,2019-03-12,2025-02-08,2024-01-15,8,62.5,0,2,,0,US,Telecommunications,,false,
2126-GSEGL,Telco-2126-GSEGL,,,enterprise,84.8,24,2018-04-16,2024-03-15,2024-01-15,8,87.5,0,2,,0,US,Telecommunications,,false,
3677-TNKIO,Telco-3677-TNKIO,,,starter,71.0,,2022-11-21,,2023-12-16,4,12.5,0,1,,0,US,Telecommunications,,true,2024-01-15
0440-QEXBZ,Telco-0440-QEXBZ,,,starter,50.15,,2020-06-04,,2024-01-15,8,25.0,0,3,,0,US,Telecommunications,,false,
2434-EEVDB,Telco-2434-EEVDB,,,enterprise,94.6,24,2018-10-13,2024-09-11,2024-01-15,15,62.5,0,5,,0,US,Telecommunications,,false,
6762-QVYJO,Telco-6762-QVYJO,,,enterprise,59.75,24,2019-04-11,2025-03-10,2024-01-15,8,62.5,0,2,,0,US,Telecommunications,,false,
6199-IWKGC,Telco-6199-IWKGC,,,growth,100.25,12,2020-04-05,2024-03-15,2024-01-15,15,62.5,0,1,,1,US,Telecommunications,,false,
2675-DHUTR,Telco-2675-DHUTR,,,starter,98.9,,2019-04-11,,2024-01-15,15,62.5,0,4,,1,US,Telecommunications,,false,
8152-VETUR,Telco-8152-VETUR,,,enterprise,97.7,24,2018-02-15,2026-01-04,2024-01-15,15,62.5,0,6,,0,US,Telecommunications,,false,
9667-EQRXU,Telco-9667-EQRXU,,,starter,40.3,,2021-07-29,,2023-12-16,2,25.0,0,2,,2,US,Telecommunications,,true,2024-01-15
7446-YPODE,Telco-7446-YPODE,,,starter,60.25,,2023-02-19,,2024-01-15,8,50.0,0,0,,0,US,Telecommunications,,false,
9522-BNTHX,Telco-9522-BNTHX,,,starter,56.25,,2021-03-31,,2024-01-15,8,50.0,0,2,,1,US,Telecommunications,,false,
4676-WLUHT,Telco-4676-WLUHT,,,enterprise,46.2,24,2019-08-09,2025-07-08,2024-01-15,8,37.5,0,4,,0,US,Telecommunications,,false,
3329-WDIOK,Telco-3329-WDIOK,,,starter,50.6,,2023-10-17,,2023-12-16,2,37.5,0,0,,2,US,Telecommunications,,true,2024-01-15
7980-MHFLQ,Telco-7980-MHFLQ,,,enterprise,24.9,24,2018-02-15,2026-01-04,2024-01-15,3,25.0,0,6,,0,US,Telecommunications,,false,
2873-ZLIWT,Telco-2873-ZLIWT,,,starter,84.85,,2020-10-02,,2023-12-16,4,50.0,0,1,,2,US,Telecommunications,,true,2024-01-15
3415-TAILE,Telco-3415-TAILE,,,starter,65.7,,2023-11-16,,2023-12-16,2,37.5,0,0,,1,US,Telecommunications,,true,2024-01-15
0757-WCUUZ,Telco-0757-WCUUZ,,,enterprise,63.35,24,2019-08-09,2025-07-08,2024-01-15,8,50.0,0,4,,0,US,Telecommunications,,false,
1629-DQQVB,Telco-1629-DQQVB,,,starter,50.1,,2022-11-21,,2024-01-15,8,25.0,0,1,,0,US,Telecommunications,,false,
1915-IOFGU,Telco-1915-IOFGU,,,starter,70.5,,2023-12-16,,2023-12-16,4,12.5,0,0,,2,US,Telecommunications,,true,2024-01-15
3045-XETSH,Telco-3045-XETSH,,,starter,94.85,,2023-03-21,,2023-12-16,4,62.5,0,0,,2,US,Telecommunications,,true,2024-01-15
0374-AACSZ,Telco-0374-AACSZ,,,starter,50.15,,2023-12-16,,2024-01-15,8,25.0,0,0,,1,US,Telecommunications,,false,
7239-HZZCX,Telco-7239-HZZCX,,,starter,19.75,,2023-12-16,,2023-12-16,1,12.5,0,0,,1,US,Telecommunications,,true,2024-01-15
4872-VXRIL,Telco-4872-VXRIL,,,growth,64.65,12,2019-06-10,2024-05-14,2024-01-15,8,62.5,0,2,,0,US,Telecommunications,,false,
9140-CZQZZ,Telco-9140-CZQZZ,,,enterprise,79.6,24,2018-06-15,2024-05-14,2024-01-15,8,75.0,0,2,,0,US,Telecommunications,,false,
3423-HHXAO,Telco-3423-HHXAO,,,growth,19.5,12,2022-11-21,2024-11-10,2024-01-15,3,12.5,0,1,,0,US,Telecommunications,,false,
9938-TKDGL,Telco-9938-TKDGL,,,enterprise,99.55,24,2018-06-15,2024-05-14,2024-01-15,15,62.5,0,2,,1,US,Telecommunications,,false,
0531-ZZJWQ,Telco-0531-ZZJWQ,,,starter,74.0,,2019-07-10,,2024-01-15,15,25.0,0,4,,1,US,Telecommunications,,false,
6537-QLGEX,Telco-6537-QLGEX,,,starter,38.9,,2022-09-22,,2024-01-15,8,25.0,0,1,,1,US,Telecommunications,,false,
2688-BHGOG,Telco-2688-BHGOG,,,starter,79.55,,2023-04-20,,2024-01-15,15,25.0,0,0,,1,US,Telecommunications,,false,
7683-CBDKJ,Telco-7683-CBDKJ,,,starter,65.45,,2022-11-21,,2023-12-16,2,50.0,0,1,,2,US,Telecommunications,,true,2024-01-15
0946-CLJTI,Telco-0946-CLJTI,,,starter,98.7,,2019-04-11,,2023-12-16,4,62.5,0,4,,2,US,Telecommunications,,true,2024-01-15
3160-TYXLT,Telco-3160-TYXLT,,,starter,46.3,,2019-09-08,,2024-01-15,8,37.5,0,4,,0,US,Telecommunications,,false,
1325-USMEC,Telco-1325-USMEC,,,enterprise,99.35,24,2018-04-16,2024-03-15,2024-01-15,15,75.0,0,5,,0,US,Telecommunications,,false,
0916-QOFDP,Telco-0916-QOFDP,,,starter,95.8,,2022-11-21,,2024-01-15,15,50.0,0,1,,1,US,Telecommunications,,false,
0628-CNQRM,Telco-0628-CNQRM,,,growth,67.5,12,2022-03-26,2023-03-21,2023-12-16,2,62.5,0,0,,0,US,Telecommunications,,true,2024-01-15
5606-AMZBO,Telco-5606-AMZBO,,,starter,78.15,,2023-03-21,,2024-01-15,15,37.5,0,0,,0,US,Telecommunications,,false,
6199-IPCAO,Telco-6199-IPCAO,,,enterprise,26.1,24,2021-08-28,2025-08-07,2024-01-15,3,25.0,0,2,,0,US,Telecommunications,,false,
7665-TOALD,Telco-7665-TOALD,,,starter,69.6,,2023-12-16,,2023-12-16,4,12.5,0,0,,2,US,Telecommunications,,true,2024-01-15
0112-QWPNC,Telco-0112-QWPNC,,,growth,84.35,12,2020-01-06,2020-12-31,2023-12-16,2,87.5,0,2,,2,US,Telecommunications,,true,2024-01-15
0324-BRPCJ,Telco-0324-BRPCJ,,,starter,100.2,,2018-06-15,,2023-12-16,4,62.5,0,5,,2,US,Telecommunications,,true,2024-01-15
2777-PHDEI,Telco-2777-PHDEI,,,starter,78.05,,2023-12-16,,2023-12-16,4,25.0,0,0,,2,US,Telecommunications,,true,2024-01-15
5640-CAXOA,Telco-5640-CAXOA,,,growth,40.35,12,2021-07-29,2024-07-13,2024-01-15,8,25.0,0,1,,0,US,Telecommunications,,false,
2235-EZAIK,Telco-2235-EZAIK,,,enterprise,79.2,24,2018-02-15,2026-01-04,2024-01-15,8,87.5,0,3,,0,US,Telecommunications,,false,
3847-BAERP,Telco-3847-BAERP,,,starter,20.9,,2023-03-21,,2024-01-15,3,12.5,0,0,,0,US,Telecommunications,,false,
1196-AMORA,Telco-1196-AMORA,,,starter,73.6,,2023-06-19,,2023-12-16,4,25.0,0,0,,2,US,Telecommunications,,true,2024-01-15
4282-YMKNA,Telco-4282-YMKNA,,,starter,74.75,,2023-04-20,,2023-12-16,4,25.0,0,0,,2,US,Telecommunications,,true,2024-01-15
1453-RZFON,Telco-1453-RZFON,,,starter,49.9,,2023-12-16,,2024-01-15,8,25.0,0,0,,0,US,Telecommunications,,false,
8263-OKETD,Telco-8263-OKETD,,,starter,68.9,,2022-05-25,,2024-01-15,8,62.5,0,0,,0,US,Telecommunications,,false,
0670-KDOMA,Telco-0670-KDOMA,,,starter,20.25,,2023-12-16,,2024-01-15,3,12.5,0,0,,0,US,Telecommunications,,false,
2476-YGEFM,Telco-2476-YGEFM,,,starter,76.0,,2021-08-28,,2024-01-15,15,25.0,0,2,,0,US,Telecommunications,,false,
8687-BAFGU,Telco-8687-BAFGU,,,starter,74.0,,2023-12-16,,2024-01-15,15,25.0,0,0,,1,US,Telecommunications,,false,
0641-EVBOJ,Telco-0641-EVBOJ,,,starter,82.3,,2023-10-17,,2024-01-15,15,37.5,0,0,,0,US,Telecommunications,,false,
0829-XXPLX,Telco-0829-XXPLX,,,starter,89.4,,2022-05-25,,2024-01-15,15,50.0,0,1,,0,US,Telecommunications,,false,
9974-JFBHQ,Telco-9974-JFBHQ,,,starter,99.15,,2018-10-13,,2024-01-15,15,62.5,0,2,,0,US,Telecommunications,,false,
5356-RHIPP,Telco-5356-RHIPP,,,starter,20.2,,2023-12-16,,2023-12-16,1,12.5,0,0,,1,US,Telecommunications,,true,2024-01-15
6624-JDRDS,Telco-6624-JDRDS,,,starter,29.45,,2023-07-19,,2024-01-15,8,12.5,0,0,,0,US,Telecommunications,,false,
0608-JDVEC,Telco-0608-JDVEC,,,enterprise,19.8,24,2019-12-07,2025-11-05,2024-01-15,3,12.5,0,4,,1,US,Telecommunications,,false,
9780-FKVVF,Telco-9780-FKVVF,,,starter,59.15,,2023-07-19,,2024-01-15,8,37.5,0,0,,0,US,Telecommunications,,false,
1919-RTPQD,Telco-1919-RTPQD,,,starter,44.75,,2023-06-19,,2024-01-15,8,12.5,0,0,,1,US,Telecommunications,,false,
5214-NLTIT,Telco-5214-NLTIT,,,enterprise,90.8,24,2018-02-15,2026-01-04,2024-01-15,15,50.0,0,6,,0,US,Telecommunications,,false,
3345-PBBFH,Telco-3345-PBBFH,,,starter,49.55,,2023-05-20,,2024-01-15,8,25.0,0,0,,0,US,Telecommunications,,false,
5055-BRMNE,Telco-5055-BRMNE,,,enterprise,106.7,24,2018-07-15,2024-06-13,2024-01-15,15,75.0,0,2,,0,US,Telecommunications,,false,
9189-JWSHV,Telco-9189-JWSHV,,,starter,93.55,,2022-01-25,,2023-12-16,4,50.0,0,2,,2,US,Telecommunications,,true,2024-01-15
2190-PHBHR,Telco-2190-PHBHR,,,enterprise,94.45,24,2018-02-15,2026-01-04,2024-01-15,15,62.5,0,6,,0,US,Telecommunications,,false,
2650-GYRYL,Telco-2650-GYRYL,,,growth,19.45,12,2021-04-30,2024-04-14,2024-01-15,3,12.5,0,2,,0,US,Telecommunications,,false,
0746-JTRFU,Telco-0746-JTRFU,,,starter,25.05,,2023-11-16,,2023-12-16,2,0.0,0,0,,2,US,Telecommunications,,true,2024-01-15
5208-FVQKB,Telco-5208-FVQKB,,,enterprise,67.95,24,2018-04-16,2024-03-15,2024-01-15,8,62.5,0,2,,0,US,Telecommunications,,false,
7184-LRUUR,Telco-7184-LRUUR,,,growth,65.25,12,2022-03-26,2024-03-15,2024-01-15,8,50.0,0,1,,0,US,Telecommunications,,false,
6627-CFOSN,Telco-6627-CFOSN,,,starter,99.45,,2019-03-12,,2024-01-15,15,75.0,0,4,,0,US,Telecommunications,,false,
3982-JGSFD,Telco-3982-JGSFD,,,growth,20.35,12,2021-01-30,2025-01-09,2024-01-15,3,12.5,0,3,,0,US,Telecommunications,,false,
1574-DYCWE,Telco-1574-DYCWE,,,enterprise,19.95,24,2019-11-07,2025-10-06,2024-01-15,3,12.5,0,4,,0,US,Telecommunications,,false,
7247-XOZPB,Telco-7247-XOZPB,,,growth,77.4,12,2019-09-08,2024-08-12,2024-01-15,8,75.0,0,2,,0,US,Telecommunications,,false,
2466-FCCPT,Telco-2466-FCCPT,,,growth,19.7,12,2022-05-25,2024-05-14,2024-01-15,3,12.5,0,1,,0,US,Telecommunications,,false,
6211-WWLTF,Telco-6211-WWLTF,,,enterprise,99.7,24,2018-11-12,2024-10-11,2024-01-15,15,62.5,0,5,,0,US,Telecommunications,,false,
4826-TZEVA,Telco-4826-TZEVA,,,starter,74.8,,2020-10-02,,2024-01-15,15,25.0,0,3,,0,US,Telecommunications,,false,
6016-NXBNJ,Telco-6016-NXBNJ,,,growth,19.15,12,2021-03-01,2024-02-14,2024-01-15,3,12.5,0,2,,0,US,Telecommunications,,false,
9138-EFSMO,Telco-9138-EFSMO,,,growth,78.95,12,2021-11-26,2024-11-10,2024-01-15,15,25.0,0,2,,0,US,Telecommunications,,false,
0576-WNXXC,Telco-0576-WNXXC,,,starter,95.55,,2021-10-27,,2023-12-16,4,62.5,0,2,,2,US,Telecommunications,,true,2024-01-15
4632-XJMEX,Telco-4632-XJMEX,,,growth,62.85,12,2019-09-08,2024-08-12,2024-01-15,8,50.0,0,2,,0,US,Telecommunications,,false,
8910-LEDAG,Telco-8910-LEDAG,,,starter,71.55,,2021-03-31,,2024-01-15,15,12.5,0,2,,0,US,Telecommunications,,false,
3452-GWUIN,Telco-3452-GWUIN,,,starter,94.95,,2022-06-24,,2024-01-15,15,50.0,0,1,,1,US,Telecommunications,,false,
2716-GFZOR,Telco-2716-GFZOR,,,starter,86.1,,2020-07-04,,2024-01-15,15,50.0,0,3,,0,US,Telecommunications,,false,
3724-UCSHY,Telco-3724-UCSHY,,,starter,19.55,,2023-07-19,,2024-01-15,3,12.5,0,0,,0,US,Telecommunications,,false,
8626-XHBIE,Telco-8626-XHBIE,,,enterprise,24.8,24,2019-06-10,2025-05-09,2024-01-15,3,25.0,0,4,,0,US,Telecommunications,,false,
4628-CTTLA,Telco-4628-CTTLA,,,starter,39.3,,2019-05-11,,2023-12-16,2,25.0,0,4,,2,US,Telecommunications,,true,2024-01-15
3192-LNKRK,Telco-3192-LNKRK,,,starter,84.05,,2021-03-31,,2024-01-15,15,37.5,0,2,,0,US,Telecommunications,,false,
4439-YRNVD,Telco-4439-YRNVD,,,starter,36.25,,2023-03-21,,2024-01-15,8,25.0,0,0,,1,US,Telecommunications,,false,
2876-VBBBL,Telco-2876-VBBBL,,,starter,20.25,,2023-12-16,,2023-12-16,1,12.5,0,0,,1,US,Telecommunications,,true,2024-01-15
6834-NXDCA,Telco-6834-NXDCA,,,starter,23.9,,2022-12-21,,2023-12-16,2,0.0,0,1,,2,US,Telecommunications,,true,2024-01-15
2208-UGTGR,Telco-2208-UGTGR,,,starter,98.6,,2019-06-10,,2024-01-15,15,62.5,0,4,,1,US,Telecommunications,,false,
3005-TYFRD,Telco-3005-TYFRD,,,starter,103.65,,2019-07-10,,2024-01-15,15,75.0,0,4,,0,US,Telecommunications,,false,
8670-MEFCP,Telco-8670-MEFCP,,,enterprise,92.9,24,2021-01-30,2025-01-09,2024-01-15,8,100.0,0,1,,0,US,Telecommunications,,false,
3079-BCHLN,Telco-3079-BCHLN,,,growth,19.9,12,2020-03-06,2024-02-14,2024-01-15,3,12.5,0,3,,0,US,Telecommunications,,false,
7777-UNYHB,Telco-7777-UNYHB,,,starter,20.1,,2023-01-20,,2024-01-15,3,12.5,0,1,,0,US,Telecommunications,,false,
5597-GLBUC,Telco-5597-GLBUC,,,starter,85.45,,2023-12-16,,2023-12-16,4,37.5,0,0,,2,US,Telecommunications,,true,2024-01-15
7278-CKDNC,Telco-7278-CKDNC,,,starter,80.5,,2022-01-25,,2024-01-15,15,37.5,0,2,,1,US,Telecommunications,,false,
2748-MYRVK,Telco-2748-MYRVK,,,growth,99.9,12,2018-11-12,2019-11-07,2023-12-16,4,62.5,0,5,,0,US,Telecommunications,,true,2024-01-15
8450-UYIBU,Telco-8450-UYIBU,,,starter,39.85,,2021-03-01,,2024-01-15,8,25.0,0,2,,1,US,Telecommunications,,false,
2969-VAPYH,Telco-2969-VAPYH,,,growth,60.5,12,2018-07-15,2024-06-13,2024-01-15,8,50.0,0,2,,0,US,Telecommunications,,false,
4822-YCXMX,Telco-4822-YCXMX,,,starter,84.8,,2021-12-26,,2023-12-16,4,37.5,0,2,,2,US,Telecommunications,,true,2024-01-15
7181-OQCUT,Telco-7181-OQCUT,,,starter,103.85,,2022-04-25,,2024-01-15,15,75.0,0,1,,0,US,Telecommunications,,false,
8474-UMLNT,Telco-8474-UMLNT,,,starter,67.8,,2022-12-21,,2024-01-15,8,62.5,0,0,,0,US,Telecommunications,,false,
9821-POOTN,Telco-9821-POOTN,,,starter,75.2,,2021-03-01,,2023-12-16,4,25.0,0,2,,2,US,Telecommunications,,true,2024-01-15
3836-FZSDJ,Telco-3836-FZSDJ,,,enterprise,24.85,24,2018-03-17,2024-02-14,2024-01-15,3,25.0,0,5,,0,US,Telecommunications,,false,
9142-XMYJH,Telco-9142-XMYJH,,,starter,19.35,,2021-08-28,,2024-01-15,3,12.5,0,2,,0,US,Telecommunications,,false,
6559-ILWKJ,Telco-6559-ILWKJ,,,enterprise,49.35,24,2018-03-17,2020-03-06,2023-12-16,2,37.5,0,5,,2,US,Telecommunications,,true,2024-01-15
0187-QSXOE,Telco-0187-QSXOE,,,starter,89.0,,2023-06-19,,2024-01-15,15,37.5,0,0,,1,US,Telecommunications,,false,
7733-UDMTP,Telco-7733-UDMTP,,,starter,55.0,,2019-05-11,,2024-01-15,8,50.0,0,4,,1,US,Telecommunications,,false,
2649-HWLYB,Telco-2649-HWLYB,,,enterprise,76.15,24,2018-09-13,2024-08-12,2024-01-15,8,75.0,0,2,,0,US,Telecommunications,,false,
5214-CHIWJ,Telco-5214-CHIWJ,,,growth,20.3,12,2021-10-27,2024-10-11,2024-01-15,3,12.5,0,2,,0,US,Telecommunications,,false,
4229-CZMLL,Telco-4229-CZMLL,,,starter,74.9,,2023-07-19,,2023-12-16,4,25.0,0,0,,2,US,Telecommunications,,true,2024-01-15
6904-JLBGY,Telco-6904-JLBGY,,,enterprise,117.35,24,2018-02-15,2026-01-04,2024-01-15,15,100.0,0,3,,0,US,Telecommunications,,false,
2465-BLLEU,Telco-2465-BLLEU,,,starter,19.75,,2023-12-16,,2024-01-15,3,12.5,0,0,,0,US,Telecommunications,,false,
1685-VAYJF,Telco-1685-VAYJF,,,starter,45.2,,2023-02-19,,2024-01-15,8,12.5,0,0,,0,US,Telecommunications,,false,
8874-EJNSR,Telco-8874-EJNSR,,,enterprise,25.2,24,2020-11-01,2024-10-11,2024-01-15,3,25.0,0,3,,0,US,Telecommunications,,false,
6917-YACBP,Telco-6917-YACBP,,,starter,89.75,,2019-03-12,,2024-01-15,15,62.5,0,4,,1,US,Telecommunications,,false,
5049-MUBWG,Telco-5049-MUBWG,,,growth,75.0,12,2021-11-26,2024-11-10,2024-01-15,8,62.5,0,1,,0,US,Telecommunications,,false,
4223-WOZCM,Telco-4223-WOZCM,,,starter,49.95,,2023-11-16,,2024-01-15,8,25.0,0,0,,0,US,Telecommunications,,false,
0769-MURVM,Telco-0769-MURVM,,,enterprise,65.7,24,2018-02-15,2026-01-04,2024-01-15,8,75.0,0,3,,0,US,Telecommunications,,false,
9253-VIFJQ,Telco-9253-VIFJQ,,,growth,67.05,12,2018-09-13,2024-08-12,2024-01-15,8,62.5,0,5,,0,US,Telecommunications,,false,
7030-FZTFM,Telco-7030-FZTFM,,,enterprise,110.9,24,2018-02-15,2026-01-04,2024-01-15,15,87.5,0,3,,0,US,Telecommunications,,false,
9741-YLNTD,Telco-9741-YLNTD,,,starter,87.95,,2023-07-19,,2024-01-15,15,50.0,0,0,,0,US,Telecommunications,,false,
5917-RYRMG,Telco-5917-RYRMG,,,growth,19.8,12,2021-05-30,2024-05-14,2024-01-15,3,12.5,0,2,,0,US,Telecommunications,,false,
5120-ZBLAI,Telco-5120-ZBLAI,,,growth,75.7,12,2019-12-07,2024-11-10,2024-01-15,8,62.5,0,4,,0,US,Telecommunications,,false,
1194-BHJYC,Telco-1194-BHJYC,,,enterprise,62.15,24,2019-01-11,2024-12-10,2024-01-15,8,62.5,0,2,,0,US,Telecommunications,,false,
3663-MITLP,Telco-3663-MITLP,,,starter,101.25,,2022-10-22,,2023-12-16,4,62.5,0,1,,2,US,Telecommunications,,true,2024-01-15
0906-QVPMS,Telco-0906-QVPMS,,,enterprise,115.15,24,2018-02-15,2026-01-04,2024-01-15,15,100.0,0,3,,0,US,Telecommunications,,false,
9025-ZRPVR,Telco-9025-ZRPVR,,,starter,18.95,,2023-04-20,,2023-12-16,1,12.5,0,0,,1,US,Telecommunications,,true,2024-01-15
1905-OEILC,Telco-1905-OEILC,,,starter,19.5,,2023-12-16,,2024-01-15,3,12.5,0,0,,0,US,Telecommunications,,false,
7858-GTZSP,Telco-7858-GTZSP,,,starter,86.55,,2023-01-20,,2024-01-15,15,37.5,0,1,,1,US,Telecommunications,,false,
3285-UCQVC,Telco-3285-UCQVC,,,starter,28.6,,2020-12-31,,2023-12-16,2,12.5,0,1,,0,US,Telecommunications,,true,2024-01-15
6248-BSHKG,Telco-6248-BSHKG,,,growth,20.4,12,2019-01-11,2024-12-10,2024-01-15,3,12.5,0,5,,0,US,Telecommunications,,false,
4685-TFLLS,Telco-4685-TFLLS,,,growth,19.8,12,2022-07-24,2024-07-13,2024-01-15,3,12.5,0,1,,0,US,Telecommunications,,false,
3470-BTGQO,Telco-3470-BTGQO,,,starter,45.65,,2022-04-25,,2024-01-15,8,12.5,0,1,,0,US,Telecommunications,,false,
1209-VFFOC,Telco-1209-VFFOC,,,enterprise,56.4,24,2018-06-15,2024-05-14,2024-01-15,8,62.5,0,2,,0,US,Telecommunications,,false,
8224-DWCKX,Telco-8224-DWCKX,,,starter,73.3,,2023-01-20,,2024-01-15,15,25.0,0,1,,0,US,Telecommunications,,false,
5482-PLVPE,Telco-5482-PLVPE,,,starter,24.35,,2023-11-16,,2023-12-16,2,0.0,0,0,,2,US,Telecommunications,,true,2024-01-15
4553-DVPZG,Telco-4553-DVPZG,,,starter,101.35,,2018-12-12,,2024-01-15,15,62.5,0,5,,1,US,Telecommunications,,false,
4902-OHLSK,Telco-4902-OHLSK,,,starter,98.65,,2021-08-28,,2023-12-16,4,62.5,0,1,,2,US,Telecommunications,,true,2024-01-15
6917-IAYHD,Telco-6917-IAYHD,,,starter,33.6,,2023-12-16,,2024-01-15,8,25.0,0,0,,0,US,Telecommunications,,false,
0495-ZBNGW,Telco-0495-ZBNGW,,,starter,79.9,,2023-08-18,,2023-12-16,4,37.5,0,0,,0,US,Telecommunications,,true,2024-01-15
8620-RJPZN,Telco-8620-RJPZN,,,starter,20.7,,2023-12-16,,2024-01-15,3,12.5,0,0,,1,US,Telecommunications,,false,
7572-KPVKK,Telco-7572-KPVKK,,,enterprise,104.05,24,2018-12-12,2024-11-10,2024-01-15,15,75.0,0,2,,1,US,Telecommunications,,false,
2642-MAWLJ,Telco-2642-MAWLJ,,,enterprise,20.25,24,2021-01-30,2025-01-09,2024-01-15,3,12.5,0,3,,0,US,Telecommunications,,false,
2357-COQEK,Telco-2357-COQEK,,,starter,103.3,,2021-09-27,,2023-12-16,4,75.0,0,1,,2,US,Telecommunications,,true,2024-01-15
7103-ZGVNT,Telco-7103-ZGVNT,,,growth,73.7,12,2018-05-16,2024-04-14,2024-01-15,8,75.0,0,2,,0,US,Telecommunications,,false,
3737-GCSPV,Telco-3737-GCSPV,,,starter,96.2,,2023-02-19,,2023-12-16,4,62.5,0,0,,0,US,Telecommunications,,true,2024-01-15
2027-WKXMW,Telco-2027-WKXMW,,,starter,108.75,,2018-11-12,,2024-01-15,15,87.5,0,2,,1,US,Telecommunications,,false,
7137-NAXML,Telco-7137-NAXML,,,growth,20.15,12,2022-02-24,2024-02-14,2024-01-15,3,12.5,0,1,,0,US,Telecommunications,,false,
2428-ZMCTB,Telco-2428-ZMCTB,,,starter,19.75,,2023-03-21,,2024-01-15,3,12.5,0,0,,0,US,Telecommunications,,false,
2961-VNFKL,Telco-2961-VNFKL,,,enterprise,25.95,24,2018-03-17,2024-02-14,2024-01-15,3,25.0,0,5,,0,US,Telecommunications,,false,
1768-HNVGJ,Telco-1768-HNVGJ,,,starter,70.05,,2020-05-05,,2024-01-15,8,62.5,0,1,,1,US,Telecommunications,,false,
6963-KQYQB,Telco-6963-KQYQB,,,enterprise,24.05,24,2018-04-16,2024-03-15,2024-01-15,3,25.0,0,5,,0,US,Telecommunications,,false,
5934-RMPOV,Telco-5934-RMPOV,,,starter,84.75,,2022-03-26,,2024-01-15,15,37.5,0,1,,1,US,Telecommunications,,false,
1207-BLKSA,Telco-1207-BLKSA,,,enterprise,23.05,24,2019-10-08,2025-09-06,2024-01-15,3,25.0,0,4,,0,US,Telecommunications,,false,
4088-YLDSU,Telco-4088-YLDSU,,,growth,104.15,12,2019-07-10,2020-07-04,2023-12-16,4,75.0,0,2,,2,US,Telecommunications,,true,2024-01-15
8316-BBQAY,Telco-8316-BBQAY,,,enterprise,59.95,24,2018-09-13,2024-08-12,2024-01-15,8,62.5,0,2,,0,US,Telecommunications,,false,
1166-PQLGG,Telco-1166-PQLGG,,,enterprise,19.55,24,2018-02-15,2026-01-04,2024-01-15,3,12.5,0,6,,0,US,Telecommunications,,false,
3146-JTQHR,Telco-3146-JTQHR,,,growth,19.6,12,2023-03-21,2024-03-15,2024-01-15,3,12.5,0,0,,0,US,Telecommunications,,false,
4291-YZODP,Telco-4291-YZODP,,,growth,20.05,12,2023-06-19,2024-06-13,2024-01-15,3,12.5,0,0,,0,US,Telecommunications,,false,
4395-PZMSN,Telco-4395-PZMSN,,,starter,85.55,,2023-08-18,,2024-01-15,15,37.5,0,0,,1,US,Telecommunications,,false,
6427-FEFIG,Telco-6427-FEFIG,,,enterprise,78.6,24,2022-01-25,2026-01-04,2024-01-15,8,75.0,0,2,,0,US,Telecommunications,,false,
0017-IUDMW,Telco-0017-IUDMW,,,enterprise,116.8,24,2018-02-15,2026-01-04,2024-01-15,15,100.0,0,3,,0,US,Telecommunications,,false,
8706-HRADD,Telco-8706-HRADD,,,starter,43.55,,2022-04-25,,2024-01-15,8,37.5,0,0,,0,US,Telecommunications,,false,
9955-QOPOY,Telco-9955-QOPOY,,,growth,60.8,12,2018-05-16,2024-04-14,2024-01-15,8,62.5,0,2,,0,US,Telecommunications,,false,
4385-ZKVNW,Telco-4385-ZKVNW,,,starter,54.9,,2020-06-04,,2024-01-15,8,37.5,0,1,,0,US,Telecommunications,,false,
5446-DKWYW,Telco-5446-DKWYW,,,growth,65.2,12,2019-01-11,2024-12-10,2024-01-15,8,50.0,0,5,,1,US,Telecommunications,,false,
2034-CGRHZ,Telco-2034-CGRHZ,,,starter,102.95,,2022-01-25,,2023-12-16,4,75.0,0,2,,0,US,Telecommunications,,true,2024-01-15
5797-APWZC,Telco-5797-APWZC,,,starter,90.6,,2023-12-16,,2023-12-16,4,37.5,0,0,,2,US,Telecommunications,,true,2024-01-15
3683-QKIUE,Telco-3683-QKIUE,,,starter,50.8,,2023-07-19,,2023-12-16,2,25.0,0,0,,0,US,Telecommunications,,true,2024-01-15
4228-ZGYUW,Telco-4228-ZGYUW,,,starter,90.05,,2023-09-17,,2023-12-16,4,50.0,0,0,,2,US,Telecommunications,,true,2024-01-15
9031-ZVQPT,Telco-9031-ZVQPT,,,enterprise,108.2,24,2018-02-15,2026-01-04,2024-01-15,15,87.5,0,3,,1,US,Telecommunications,,false,
2990-IAJSV,Telco-2990-IAJSV,,,enterprise,92.0,24,2018-02-15,2026-01-04,2024-01-15,8,100.0,0,3,,0,US,Telecommunications,,false,
8107-KNCIM,Telco-8107-KNCIM,,,starter,75.1,,2022-11-21,,2024-01-15,15,25.0,0,1,,1,US,Telecommunications,,false,
9027-YFHQJ,Telco-9027-YFHQJ,,,starter,25.05,,2023-06-19,,2024-01-15,3,25.0,0,0,,0,US,Telecommunications,,false,
5176-LDKUH,Telco-5176-LDKUH,,,growth,75.15,12,2020-02-05,2025-01-09,2024-01-15,15,25.0,0,4,,1,US,Telecommunications,,false,
4644-OBGFZ,Telco-4644-OBGFZ,,,growth,19.5,12,2019-07-10,2024-06-13,2024-01-15,3,12.5,0,4,,0,US,Telecommunications,,false,
7926-IJOOU,Telco-7926-IJOOU,,,starter,19.3,,2023-12-16,,2024-01-15,3,12.5,0,0,,0,US,Telecommunications,,false,
6480-YAGIY,Telco-6480-YAGIY,,,growth,112.2,12,2020-05-05,2024-04-14,2024-01-15,15,87.5,0,1,,0,US,Telecommunications,,false,
4029-HPFVY,Telco-4029-HPFVY,,,starter,70.3,,2023-10-17,,2024-01-15,15,12.5,0,0,,0,US,Telecommunications,,false,
7602-DBTOU,Telco-7602-DBTOU,,,enterprise,19.6,24,2018-03-17,2024-02-14,2024-01-15,3,12.5,0,5,,0,US,Telecommunications,,false,
5345-BMKWB,Telco-5345-BMKWB,,,starter,20.25,,2023-05-20,,2024-01-15,3,12.5,0,0,,0,US,Telecommunications,,false,
3519-ZKXGG,Telco-3519-ZKXGG,,,starter,75.85,,2023-10-17,,2023-12-16,4,25.0,0,0,,2,US,Telecommunications,,true,2024-01-15
5457-COLHT,Telco-5457-COLHT,,,enterprise,80.65,24,2018-05-16,2024-04-14,2024-01-15,8,75.0,0,2,,0,US,Telecommunications,,false,
6416-TVAIH,Telco-6416-TVAIH,,,starter,68.5,,2023-12-16,,2023-12-16,4,12.5,0,0,,2,US,Telecommunications,,true,2024-01-15
5451-YHYPW,Telco-5451-YHYPW,,,enterprise,115.75,24,2018-02-15,2026-01-04,2024-01-15,15,100.0,0,3,,0,US,Telecommunications,,false,
5108-ADXWO,Telco-5108-ADXWO,,,starter,73.5,,2023-02-19,,2023-12-16,4,25.0,0,0,,2,US,Telecommunications,,true,2024-01-15
7998-WNZEM,Telco-7998-WNZEM,,,enterprise,80.6,24,2018-03-17,2024-02-14,2024-01-15,8,87.5,0,2,,0,US,Telecommunications,,false,
3066-RRJIO,Telco-3066-RRJIO,,,starter,69.95,,2023-12-16,,2023-12-16,4,12.5,0,0,,1,US,Telecommunications,,true,2024-01-15
4664-NJCMS,Telco-4664-NJCMS,,,enterprise,59.55,24,2021-04-30,2025-04-09,2024-01-15,8,62.5,0,1,,0,US,Telecommunications,,false,
0307-BCOPK,Telco-0307-BCOPK,,,growth,19.05,12,2022-09-22,2024-09-11,2024-01-15,3,12.5,0,1,,0,US,Telecommunications,,false,
7629-WFGLW,Telco-7629-WFGLW,,,growth,95.65,12,2019-06-10,2024-05-14,2024-01-15,15,75.0,0,2,,1,US,Telecommunications,,false,
2542-HYGIQ,Telco-2542-HYGIQ,,,starter,19.95,,2023-12-16,,2024-01-15,3,12.5,0,0,,0,US,Telecommunications,,false,
6715-OFDBP,Telco-6715-OFDBP,,,starter,70.05,,2023-08-18,,2023-12-16,2,50.0,0,0,,2,US,Telecommunications,,true,2024-01-15
5016-LIPDW,Telco-5016-LIPDW,,,growth,19.4,12,2019-05-11,2024-04-14,2024-01-15,3,12.5,0,4,,0,US,Telecommunications,,false,
6481-LXPWL,Telco-6481-LXPWL,,,growth,36.1,12,2019-06-10,2024-05-14,2024-01-15,8,25.0,0,4,,0,US,Telecommunications,,false,
1567-DSCIC,Telco-1567-DSCIC,,,starter,94.0,,2023-05-20,,2023-12-16,4,62.5,0,0,,2,US,Telecommunications,,true,2024-01-15
2150-UWTFY,Telco-2150-UWTFY,,,starter,61.15,,2022-03-26,,2023-12-16,2,50.0,0,1,,1,US,Telecommunications,,true,2024-01-15
6124-ACRHJ,Telco-6124-ACRHJ,,,starter,19.75,,2023-12-16,,2024-01-15,3,12.5,0,0,,0,US,Telecommunications,,false,
9362-MWODR,Telco-9362-MWODR,,,starter,64.1,,2020-10-02,,2024-01-15,8,50.0,0,1,,0,US,Telecommunications,,false,
9975-GPKZU,Telco-9975-GPKZU,,,enterprise,19.75,24,2020-04-05,2024-03-15,2024-01-15,3,12.5,0,3,,0,US,Telecommunications,,false,
9625-RZFUK,Telco-9625-RZFUK,,,enterprise,19.7,24,2018-11-12,2024-10-11,2024-01-15,3,12.5,0,5,,0,US,Telecommunications,,false,
5153-LXKDT,Telco-5153-LXKDT,,,enterprise,110.2,24,2018-06-15,2024-05-14,2024-01-15,15,87.5,0,5,,1,US,Telecommunications,,false,
5161-UBZXI,Telco-5161-UBZXI,,,enterprise,106.35,24,2018-05-16,2024-04-14,2024-01-15,15,75.0,0,2,,0,US,Telecommunications,,false,
1020-JPQOW,Telco-1020-JPQOW,,,starter,90.55,,2019-06-10,,2024-01-15,15,62.5,0,2,,1,US,Telecommunications,,false,
7919-ZODZZ,Telco-7919-ZODZZ,,,growth,65.9,12,2023-03-21,2024-03-15,2024-01-15,8,50.0,0,0,,0,US,Telecommunications,,false,
0565-JUPYD,Telco-0565-JUPYD,,,growth,104.5,12,2018-11-12,2024-10-11,2024-01-15,15,87.5,0,2,,0,US,Telecommunications,,false,
6867-ACCZI,Telco-6867-ACCZI,,,enterprise,52.5,24,2022-01-25,2026-01-04,2024-01-15,8,62.5,0,1,,0,US,Telecommunications,,false,
5939-XAIXZ,Telco-5939-XAIXZ,,,starter,56.1,,2022-06-24,,2024-01-15,8,37.5,0,1,,0,US,Telecommunications,,false,
9054-FOWNV,Telco-9054-FOWNV,,,starter,88.75,,2022-03-26,,2024-01-15,15,50.0,0,1,,1,US,Telecommunications,,false,
2683-BPJSO,Telco-2683-BPJSO,,,starter,84.45,,2021-08-28,,2023-12-16,4,50.0,0,2,,2,US,Telecommunications,,true,2024-01-15
2157-MXBJS,Telco-2157-MXBJS,,,growth,75.3,12,2022-12-21,2023-12-16,2023-12-16,2,62.5,0,1,,1,US,Telecommunications,,true,2024-01-15
8207-VVMYB,Telco-8207-VVMYB,,,enterprise,26.0,24,2018-04-16,2024-03-15,2024-01-15,3,25.0,0,5,,0,US,Telecommunications,,false,
9732-EQMWY,Telco-9732-EQMWY,,,starter,99.4,,2020-01-06,,2024-01-15,15,62.5,0,4,,1,US,Telecommunications,,false,
9360-AHGNL,Telco-9360-AHGNL,,,growth,109.55,12,2020-07-04,2021-06-29,2023-12-16,4,87.5,0,1,,1,US,Telecommunications,,true,2024-01-15
1087-UDSIH,Telco-1087-UDSIH,,,starter,19.6,,2023-10-17,,2023-12-16,1,12.5,0,0,,1,US,Telecommunications,,true,2024-01-15
5269-NRGDP,Telco-5269-NRGDP,,,growth,73.15,12,2020-08-03,2024-07-13,2024-01-15,8,62.5,0,1,,1,US,Telecommunications,,false,
6195-MELTI,Telco-6195-MELTI,,,growth,54.65,12,2019-05-11,2024-04-14,2024-01-15,8,37.5,0,2,,0,US,Telecommunications,,false,
5485-WUYWF,Telco-5485-WUYWF,,,starter,66.4,,2023-11-16,,2023-12-16,2,50.0,0,0,,0,US,Telecommunications,,true,2024-01-15
2121-JAFOM,Telco-2121-JAFOM,,,enterprise,115.55,24,2018-02-15,2026-01-04,2024-01-15,15,100.0,0,3,,0,US,Telecommunications,,false,
8818-DOPVL,Telco-8818-DOPVL,,,starter,104.45,,2020-04-05,,2024-01-15,15,75.0,0,3,,1,US,Telecommunications,,false,
2632-UCGVD,Telco-2632-UCGVD,,,starter,100.05,,2018-08-14,,2023-12-16,4,62.5,0,2,,0,US,Telecommunications,,true,2024-01-15
5445-PZWGX,Telco-5445-PZWGX,,,growth,102.0,12,2018-12-12,2019-12-07,2023-12-16,4,75.0,0,2,,2,US,Telecommunications,,true,2024-01-15
1227-UDMZR,Telco-1227-UDMZR,,,enterprise,91.15,24,2018-02-15,2026-01-04,2024-01-15,8,100.0,0,3,,0,US,Telecommunications,,false,
5198-HQAEN,Telco-5198-HQAEN,,,growth,89.7,12,2021-03-01,2024-02-14,2024-01-15,15,50.0,0,1,,1,US,Telecommunications,,false,
9170-CCKOU,Telco-9170-CCKOU,,,starter,90.2,,2022-08-23,,2023-12-16,4,62.5,0,1,,0,US,Telecommunications,,true,2024-01-15
2167-FQSTQ,Telco-2167-FQSTQ,,,enterprise,92.4,24,2018-02-15,2026-01-04,2024-01-15,8,100.0,0,3,,1,US,Telecommunications,,false,
2819-GWENI,Telco-2819-GWENI,,,growth,19.9,12,2021-09-27,2024-09-11,2024-01-15,3,12.5,0,2,,0,US,Telecommunications,,false,
1043-YCUTE,Telco-1043-YCUTE,,,enterprise,25.15,24,2019-06-10,2021-05-30,2023-12-16,1,25.0,0,4,,0,US,Telecommunications,,true,2024-01-15
3814-MLAXC,Telco-3814-MLAXC,,,starter,79.85,,2021-06-29,,2023-12-16,4,37.5,0,1,,0,US,Telecommunications,,true,2024-01-15
3572-UUHRS,Telco-3572-UUHRS,,,growth,18.85,12,2020-05-05,2024-04-14,2024-01-15,3,12.5,0,3,,0,US,Telecommunications,,false,
2692-PFYTJ,Telco-2692-PFYTJ,,,starter,25.75,,2023-12-16,,2024-01-15,3,25.0,0,0,,0,US,Telecommunications,,false,
1226-UDFZR,Telco-1226-UDFZR,,,starter,49.6,,2023-11-16,,2023-12-16,2,25.0,0,0,,1,US,Telecommunications,,true,2024-01-15
5955-EPOAZ,Telco-5955-EPOAZ,,,starter,20.95,,2023-07-19,,2024-01-15,3,12.5,0,0,,0,US,Telecommunications,,false,
6821-JPCDC,Telco-6821-JPCDC,,,growth,97.05,12,2020-02-05,2025-01-09,2024-01-15,15,62.5,0,4,,1,US,Telecommunications,,false,
8815-LMFLX,Telco-8815-LMFLX,,,starter,25.4,,2021-12-26,,2024-01-15,3,25.0,0,2,,0,US,Telecommunications,,false,
9135-HSWOC,Telco-9135-HSWOC,,,enterprise,19.7,24,2018-10-13,2024-09-11,2024-01-15,3,12.5,0,5,,0,US,Telecommunications,,false,
8582-KRHPJ,Telco-8582-KRHPJ,,,starter,35.0,,2019-12-07,,2024-01-15,8,25.0,0,4,,0,US,Telecommunications,,false,
5811-IWXYM,Telco-5811-IWXYM,,,growth,101.25,12,2019-10-08,2024-09-11,2024-01-15,15,62.5,0,4,,0,US,Telecommunications,,false,
7044-YAACC,Telco-7044-YAACC,,,starter,70.2,,2023-09-17,,2024-01-15,15,12.5,0,0,,1,US,Telecommunications,,false,
8189-XRIKE,Telco-8189-XRIKE,,,starter,90.95,,2021-05-30,,2024-01-15,15,37.5,0,2,,1,US,Telecommunications,,false,
1506-YJTYT,Telco-1506-YJTYT,,,enterprise,73.85,24,2020-05-05,2024-04-14,2024-01-15,8,75.0,0,1,,0,US,Telecommunications,,false,
4123-DVHPH,Telco-4123-DVHPH,,,starter,88.05,,2023-04-20,,2024-01-15,15,50.0,0,0,,1,US,Telecommunications,,false,
6425-YQLLO,Telco-6425-YQLLO,,,growth,105.95,12,2018-08-14,2019-08-09,2023-12-16,4,75.0,0,2,,0,US,Telecommunications,,true,2024-01-15
5442-UTCVD,Telco-5442-UTCVD,,,starter,91.85,,2023-10-17,,2023-12-16,4,50.0,0,0,,2,US,Telecommunications,,true,2024-01-15
2228-BZDEE,Telco-2228-BZDEE,,,enterprise,20.1,24,2019-08-09,2025-07-08,2024-01-15,3,12.5,0,4,,0,US,Telecommunications,,false,
7734-DBOAI,Telco-7734-DBOAI,,,starter,40.1,,2023-12-16,,2023-12-16,2,25.0,0,0,,2,US,Telecommunications,,true,2024-01-15
2789-CZANW,Telco-2789-CZANW,,,enterprise,110.3,24,2018-10-13,2024-09-11,2024-01-15,15,87.5,0,2,,0,US,Telecommunications,,false,
2091-RFFBA,Telco-2091-RFFBA,,,starter,73.9,,2021-06-29,,2023-12-16,4,25.0,0,2,,2,US,Telecommunications,,true,2024-01-15
2114-MGINA,Telco-2114-MGINA,,,starter,89.8,,2022-11-21,,2023-12-16,4,37.5,0,1,,1,US,Telecommunications,,true,2024-01-15
7596-LDUXP,Telco-7596-LDUXP,,,growth,85.15,12,2023-01-20,2025-01-09,2024-01-15,15,37.5,0,1,,0,US,Telecommunications,,false,
3740-RLMVT,Telco-3740-RLMVT,,,growth,60.95,12,2018-07-15,2024-06-13,2024-01-15,8,50.0,0,2,,0,US,Telecommunications,,false,
4489-SNOJF,Telco-4489-SNOJF,,,starter,72.25,,2021-03-01,,2023-12-16,2,75.0,0,1,,2,US,Telecommunications,,true,2024-01-15
2192-OZITF,Telco-2192-OZITF,,,enterprise,73.55,24,2020-05-05,2024-04-14,2024-01-15,8,62.5,0,1,,0,US,Telecommunications,,false,
5651-CPDND,Telco-5651-CPDND,,,starter,46.0,,2023-03-21,,2024-01-15,8,12.5,0,0,,0,US,Telecommunications,,false,
2186-QZEYA,Telco-2186-QZEYA,,,starter,58.55,,2021-08-28,,2024-01-15,8,50.0,0,2,,0,US,Telecommunications,,false,
1131-ALZWV,Telco-1131-ALZWV,,,growth,24.6,12,2022-01-25,2025-01-09,2024-01-15,3,25.0,0,2,,0,US,Telecommunications,,false,
7729-XBTWX,Telco-7729-XBTWX,,,enterprise,19.75,24,2018-08-14,2024-07-13,2024-01-15,3,12.5,0,5,,0,US,Telecommunications,,false,
9134-WYRVP,Telco-9134-WYRVP,,,growth,86.35,12,2019-11-07,2024-10-11,2024-01-15,15,37.5,0,4,,0,US,Telecommunications,,false,
3284-SVCRO,Telco-3284-SVCRO,,,enterprise,25.5,24,2020-05-05,2024-04-14,2024-01-15,3,25.0,0,3,,0,US,Telecommunications,,false,
9732-OUYRN,Telco-9732-OUYRN,,,growth,19.0,12,2020-01-06,2024-12-10,2024-01-15,3,12.5,0,4,,0,US,Telecommunications,,false,
0559-CKHUS,Telco-0559-CKHUS,,,enterprise,19.55,24,2021-08-28,2025-08-07,2024-01-15,3,12.5,0,2,,0,US,Telecommunications,,false,
2931-SVLTV,Telco-2931-SVLTV,,,starter,110.1,,2020-10-02,,2024-01-15,15,87.5,0,1,,0,US,Telecommunications,,false,
6899-PPEEA,Telco-6899-PPEEA,,,starter,96.55,,2020-12-31,,2023-12-16,4,50.0,0,3,,2,US,Telecommunications,,true,2024-01-15
7504-UWHNB,Telco-7504-UWHNB,,,starter,69.75,,2021-12-26,,2024-01-15,15,12.5,0,2,,1,US,Telecommunications,,false,
2582-FFFZR,Telco-2582-FFFZR,,,starter,50.6,,2022-03-26,,2024-01-15,8,37.5,0,1,,1,US,Telecommunications,,false,
8908-NMQTX,Telco-8908-NMQTX,,,enterprise,65.6,24,2018-02-15,2026-01-04,2024-01-15,8,75.0,0,3,,0,US,Telecommunications,,false,
2187-LZGPL,Telco-2187-LZGPL,,,starter,40.1,,2023-06-19,,2023-12-16,2,25.0,0,0,,0,US,Telecommunications,,true,2024-01-15
1431-AIDJQ,Telco-1431-AIDJQ,,,enterprise,82.1,24,2021-04-30,2025-04-09,2024-01-15,8,75.0,0,1,,0,US,Telecommunications,,false,
6288-LBEAR,Telco-6288-LBEAR,,,starter,79.1,,2022-02-24,,2024-01-15,15,37.5,0,0,,0,US,Telecommunications,,false,
4597-NUCQV,Telco-4597-NUCQV,,,starter,101.25,,2022-01-25,,2023-12-16,4,62.5,0,2,,2,US,Telecommunications,,true,2024-01-15
9019-QVLZD,Telco-9019-QVLZD,,,starter,79.55,,2023-12-16,,2023-12-16,4,25.0,0,0,,2,US,Telecommunications,,true,2024-01-15
8413-YNHNV,Telco-8413-YNHNV,,,enterprise,90.65,24,2018-05-16,2024-04-14,2024-01-15,8,100.0,0,2,,0,US,Telecommunications,,false,
5808-TOTXO,Telco-5808-TOTXO,,,growth,20.55,12,2023-10-17,2024-10-11,2024-01-15,3,12.5,0,0,,0,US,Telecommunications,,false,
4369-NYSCF,Telco-4369-NYSCF,,,growth,75.75,12,2019-06-10,2024-05-14,2024-01-15,8,62.5,0,2,,0,US,Telecommunications,,false,
6333-YDVLT,Telco-6333-YDVLT,,,growth,110.0,12,2018-09-13,2024-08-12,2024-01-15,15,87.5,0,2,,0,US,Telecommunications,,false,
5324-KTGCG,Telco-5324-KTGCG,,,growth,20.85,12,2018-03-17,2024-02-14,2024-01-15,3,12.5,0,5,,1,US,Telecommunications,,false,
5599-HVLTW,Telco-5599-HVLTW,,,starter,80.35,,2022-11-21,,2024-01-15,15,37.5,0,1,,0,US,Telecommunications,,false,
7394-LWLYN,Telco-7394-LWLYN,,,starter,70.15,,2023-11-16,,2024-01-15,15,12.5,0,0,,1,US,Telecommunications,,false,
3707-LRWZD,Telco-3707-LRWZD,,,growth,84.05,12,2021-05-30,2022-05-25,2023-12-16,4,37.5,0,2,,2,US,Telecommunications,,true,2024-01-15
6873-UDNLD,Telco-6873-UDNLD,,,starter,67.45,,2020-10-02,,2024-01-15,8,50.0,0,3,,1,US,Telecommunications,,false,
2700-LUEVA,Telco-2700-LUEVA,,,starter,20.75,,2023-12-16,,2024-01-15,3,12.5,0,0,,0,US,Telecommunications,,false,
1455-ESIQH,Telco-1455-ESIQH,,,starter,89.1,,2023-12-16,,2023-12-16,4,37.5,0,0,,2,US,Telecommunications,,true,2024-01-15
0958-YHXGP,Telco-0958-YHXGP,,,starter,69.9,,2023-06-19,,2024-01-15,15,12.5,0,0,,0,US,Telecommunications,,false,
1101-SSWAG,Telco-1101-SSWAG,,,starter,51.1,,2022-10-22,,2024-01-15,8,25.0,0,1,,1,US,Telecommunications,,false,
2979-SXESE,Telco-2979-SXESE,,,starter,94.4,,2022-08-23,,2023-12-16,4,62.5,0,1,,2,US,Telecommunications,,true,2024-01-15
4013-TLDHQ,Telco-4013-TLDHQ,,,starter,78.25,,2022-06-24,,2023-12-16,4,37.5,0,1,,2,US,Telecommunications,,true,2024-01-15
5743-KHMNA,Telco-5743-KHMNA,,,enterprise,25.55,24,2018-03-17,2024-02-14,2024-01-15,3,25.0,0,5,,0,US,Telecommunications,,false,
4194-FJARJ,Telco-4194-FJARJ,,,enterprise,60.0,24,2019-08-09,2025-07-08,2024-01-15,8,50.0,0,2,,0,US,Telecommunications,,false,
5325-UWTWJ,Telco-5325-UWTWJ,,,starter,90.55,,2021-06-29,,2024-01-15,15,62.5,0,1,,0,US,Telecommunications,,false,
3969-GYXEL,Telco-3969-GYXEL,,,starter,76.4,,2023-02-19,,2024-01-15,15,25.0,0,0,,1,US,Telecommunications,,false,
9208-OLGAQ,Telco-9208-OLGAQ,,,starter,84.95,,2022-07-24,,2024-01-15,15,37.5,0,1,,1,US,Telecommunications,,false,
3244-CQPHU,Telco-3244-CQPHU,,,enterprise,110.1,24,2018-02-15,2026-01-04,2024-01-15,15,87.5,0,3,,0,US,Telecommunications,,false,
2674-MLXMN,Telco-2674-MLXMN,,,starter,99.65,,2018-03-17,,2024-01-15,15,62.5,0,5,,0,US,Telecommunications,,false,
9708-HPXWZ,Telco-9708-HPXWZ,,,starter,45.4,,2023-08-18,,2024-01-15,8,37.5,0,0,,0,US,Telecommunications,,false,
6992-TKNYO,Telco-6992-TKNYO,,,growth,69.0,12,2020-12-01,2024-11-10,2024-01-15,8,62.5,0,1,,0,US,Telecommunications,,false,
4468-YDOVK,Telco-4468-YDOVK,,,starter,48.65,,2023-08-18,,2024-01-15,8,25.0,0,0,,0,US,Telecommunications,,false,
3754-DXMRT,Telco-3754-DXMRT,,,starter,44.15,,2023-11-16,,2023-12-16,2,12.5,0,0,,2,US,Telecommunications,,true,2024-01-15
5792-JALQC,Telco-5792-JALQC,,,enterprise,59.85,24,2019-10-08,2025-09-06,2024-01-15,8,50.0,0,4,,0,US,Telecommunications,,false,
7130-VTEWQ,Telco-7130-VTEWQ,,,starter,75.75,,2023-05-20,,2023-12-16,4,25.0,0,0,,2,US,Telecommunications,,true,2024-01-15
2200-DSAAL,Telco-2200-DSAAL,,,enterprise,80.65,24,2018-06-15,2024-05-14,2024-01-15,8,75.0,0,5,,1,US,Telecommunications,,false,
4302-ZYFEL,Telco-4302-ZYFEL,,,growth,20.55,12,2018-05-16,2024-04-14,2024-01-15,3,12.5,0,5,,0,US,Telecommunications,,false,
9351-LZYGF,Telco-9351-LZYGF,,,starter,66.4,,2020-08-03,,2024-01-15,8,62.5,0,1,,0,US,Telecommunications,,false,
4366-CTOUZ,Telco-4366-CTOUZ,,,enterprise,100.2,24,2019-12-07,2025-11-05,2024-01-15,15,62.5,0,2,,0,US,Telecommunications,,false,
6121-VZNQB,Telco-6121-VZNQB,,,starter,19.1,,2023-12-16,,2023-12-16,1,12.5,0,0,,1,US,Telecommunications,,true,2024-01-15
7903-CMPEY,Telco-7903-CMPEY,,,starter,80.3,,2023-12-16,,2023-12-16,4,37.5,0,0,,2,US,Telecommunications,,true,2024-01-15
1518-OMDIK,Telco-1518-OMDIK,,,starter,44.55,,2021-04-30,,2024-01-15,8,12.5,0,2,,0,US,Telecommunications,,false,
6671-NGWON,Telco-6671-NGWON,,,starter,20.35,,2023-06-19,,2024-01-15,3,12.5,0,0,,0,US,Telecommunications,,false,
0595-ITUDF,Telco-0595-ITUDF,,,starter,91.8,,2018-10-13,,2024-01-15,15,62.5,0,5,,1,US,Telecommunications,,false,
6996-KNSML,Telco-6996-KNSML,,,starter,74.9,,2023-12-16,,2023-12-16,4,25.0,0,0,,2,US,Telecommunications,,true,2024-01-15
1955-IBMMB,Telco-1955-IBMMB,,,enterprise,20.2,24,2019-03-12,2025-02-08,2024-01-15,3,12.5,0,4,,0,US,Telecommunications,,false,
0096-BXERS,Telco-0096-BXERS,,,starter,50.35,,2023-07-19,,2024-01-15,8,25.0,0,0,,1,US,Telecommunications,,false,
3806-YAZOV,Telco-3806-YAZOV,,,starter,18.8,,2023-10-17,,2024-01-15,3,12.5,0,0,,0,US,Telecommunications,,false,
7998-ZLXWN,Telco-7998-ZLXWN,,,starter,20.45,,2022-10-22,,2024-01-15,3,12.5,0,1,,0,US,Telecommunications,,false,
6253-WRFHY,Telco-6253-WRFHY,,,growth,64.75,12,2022-12-21,2024-12-10,2024-01-15,8,37.5,0,1,,1,US,Telecommunications,,false,
9133-AYJZG,Telco-9133-AYJZG,,,starter,98.7,,2022-02-24,,2024-01-15,15,62.5,0,1,,0,US,Telecommunications,,false,
2675-OTVVJ,Telco-2675-OTVVJ,,,starter,89.45,,2021-06-29,,2024-01-15,15,50.0,0,2,,1,US,Telecommunications,,false,
8680-CGLTP,Telco-8680-CGLTP,,,growth,58.75,12,2021-08-28,2024-08-12,2024-01-15,8,50.0,0,1,,1,US,Telecommunications,,false,
8430-TWCBX,Telco-8430-TWCBX,,,growth,20.7,12,2020-01-06,2024-12-10,2024-01-15,3,12.5,0,4,,0,US,Telecommunications,,false,
5018-GWURO,Telco-5018-GWURO,,,starter,85.6,,2019-06-10,,2024-01-15,15,37.5,0,4,,0,US,Telecommunications,,false,
6741-QRLUP,Telco-6741-QRLUP,,,enterprise,80.3,24,2018-11-12,2024-10-11,2024-01-15,8,87.5,0,2,,0,US,Telecommunications,,false,
4737-HOBAX,Telco-4737-HOBAX,,,enterprise,79.8,24,2018-11-12,2024-10-11,2024-01-15,8,75.0,0,2,,0,US,Telecommunications,,false,
0537-QYZZN,Telco-0537-QYZZN,,,starter,79.85,,2022-01-25,,2024-01-15,15,37.5,0,2,,1,US,Telecommunications,,false,
3340-QBBFM,Telco-3340-QBBFM,,,growth,54.1,12,2021-01-30,2025-01-09,2024-01-15,8,37.5,0,1,,0,US,Telecommunications,,false,
1704-NRWYE,Telco-1704-NRWYE,,,starter,80.85,,2023-04-20,,2023-12-16,4,25.0,0,0,,2,US,Telecommunications,,true,2024-01-15
2592-SEIFQ,Telco-2592-SEIFQ,,,starter,24.75,,2023-10-17,,2023-12-16,2,0.0,0,0,,2,US,Telecommunications,,true,2024-01-15
8200-KLNYW,Telco-8200-KLNYW,,,growth,80.9,12,2022-04-25,2024-04-14,2024-01-15,8,75.0,0,0,,0,US,Telecommunications,,false,
3372-CDXFJ,Telco-3372-CDXFJ,,,growth,24.5,12,2022-12-21,2024-12-10,2024-01-15,3,25.0,0,1,,0,US,Telecommunications,,false,
4781-ZXYGU,Telco-4781-ZXYGU,,,starter,20.15,,2023-12-16,,2024-01-15,3,12.5,0,0,,0,US,Telecommunications,,false,
7632-YUTXB,Telco-7632-YUTXB,,,growth,20.05,12,2021-12-26,2024-12-10,2024-01-15,3,12.5,0,2,,0,US,Telecommunications,,false,
2718-YSKCS,Telco-2718-YSKCS,,,enterprise,19.6,24,2018-03-17,2024-02-14,2024-01-15,3,12.5,0,5,,0,US,Telecommunications,,false,
9896-UYMIE,Telco-9896-UYMIE,,,growth,114.3,12,2018-08-14,2024-07-13,2024-01-15,15,100.0,0,2,,0,US,Telecommunications,,false,
0853-NWIFK,Telco-0853-NWIFK,,,growth,100.3,12,2020-05-05,2024-04-14,2024-01-15,15,62.5,0,3,,1,US,Telecommunications,,false,
8212-CRQXP,Telco-8212-CRQXP,,,starter,80.0,,2022-03-26,,2024-01-15,15,25.0,0,1,,0,US,Telecommunications,,false,
6980-CDGFC,Telco-6980-CDGFC,,,growth,20.85,12,2018-07-15,2024-06-13,2024-01-15,3,12.5,0,5,,0,US,Telecommunications,,false,
7691-XVTZH,Telco-7691-XVTZH,,,enterprise,89.95,24,2018-06-15,2024-05-14,2024-01-15,15,50.0,0,5,,0,US,Telecommunications,,false,
2520-SGTTA,Telco-2520-SGTTA,,,enterprise,20.0,24,2024-01-15,2026-01-04,2024-01-15,3,12.5,0,0,,0,US,Telecommunications,,false,
7481-ATQQS,Telco-7481-ATQQS,,,starter,90.85,,2020-01-06,,2023-12-16,4,50.0,0,4,,0,US,Telecommunications,,true,2024-01-15
2277-VWCNI,Telco-2277-VWCNI,,,starter,48.75,,2023-09-17,,2024-01-15,8,25.0,0,0,,0,US,Telecommunications,,false,
1088-CNNKB,Telco-1088-CNNKB,,,growth,80.0,12,2018-11-12,2024-10-11,2024-01-15,8,87.5,0,2,,0,US,Telecommunications,,false,
8642-GVWRF,Telco-8642-GVWRF,,,starter,79.7,,2023-11-16,,2023-12-16,4,37.5,0,0,,0,US,Telecommunications,,true,2024-01-15
1930-BZLHI,Telco-1930-BZLHI,,,growth,20.35,12,2022-04-25,2024-04-14,2024-01-15,3,12.5,0,1,,0,US,Telecommunications,,false,
3400-ESFUW,Telco-3400-ESFUW,,,enterprise,57.55,24,2019-07-10,2021-06-29,2023-12-16,2,50.0,0,2,,0,US,Telecommunications,,true,2024-01-15
5868-YTYKS,Telco-5868-YTYKS,,,starter,20.25,,2023-12-16,,2024-01-15,3,12.5,0,0,,0,US,Telecommunications,,false,
3525-DVKFN,Telco-3525-DVKFN,,,enterprise,19.4,24,2022-08-23,2024-08-12,2024-01-15,3,12.5,0,1,,0,US,Telecommunications,,false,
1482-OXZSY,Telco-1482-OXZSY,,,starter,100.4,,2021-07-29,,2024-01-15,15,62.5,0,2,,0,US,Telecommunications,,false,
0377-JBKKT,Telco-0377-JBKKT,,,starter,57.95,,2022-03-26,,2024-01-15,8,50.0,0,0,,0,US,Telecommunications,,false,
5778-BVOFB,Telco-5778-BVOFB,,,starter,59.5,,2023-04-20,,2024-01-15,8,37.5,0,0,,0,US,Telecommunications,,false,
3373-YZZYM,Telco-3373-YZZYM,,,starter,19.2,,2023-12-16,,2024-01-15,3,12.5,0,0,,0,US,Telecommunications,,false,
2057-ZBLPD,Telco-2057-ZBLPD,,,starter,86.5,,2022-04-25,,2023-12-16,4,37.5,0,1,,2,US,Telecommunications,,true,2024-01-15
0228-MAUWC,Telco-0228-MAUWC,,,starter,59.55,,2022-06-24,,2024-01-15,8,50.0,0,0,,1,US,Telecommunications,,false,
5502-RLUYV,Telco-5502-RLUYV,,,starter,103.95,,2018-05-16,,2023-12-16,4,75.0,0,5,,2,US,Telecommunications,,true,2024-01-15
0023-HGHWL,Telco-0023-HGHWL,,,starter,25.1,,2023-12-16,,2023-12-16,2,0.0,0,0,,2,US,Telecommunications,,true,2024-01-15
7663-YJHSN,Telco-7663-YJHSN,,,enterprise,103.95,24,2018-02-15,2026-01-04,2024-01-15,15,87.5,0,3,,0,US,Telecommunications,,false,
4915-BFSXL,Telco-4915-BFSXL,,,enterprise,68.95,24,2018-04-16,2024-03-15,2024-01-15,8,62.5,0,5,,0,US,Telecommunications,,false,
3086-RUCRN,Telco-3086-RUCRN,,,starter,103.1,,2018-08-14,,2024-01-15,15,87.5,0,2,,0,US,Telecommunications,,false,
5215-LNLDJ,Telco-5215-LNLDJ,,,starter,24.7,,2023-06-19,,2024-01-15,8,0.0,0,0,,1,US,Telecommunications,,false,
7576-JMYWV,Telco-7576-JMYWV,,,starter,110.2,,2020-04-05,,2024-01-15,15,87.5,0,1,,1,US,Telecommunications,,false,
9039-RBEEE,Telco-9039-RBEEE,,,starter,48.95,,2020-11-01,,2023-12-16,2,50.0,0,1,,0,US,Telecommunications,,true,2024-01-15
0257-KXZGU,Telco-0257-KXZGU,,,starter,62.45,,2021-05-30,,2024-01-15,8,50.0,0,2,,0,US,Telecommunications,,false,
1307-ATKGB,Telco-1307-ATKGB,,,starter,89.55,,2022-01-25,,2024-01-15,15,50.0,0,2,,1,US,Telecommunications,,false,
8417-FMLZI,Telco-8417-FMLZI,,,starter,83.55,,2023-07-19,,2023-12-16,4,37.5,0,0,,0,US,Telecommunications,,true,2024-01-15
3714-XPXBW,Telco-3714-XPXBW,,,starter,78.9,,2020-12-31,,2024-01-15,8,87.5,0,1,,0,US,Telecommunications,,false,
1850-AKQEP,Telco-1850-AKQEP,,,starter,20.35,,2023-05-20,,2024-01-15,3,12.5,0,0,,0,US,Telecommunications,,false,
2824-DXNKN,Telco-2824-DXNKN,,,enterprise,71.45,24,2018-02-15,2026-01-04,2024-01-15,8,62.5,0,6,,0,US,Telecommunications,,false,
5227-JSCFE,Telco-5227-JSCFE,,,enterprise,46.35,24,2018-03-17,2024-02-14,2024-01-15,8,50.0,0,2,,0,US,Telecommunications,,false,
0848-ZGQIJ,Telco-0848-ZGQIJ,,,starter,94.65,,2022-09-22,,2024-01-15,15,50.0,0,1,,0,US,Telecommunications,,false,
3621-CHYVB,Telco-3621-CHYVB,,,starter,49.9,,2019-05-11,,2024-01-15,8,50.0,0,2,,0,US,Telecommunications,,false,
8042-RNLKO,Telco-8042-RNLKO,,,growth,25.45,12,2018-08-14,2024-07-13,2024-01-15,3,25.0,0,5,,0,US,Telecommunications,,false,
1792-UXAFY,Telco-1792-UXAFY,,,starter,89.15,,2022-08-23,,2023-12-16,4,50.0,0,1,,2,US,Telecommunications,,true,2024-01-15
5372-FBKBN,Telco-5372-FBKBN,,,starter,20.75,,2022-04-25,,2024-01-15,3,12.5,0,1,,0,US,Telecommunications,,false,
0420-TXVSG,Telco-0420-TXVSG,,,enterprise,66.1,24,2018-08-14,2024-07-13,2024-01-15,8,62.5,0,5,,0,US,Telecommunications,,false,
6217-TOWGS,Telco-6217-TOWGS,,,starter,75.4,,2022-08-23,,2024-01-15,8,62.5,0,1,,0,US,Telecommunications,,false,
0515-YPMCW,Telco-0515-YPMCW,,,starter,70.45,,2023-12-16,,2023-12-16,4,12.5,0,0,,1,US,Telecommunications,,true,2024-01-15
0378-XSZPU,Telco-0378-XSZPU,,,growth,60.3,12,2019-04-11,2020-04-05,2023-12-16,2,50.0,0,4,,0,US,Telecommunications,,true,2024-01-15
1045-LTCYT,Telco-1045-LTCYT,,,starter,21.05,,2023-05-20,,2024-01-15,3,12.5,0,0,,0,US,Telecommunications,,false,
1544-JJMYL,Telco-1544-JJMYL,,,growth,69.35,12,2021-10-27,2024-10-11,2024-01-15,8,62.5,0,1,,0,US,Telecommunications,,false,
4636-JGAAI,Telco-4636-JGAAI,,,starter,88.85,,2021-03-31,,2024-01-15,15,50.0,0,2,,0,US,Telecommunications,,false,
6874-SGLHU,Telco-6874-SGLHU,,,growth,97.0,12,2021-07-29,2024-07-13,2024-01-15,15,50.0,0,2,,0,US,Telecommunications,,false,
5951-AOFIH,Telco-5951-AOFIH,,,starter,66.4,,2021-04-30,,2024-01-15,8,50.0,0,2,,0,US,Telecommunications,,false,
4729-XKASR,Telco-4729-XKASR,,,starter,24.75,,2023-12-16,,2023-12-16,2,0.0,0,0,,2,US,Telecommunications,,true,2024-01-15
3059-NGMXB,Telco-3059-NGMXB,,,starter,69.2,,2022-11-21,,2024-01-15,8,62.5,0,1,,0,US,Telecommunications,,false,
8652-YHIYU,Telco-8652-YHIYU,,,growth,79.5,12,2022-09-22,2024-09-11,2024-01-15,15,37.5,0,0,,0,US,Telecommunications,,false,
5278-PNYOX,Telco-5278-PNYOX,,,enterprise,100.65,24,2020-01-06,2025-12-05,2024-01-15,15,62.5,0,2,,0,US,Telecommunications,,false,
5449-FIBXJ,Telco-5449-FIBXJ,,,starter,103.3,,2022-06-24,,2023-12-16,4,75.0,0,0,,2,US,Telecommunications,,true,2024-01-15
3486-HOOGQ,Telco-3486-HOOGQ,,,enterprise,79.7,24,2018-04-16,2024-03-15,2024-01-15,8,87.5,0,2,,0,US,Telecommunications,,false,
5061-PBXFW,Telco-5061-PBXFW,,,starter,61.4,,2021-05-30,,2024-01-15,8,50.0,0,1,,0,US,Telecommunications,,false,
8630-FJLIB,Telco-8630-FJLIB,,,starter,69.8,,2022-07-24,,2024-01-15,15,12.5,0,1,,1,US,Telecommunications,,false,
3891-NLXJB,Telco-3891-NLXJB,,,enterprise,40.55,24,2020-12-31,2024-12-10,2024-01-15,8,37.5,0,1,,0,US,Telecommunications,,false,
4749-OJKQU,Telco-4749-OJKQU,,,starter,75.65,,2023-09-17,,2024-01-15,15,25.0,0,0,,1,US,Telecommunications,,false,
0577-WHMEV,Telco-0577-WHMEV,,,starter,90.7,,2022-09-22,,2024-01-15,15,62.5,0,1,,1,US,Telecommunications,,false,
5453-AXEPF,Telco-5453-AXEPF,,,starter,80.5,,2022-08-23,,2024-01-15,15,37.5,0,1,,0,US,Telecommunications,,false,
3639-XJHKQ,Telco-3639-XJHKQ,,,starter,60.6,,2022-06-24,,2024-01-15,8,50.0,0,1,,1,US,Telecommunications,,false,
3716-LRGXK,Telco-3716-LRGXK,,,enterprise,101.15,24,2019-02-10,2025-01-09,2024-01-15,15,62.5,0,5,,0,US,Telecommunications,,false,
2263-SFSQZ,Telco-2263-SFSQZ,,,enterprise,24.95,24,2019-11-07,2025-10-06,2024-01-15,3,25.0,0,4,,0,US,Telecommunications,,false,
9950-MTGYX,Telco-9950-MTGYX,,,enterprise,20.3,24,2021-09-27,2025-09-06,2024-01-15,3,12.5,0,2,,0,US,Telecommunications,,false,
3397-AVTKU,Telco-3397-AVTKU,,,enterprise,60.0,24,2020-07-04,2024-06-13,2024-01-15,8,37.5,0,3,,1,US,Telecommunications,,false,
4825-FUREZ,Telco-4825-FUREZ,,,enterprise,20.25,24,2020-08-03,2024-07-13,2024-01-15,3,12.5,0,3,,1,US,Telecommunications,,false,
9837-BMCLM,Telco-9837-BMCLM,,,starter,78.5,,2023-10-17,,2023-12-16,4,25.0,0,0,,2,US,Telecommunications,,true,2024-01-15
2672-OJQZP,Telco-2672-OJQZP,,,starter,44.75,,2023-12-16,,2024-01-15,8,12.5,0,0,,0,US,Telecommunications,,false,
0137-UDEUO,Telco-0137-UDEUO,,,starter,19.85,,2023-10-17,,2023-12-16,1,12.5,0,0,,1,US,Telecommunications,,true,2024-01-15
3134-DSHVC,Telco-3134-DSHVC,,,enterprise,98.0,24,2018-11-12,2024-10-11,2024-01-15,15,75.0,0,5,,0,US,Telecommunications,,false,
6161-UUUTA,Telco-6161-UUUTA,,,starter,79.9,,2023-10-17,,2023-12-16,4,25.0,0,0,,2,US,Telecommunications,,true,2024-01-15
7821-DPRQE,Telco-7821-DPRQE,,,starter,107.7,,2018-06-15,,2024-01-15,15,87.5,0,2,,1,US,Telecommunications,,false,
6543-XRMYR,Telco-6543-XRMYR,,,starter,99.7,,2021-07-29,,2023-12-16,4,62.5,0,2,,2,US,Telecommunications,,true,2024-01-15
2001-EWBQU,Telco-2001-EWBQU,,,enterprise,104.7,24,2019-02-10,2025-01-09,2024-01-15,15,75.0,0,5,,1,US,Telecommunications,,false,
4925-LMHOK,Telco-4925-LMHOK,,,starter,58.6,,2022-10-22,,2023-12-16,2,50.0,0,0,,0,US,Telecommunications,,true,2024-01-15
1608-GMEWB,Telco-1608-GMEWB,,,starter,93.9,,2020-05-05,,2024-01-15,15,50.0,0,3,,0,US,Telecommunications,,false,
6695-AMZUF,Telco-6695-AMZUF,,,enterprise,86.45,24,2018-04-16,2024-03-15,2024-01-15,8,87.5,0,2,,0,US,Telecommunications,,false,
1455-UGQVH,Telco-1455-UGQVH,,,starter,98.5,,2023-03-21,,2023-12-16,4,62.5,0,0,,2,US,Telecommunications,,true,2024-01-15
8410-BGQXN,Telco-8410-BGQXN,,,starter,19.4,,2023-09-17,,2024-01-15,3,12.5,0,0,,0,US,Telecommunications,,false,
8280-MQRQN,Telco-8280-MQRQN,,,starter,50.45,,2023-12-16,,2023-12-16,2,25.0,0,0,,1,US,Telecommunications,,true,2024-01-15
1619-YWUBB,Telco-1619-YWUBB,,,enterprise,24.95,24,2018-06-15,2024-05-14,2024-01-15,3,25.0,0,5,,0,US,Telecommunications,,false,
7611-YKYTC,Telco-7611-YKYTC,,,starter,75.0,,2022-03-26,,2024-01-15,15,25.0,0,1,,0,US,Telecommunications,,false,
2037-SGXHH,Telco-2037-SGXHH,,,starter,94.65,,2020-12-01,,2023-12-16,4,62.5,0,3,,2,US,Telecommunications,,true,2024-01-15
3178-FESZO,Telco-3178-FESZO,,,starter,100.25,,2023-12-16,,2023-12-16,4,62.5,0,0,,0,US,Telecommunications,,true,2024-01-15
0365-GXEZS,Telco-0365-GXEZS,,,starter,78.2,,2022-07-24,,2024-01-15,15,37.5,0,0,,1,US,Telecommunications,,false,
0082-OQIQY,Telco-0082-OQIQY,,,starter,94.2,,2021-08-28,,2024-01-15,15,50.0,0,1,,1,US,Telecommunications,,false,
6087-MVHJH,Telco-6087-MVHJH,,,starter,88.45,,2022-09-22,,2023-12-16,4,50.0,0,1,,2,US,Telecommunications,,true,2024-01-15
4603-JANFB,Telco-4603-JANFB,,,starter,69.85,,2023-12-16,,2023-12-16,4,12.5,0,0,,2,US,Telecommunications,,true,2024-01-15
3018-TFTSU,Telco-3018-TFTSU,,,starter,81.7,,2023-01-20,,2023-12-16,4,37.5,0,1,,0,US,Telecommunications,,true,2024-01-15
3606-SBKRY,Telco-3606-SBKRY,,,growth,50.05,12,2021-06-29,2024-06-13,2024-01-15,8,37.5,0,2,,1,US,Telecommunications,,false,
4806-KEXQR,Telco-4806-KEXQR,,,starter,79.9,,2023-09-17,,2023-12-16,4,25.0,0,0,,2,US,Telecommunications,,true,2024-01-15
0667-NSRGI,Telco-0667-NSRGI,,,growth,69.55,12,2020-02-05,2025-01-09,2024-01-15,8,62.5,0,2,,0,US,Telecommunications,,false,
7083-YNSKY,Telco-7083-YNSKY,,,starter,25.4,,2022-10-22,,2023-12-16,1,25.0,0,1,,0,US,Telecommunications,,true,2024-01-15
6893-ODYYE,Telco-6893-ODYYE,,,growth,90.1,12,2019-12-07,2024-11-10,2024-01-15,15,62.5,0,2,,0,US,Telecommunications,,false,
8242-JSVBO,Telco-8242-JSVBO,,,starter,44.65,,2023-06-19,,2024-01-15,8,12.5,0,0,,0,US,Telecommunications,,false,
2479-BRAMR,Telco-2479-BRAMR,,,starter,83.75,,2020-09-02,,2023-12-16,4,50.0,0,3,,0,US,Telecommunications,,true,2024-01-15
9541-ZPSEA,Telco-9541-ZPSEA,,,enterprise,80.35,24,2018-06-15,2024-05-14,2024-01-15,15,37.5,0,5,,0,US,Telecommunications,,false,
2665-NPTGL,Telco-2665-NPTGL,,,starter,98.1,,2021-11-26,,2024-01-15,15,62.5,0,2,,0,US,Telecommunications,,false,
1139-WUOAH,Telco-1139-WUOAH,,,enterprise,53.35,24,2019-05-11,2025-04-09,2024-01-15,8,50.0,0,2,,0,US,Telecommunications,,false,
4693-VWVBO,Telco-4693-VWVBO,,,starter,19.55,,2023-10-17,,2024-01-15,3,12.5,0,0,,1,US,Telecommunications,,false,
7434-SHXLS,Telco-7434-SHXLS,,,starter,20.9,,2023-12-16,,2023-12-16,1,12.5,0,0,,1,US,Telecommunications,,true,2024-01-15
6937-GCDGQ,Telco-6937-GCDGQ,,,growth,48.95,12,2022-06-24,2024-06-13,2024-01-15,8,25.0,0,1,,0,US,Telecommunications,,false,
0988-JRWWP,Telco-0988-JRWWP,,,starter,54.2,,2023-10-17,,2024-01-15,8,25.0,0,0,,1,US,Telecommunications,,false,
5075-JSDKI,Telco-5075-JSDKI,,,enterprise,24.45,24,2019-03-12,2025-02-08,2024-01-15,3,25.0,0,4,,1,US,Telecommunications,,false,
7908-QCBCA,Telco-7908-QCBCA,,,starter,69.4,,2023-12-16,,2023-12-16,4,12.5,0,0,,1,US,Telecommunications,,true,2024-01-15
8644-XYTSV,Telco-8644-XYTSV,,,starter,40.15,,2020-08-03,,2024-01-15,8,25.0,0,3,,0,US,Telecommunications,,false,
6711-FLDFB,Telco-6711-FLDFB,,,starter,74.9,,2023-06-19,,2023-12-16,4,25.0,0,0,,2,US,Telecommunications,,true,2024-01-15
3873-WOSBC,Telco-3873-WOSBC,,,enterprise,25.6,24,2018-07-15,2024-06-13,2024-01-15,3,25.0,0,5,,0,US,Telecommunications,,false,
7465-ZZRVX,Telco-7465-ZZRVX,,,starter,70.35,,2023-12-16,,2024-01-15,15,12.5,0,0,,1,US,Telecommunications,,false,
7975-JMZNT,Telco-7975-JMZNT,,,enterprise,91.7,24,2018-08-14,2024-07-13,2024-01-15,8,100.0,0,2,,0,US,Telecommunications,,false,
7251-XFOIL,Telco-7251-XFOIL,,,starter,89.2,,2019-01-11,,2024-01-15,15,50.0,0,5,,0,US,Telecommunications,,false,
4116-IQRFR,Telco-4116-IQRFR,,,growth,24.1,12,2023-09-17,2024-09-11,2024-01-15,3,25.0,0,0,,0,US,Telecommunications,,false,
3714-JTVOV,Telco-3714-JTVOV,,,starter,74.15,,2020-08-03,,2023-12-16,4,25.0,0,3,,0,US,Telecommunications,,true,2024-01-15
8259-DZLIZ,Telco-8259-DZLIZ,,,growth,53.85,12,2018-10-13,2024-09-11,2024-01-15,8,37.5,0,5,,0,US,Telecommunications,,false,
0442-ZXKVS,Telco-0442-ZXKVS,,,growth,115.6,12,2019-08-09,2024-07-13,2024-01-15,15,100.0,0,2,,0,US,Telecommunications,,false,
7853-WNZSY,Telco-7853-WNZSY,,,starter,19.75,,2023-12-16,,2024-01-15,3,12.5,0,0,,0,US,Telecommunications,,false,
3120-FAZKD,Telco-3120-FAZKD,,,enterprise,24.05,24,2019-08-09,2025-07-08,2024-01-15,3,25.0,0,4,,0,US,Telecommunications,,false,
8606-OEGQZ,Telco-8606-OEGQZ,,,enterprise,25.3,24,2022-07-24,2024-07-13,2024-01-15,3,25.0,0,1,,0,US,Telecommunications,,false,
0225-ZORZP,Telco-0225-ZORZP,,,starter,84.3,,2023-10-17,,2024-01-15,15,37.5,0,0,,1,US,Telecommunications,,false,
4702-IOQDC,Telco-4702-IOQDC,,,starter,70.1,,2023-12-16,,2023-12-16,4,12.5,0,0,,2,US,Telecommunications,,true,2024-01-15
9489-JMTTN,Telco-9489-JMTTN,,,enterprise,89.75,24,2018-02-15,2026-01-04,2024-01-15,8,100.0,0,3,,0,US,Telecommunications,,false,
0575-CUQOV,Telco-0575-CUQOV,,,growth,97.95,12,2019-02-10,2025-01-09,2024-01-15,15,62.5,0,5,,1,US,Telecommunications,,false,
0967-BMLBD,Telco-0967-BMLBD,,,growth,20.0,12,2023-02-19,2024-02-14,2024-01-15,3,12.5,0,0,,0,US,Telecommunications,,false,
6178-KFNHS,Telco-6178-KFNHS,,,starter,78.3,,2023-01-20,,2023-12-16,4,37.5,0,1,,2,US,Telecommunications,,true,2024-01-15
2830-LEWOA,Telco-2830-LEWOA,,,growth,103.9,12,2019-01-11,2024-12-10,2024-01-15,15,75.0,0,2,,0,US,Telecommunications,,false,
5006-MXVRN,Telco-5006-MXVRN,,,enterprise,20.7,24,2020-11-01,2024-10-11,2024-01-15,3,12.5,0,3,,0,US,Telecommunications,,false,
1264-BYWMS,Telco-1264-BYWMS,,,starter,96.8,,2019-07-10,,2023-12-16,4,50.0,0,4,,2,US,Telecommunications,,true,2024-01-15
9658-WYUFB,Telco-9658-WYUFB,,,starter,94.4,,2022-08-23,,2023-12-16,4,62.5,0,1,,2,US,Telecommunications,,true,2024-01-15
8327-WKMIE,Telco-8327-WKMIE,,,growth,20.15,12,2020-12-31,2024-12-10,2024-01-15,3,12.5,0,3,,0,US,Telecommunications,,false,
6917-FIJHC,Telco-6917-FIJHC,,,enterprise,26.0,24,2018-02-15,2026-01-04,2024-01-15,3,25.0,0,6,,0,US,Telecommunications,,false,
5329-KRDTM,Telco-5329-KRDTM,,,enterprise,77.35,24,2018-02-15,2026-01-04,2024-01-15,8,75.0,0,3,,0,US,Telecommunications,,false,
7797-EJMDP,Telco-7797-EJMDP,,,starter,66.05,,2023-05-20,,2024-01-15,8,50.0,0,0,,0,US,Telecommunications,,false,
3530-VWVGU,Telco-3530-VWVGU,,,starter,19.9,,2022-03-26,,2024-01-15,3,12.5,0,1,,0,US,Telecommunications,,false,
2013-SGDXK,Telco-2013-SGDXK,,,starter,84.3,,2023-12-16,,2023-12-16,4,37.5,0,0,,2,US,Telecommunications,,true,2024-01-15
6368-NWMCE,Telco-6368-NWMCE,,,starter,68.15,,2020-12-01,,2024-01-15,8,62.5,0,1,,0,US,Telecommunications,,false,
3633-CDBUW,Telco-3633-CDBUW,,,growth,80.85,12,2022-08-23,2024-08-12,2024-01-15,8,75.0,0,0,,1,US,Telecommunications,,false,
0707-HOVVN,Telco-0707-HOVVN,,,enterprise,75.5,24,2018-04-16,2024-03-15,2024-01-15,8,75.0,0,2,,0,US,Telecommunications,,false,
8580-QVLOC,Telco-8580-QVLOC,,,enterprise,92.45,24,2018-02-15,2020-02-05,2023-12-16,2,100.0,0,3,,0,US,Telecommunications,,true,2024-01-15
3956-MGXOG,Telco-3956-MGXOG,,,starter,80.6,,2021-09-27,,2024-01-15,15,25.0,0,2,,1,US,Telecommunications,,false,
9274-UARKJ,Telco-9274-UARKJ,,,starter,83.2,,2022-10-22,,2024-01-15,15,37.5,0,1,,0,US,Telecommunications,,false,
4077-HWUYD,Telco-4077-HWUYD,,,enterprise,87.55,24,2018-02-15,2026-01-04,2024-01-15,8,100.0,0,3,,0,US,Telecommunications,,false,
2012-NWRPA,Telco-2012-NWRPA,,,starter,99.55,,2023-02-19,,2023-12-16,4,62.5,0,0,,2,US,Telecommunications,,true,2024-01-15
8808-ELEHO,Telco-8808-ELEHO,,,starter,81.25,,2023-05-20,,2023-12-16,4,37.5,0,0,,2,US,Telecommunications,,true,2024-01-15
0103-CSITQ,Telco-0103-CSITQ,,,growth,109.4,12,2019-05-11,2024-04-14,2024-01-15,15,87.5,0,2,,0,US,Telecommunications,,false,
3506-LCJDC,Telco-3506-LCJDC,,,starter,19.95,,2023-12-16,,2023-12-16,1,12.5,0,0,,0,US,Telecommunications,,true,2024-01-15
8671-KKKOS,Telco-8671-KKKOS,,,starter,45.55,,2020-04-05,,2024-01-15,8,37.5,0,3,,1,US,Telecommunications,,false,
7305-ZWMAJ,Telco-7305-ZWMAJ,,,growth,20.7,12,2021-07-29,2024-07-13,2024-01-15,3,12.5,0,2,,0,US,Telecommunications,,false,
9518-XXBXE,Telco-9518-XXBXE,,,starter,75.3,,2023-03-21,,2024-01-15,15,25.0,0,0,,1,US,Telecommunications,,false,
3934-HXCFZ,Telco-3934-HXCFZ,,,starter,99.25,,2022-02-24,,2023-12-16,4,75.0,0,1,,2,US,Telecommunications,,true,2024-01-15
6578-KRMAW,Telco-6578-KRMAW,,,starter,93.4,,2021-05-30,,2024-01-15,15,62.5,0,2,,0,US,Telecommunications,,false,
4860-IJUDE,Telco-4860-IJUDE,,,starter,73.75,,2022-12-21,,2024-01-15,15,25.0,0,1,,0,US,Telecommunications,,false,
7666-WKRON,Telco-7666-WKRON,,,enterprise,80.45,24,2020-11-01,2022-10-22,2023-12-16,4,37.5,0,1,,2,US,Telecommunications,,true,2024-01-15
9688-YGXVR,Telco-9688-YGXVR,,,starter,88.15,,2020-06-04,,2024-01-15,15,50.0,0,3,,0,US,Telecommunications,,false,
0423-UDIJQ,Telco-0423-UDIJQ,,,starter,49.2,,2023-04-20,,2024-01-15,8,25.0,0,0,,0,US,Telecommunications,,false,
1945-XISKS,Telco-1945-XISKS,,,enterprise,19.65,24,2018-07-15,2024-06-13,2024-01-15,3,12.5,0,5,,0,US,Telecommunications,,false,
4910-AQFFX,Telco-4910-AQFFX,,,starter,79.35,,2023-04-20,,2023-12-16,4,37.5,0,0,,0,US,Telecommunications,,true,2024-01-15
2154-KVJFF,Telco-2154-KVJFF,,,starter,79.75,,2022-10-22,,2023-12-16,4,37.5,0,1,,2,US,Telecommunications,,true,2024-01-15
5360-LJCNJ,Telco-5360-LJCNJ,,,enterprise,105.15,24,2018-03-17,2024-02-14,2024-01-15,15,75.0,0,5,,0,US,Telecommunications,,false,
2607-FBDFF,Telco-2607-FBDFF,,,starter,49.0,,2023-12-16,,2024-01-15,8,25.0,0,0,,0,US,Telecommunications,,false,
9647-ERGBE,Telco-9647-ERGBE,,,starter,100.05,,2021-07-29,,2023-12-16,4,62.5,0,2,,2,US,Telecommunications,,true,2024-01-15
3428-XZMAZ,Telco-3428-XZMAZ,,,starter,69.35,,2023-12-16,,2023-12-16,4,12.5,0,0,,2,US,Telecommunications,,true,2024-01-15
1100-DDVRV,Telco-1100-DDVRV,,,starter,49.8,,2022-08-23,,2024-01-15,8,37.5,0,1,,0,US,Telecommunications,,false,
0378-TOVMS,Telco-0378-TOVMS,,,starter,85.8,,2023-10-17,,2023-12-16,4,37.5,0,0,,2,US,Telecommunications,,true,2024-01-15
4355-HBJHH,Telco-4355-HBJHH,,,enterprise,79.7,24,2018-07-15,2020-07-04,2023-12-16,2,75.0,0,5,,2,US,Telecommunications,,true,2024-01-15
6728-WYQBC,Telco-6728-WYQBC,,,starter,20.95,,2023-12-16,,2024-01-15,3,12.5,0,0,,0,US,Telecommunications,,false,
9058-CBREO,Telco-9058-CBREO,,,starter,50.55,,2023-12-16,,2023-12-16,2,25.0,0,0,,1,US,Telecommunications,,true,2024-01-15
9029-FEGVJ,Telco-9029-FEGVJ,,,starter,79.3,,2021-05-30,,2024-01-15,15,37.5,0,2,,0,US,Telecommunications,,false,
7216-KAOID,Telco-7216-KAOID,,,growth,19.5,12,2020-09-02,2024-08-12,2024-01-15,3,12.5,0,3,,0,US,Telecommunications,,false,
0318-QUUOB,Telco-0318-QUUOB,,,starter,80.55,,2023-12-16,,2023-12-16,4,25.0,0,0,,2,US,Telecommunications,,true,2024-01-15
6145-NNPNO,Telco-6145-NNPNO,,,starter,44.15,,2023-12-16,,2024-01-15,8,12.5,0,0,,0,US,Telecommunications,,false,
5520-FVEWJ,Telco-5520-FVEWJ,,,starter,84.5,,2023-01-20,,2023-12-16,4,50.0,0,1,,2,US,Telecommunications,,true,2024-01-15
5339-TJFEK,Telco-5339-TJFEK,,,starter,105.5,,2018-12-12,,2024-01-15,15,75.0,0,5,,1,US,Telecommunications,,false,
5572-ZDXHY,Telco-5572-ZDXHY,,,starter,84.3,,2022-03-26,,2023-12-16,4,37.5,0,1,,1,US,Telecommunications,,true,2024-01-15
2074-GUHPQ,Telco-2074-GUHPQ,,,starter,92.7,,2022-08-23,,2024-01-15,15,62.5,0,0,,0,US,Telecommunications,,false,
4625-XMOYM,Telco-4625-XMOYM,,,enterprise,26.25,24,2018-02-15,2026-01-04,2024-01-15,3,25.0,0,6,,0,US,Telecommunications,,false,
5827-MWCZK,Telco-5827-MWCZK,,,starter,96.95,,2019-06-10,,2024-01-15,15,62.5,0,2,,0,US,Telecommunications,,false,
1385-TQOZW,Telco-1385-TQOZW,,,starter,20.45,,2023-04-20,,2024-01-15,3,12.5,0,0,,0,US,Telecommunications,,false,
5914-XRFQB,Telco-5914-XRFQB,,,enterprise,115.8,24,2018-02-15,2026-01-04,2024-01-15,15,100.0,0,3,,0,US,Telecommunications,,false,
4329-YPDDQ,Telco-4329-YPDDQ,,,starter,108.2,,2022-05-25,,2024-01-15,15,87.5,0,0,,0,US,Telecommunications,,false,
4804-NCPET,Telco-4804-NCPET,,,enterprise,20.2,24,2022-06-24,2024-06-13,2024-01-15,3,12.5,0,1,,0,US,Telecommunications,,false,
3750-CKVKH,Telco-3750-CKVKH,,,starter,67.75,,2023-11-16,,2023-12-16,4,12.5,0,0,,2,US,Telecommunications,,true,2024-01-15
5944-UGLLK,Telco-5944-UGLLK,,,growth,54.9,12,2019-09-08,2024-08-12,2024-01-15,8,50.0,0,2,,0,US,Telecommunications,,false,
8063-GBATB,Telco-8063-GBATB,,,starter,85.25,,2021-10-27,,2023-12-16,4,37.5,0,2,,2,US,Telecommunications,,true,2024-01-15
7787-BNTZM,Telco-7787-BNTZM,,,starter,20.15,,2023-07-19,,2024-01-15,3,12.5,0,0,,0,US,Telecommunications,,false,
2252-ISRNH,Telco-2252-ISRNH,,,growth,90.35,12,2023-04-20,2024-04-14,2024-01-15,15,50.0,0,0,,1,US,Telecommunications,,false,
9415-TPKRV,Telco-9415-TPKRV,,,starter,55.75,,2023-05-20,,2024-01-15,8,37.5,0,0,,1,US,Telecommunications,,false,
5322-TEUJK,Telco-5322-TEUJK,,,enterprise,114.6,24,2018-03-17,2024-02-14,2024-01-15,15,100.0,0,2,,0,US,Telecommunications,,false,
4547-KQRTM,Telco-4547-KQRTM,,,starter,80.05,,2023-03-21,,2023-12-16,4,37.5,0,0,,0,US,Telecommunications,,true,2024-01-15
4877-EVATK,Telco-4877-EVATK,,,starter,20.0,,2023-12-16,,2023-12-16,1,12.5,0,0,,1,US,Telecommunications,,true,2024-01-15
1866-DIOQZ,Telco-1866-DIOQZ,,,growth,66.8,12,2018-03-17,2024-02-14,2024-01-15,8,75.0,0,2,,0,US,Telecommunications,,false,
8375-KVTHK,Telco-8375-KVTHK,,,growth,100.3,12,2018-06-15,2024-05-14,2024-01-15,15,62.5,0,2,,1,US,Telecommunications,,false,
2697-NQBPF,Telco-2697-NQBPF,,,starter,105.35,,2021-03-31,,2024-01-15,15,75.0,0,1,,1,US,Telecommunications,,false,
3709-OIJEA,Telco-3709-OIJEA,,,growth,85.2,12,2021-11-26,2024-11-10,2024-01-15,15,50.0,0,1,,1,US,Telecommunications,,false,
7639-SUPCW,Telco-7639-SUPCW,,,starter,48.8,,2022-03-26,,2023-12-16,2,25.0,0,1,,0,US,Telecommunications,,true,2024-01-15
1386-ZIKUV,Telco-1386-ZIKUV,,,starter,18.95,,2023-06-19,,2024-01-15,3,12.5,0,0,,0,US,Telecommunications,,false,
0599-XNYDO,Telco-0599-XNYDO,,,starter,69.8,,2022-05-25,,2024-01-15,15,12.5,0,1,,0,US,Telecommunications,,false,
6377-WHAOX,Telco-6377-WHAOX,,,starter,106.15,,2019-02-10,,2024-01-15,15,75.0,0,5,,1,US,Telecommunications,,false,
6855-VLGOS,Telco-6855-VLGOS,,,enterprise,20.55,24,2018-02-15,2026-01-04,2024-01-15,3,12.5,0,6,,1,US,Telecommunications,,false,
8999-XXGNS,Telco-8999-XXGNS,,,growth,105.75,12,2018-02-15,2025-01-09,2024-01-15,15,75.0,0,6,,0,US,Telecommunications,,false,
8746-OQQRW,Telco-8746-OQQRW,,,starter,25.25,,2023-09-17,,2024-01-15,3,25.0,0,0,,0,US,Telecommunications,,false,
3181-MIZBN,Telco-3181-MIZBN,,,starter,19.75,,2022-09-22,,2024-01-15,3,12.5,0,1,,1,US,Telecommunications,,false,
0471-ARVMX,Telco-0471-ARVMX,,,growth,104.85,12,2018-12-12,2024-11-10,2024-01-15,15,75.0,0,5,,1,US,Telecommunications,,false,
7766-CLTIC,Telco-7766-CLTIC,,,starter,60.95,,2023-03-21,,2024-01-15,8,37.5,0,0,,0,US,Telecommunications,,false,
5650-YLIBA,Telco-5650-YLIBA,,,starter,81.15,,2021-06-29,,2024-01-15,15,37.5,0,2,,1,US,Telecommunications,,false,
0825-CPPQH,Telco-0825-CPPQH,,,enterprise,19.1,24,2018-03-17,2024-02-14,2024-01-15,3,12.5,0,5,,0,US,Telecommunications,,false,
9084-OAYKL,Telco-9084-OAYKL,,,enterprise,20.8,24,2019-04-11,2025-03-10,2024-01-15,3,12.5,0,4,,0,US,Telecommunications,,false,
6122-LJADA,Telco-6122-LJADA,,,enterprise,90.15,24,2018-04-16,2024-03-15,2024-01-15,8,100.0,0,2,,0,US,Telecommunications,,false,
2400-XIWIO,Telco-2400-XIWIO,,,enterprise,90.1,24,2018-03-17,2024-02-14,2024-01-15,8,100.0,0,2,,1,US,Telecommunications,,false,
7524-VRLPL,Telco-7524-VRLPL,,,enterprise,74.1,24,2018-05-16,2024-04-14,2024-01-15,8,75.0,0,2,,0,US,Telecommunications,,false,
1069-XAIEM,Telco-1069-XAIEM,,,starter,85.05,,2023-12-16,,2023-12-16,4,37.5,0,0,,2,US,Telecommunications,,true,2024-01-15
7569-NMZYQ,Telco-7569-NMZYQ,,,enterprise,118.75,24,2018-02-15,2026-01-04,2024-01-15,15,100.0,0,3,,0,US,Telecommunications,,false,
5201-USSQZ,Telco-5201-USSQZ,,,starter,85.9,,2021-11-26,,2024-01-15,15,37.5,0,1,,0,US,Telecommunications,,false,
2105-PHWON,Telco-2105-PHWON,,,starter,95.0,,2021-04-30,,2024-01-15,15,62.5,0,1,,0,US,Telecommunications,,false,
1494-EJZDW,Telco-1494-EJZDW,,,enterprise,20.15,24,2023-03-21,2025-03-10,2024-01-15,3,12.5,0,0,,0,US,Telecommunications,,false,
4884-TVUQF,Telco-4884-TVUQF,,,enterprise,101.3,24,2019-05-11,2025-04-09,2024-01-15,15,75.0,0,2,,0,US,Telecommunications,,false,
8003-EWNDZ,Telco-8003-EWNDZ,,,starter,21.2,,2023-03-21,,2024-01-15,3,12.5,0,0,,1,US,Telecommunications,,false,
1897-RCFUM,Telco-1897-RCFUM,,,growth,24.2,12,2020-11-01,2024-10-11,2024-01-15,3,25.0,0,3,,0,US,Telecommunications,,false,
9256-JTBNZ,Telco-9256-JTBNZ,,,starter,20.3,,2023-02-19,,2024-01-15,3,12.5,0,0,,0,US,Telecommunications,,false,
4658-HCOHW,Telco-4658-HCOHW,,,starter,102.8,,2022-04-25,,2023-12-16,4,75.0,0,0,,2,US,Telecommunications,,true,2024-01-15
2211-RMNHO,Telco-2211-RMNHO,,,enterprise,85.3,24,2018-06-15,2024-05-14,2024-01-15,8,87.5,0,2,,0,US,Telecommunications,,false,
2432-TFSMK,Telco-2432-TFSMK,,,growth,89.6,12,2022-07-24,2024-07-13,2024-01-15,15,50.0,0,1,,0,US,Telecommunications,,false,
3440-JPSCL,Telco-3440-JPSCL,,,starter,99.95,,2023-07-19,,2023-12-16,4,62.5,0,0,,1,US,Telecommunications,,true,2024-01-15
4929-ROART,Telco-4929-ROART,,,starter,56.25,,2022-07-24,,2024-01-15,8,37.5,0,1,,0,US,Telecommunications,,false,
1834-ABKHQ,Telco-1834-ABKHQ,,,growth,50.95,12,2019-10-08,2024-09-11,2024-01-15,8,25.0,0,4,,0,US,Telecommunications,,false,
1741-WTPON,Telco-1741-WTPON,,,enterprise,115.85,24,2019-06-10,2025-05-09,2024-01-15,15,100.0,0,2,,0,US,Telecommunications,,false,
3932-IJWDZ,Telco-3932-IJWDZ,,,starter,103.65,,2020-05-05,,2024-01-15,15,75.0,0,1,,0,US,Telecommunications,,false,
1240-HCBOH,Telco-1240-HCBOH,,,enterprise,26.1,24,2018-07-15,2024-06-13,2024-01-15,3,25.0,0,5,,0,US,Telecommunications,,false,
3594-KADLU,Telco-3594-KADLU,,,starter,35.1,,2023-10-17,,2024-01-15,8,25.0,0,0,,0,US,Telecommunications,,false,
8065-BVEPF,Telco-8065-BVEPF,,,starter,99.1,,2018-09-13,,2024-01-15,15,62.5,0,5,,0,US,Telecommunications,,false,
3796-ENZGF,Telco-3796-ENZGF,,,enterprise,67.25,24,2018-11-12,2024-10-11,2024-01-15,8,62.5,0,2,,0,US,Telecommunications,,false,
1734-ZMNTZ,Telco-1734-ZMNTZ,,,enterprise,25.0,24,2023-02-19,2025-02-08,2024-01-15,3,25.0,0,0,,0,US,Telecommunications,,false,
2853-CWQFQ,Telco-2853-CWQFQ,,,starter,59.55,,2023-12-16,,2024-01-15,8,37.5,0,0,,0,US,Telecommunications,,false,
0813-TAXXS,Telco-0813-TAXXS,,,enterprise,77.8,24,2019-07-10,2025-06-08,2024-01-15,8,62.5,0,4,,0,US,Telecommunications,,false,
2519-TWKFS,Telco-2519-TWKFS,,,growth,55.1,12,2021-12-26,2024-12-10,2024-01-15,8,37.5,0,1,,0,US,Telecommunications,,false,
2889-FPWRM,Telco-2889-FPWRM,,,growth,117.8,12,2018-02-15,2019-02-10,2023-12-16,4,100.0,0,3,,0,US,Telecommunications,,true,2024-01-15
0626-QXNGV,Telco-0626-QXNGV,,,enterprise,24.15,24,2018-02-15,2026-01-04,2024-01-15,3,25.0,0,6,,0,US,Telecommunications,,false,
6723-CEGQI,Telco-6723-CEGQI,,,enterprise,45.25,24,2018-09-13,2024-08-12,2024-01-15,8,37.5,0,2,,0,US,Telecommunications,,false,
6987-XQSJT,Telco-6987-XQSJT,,,starter,79.5,,2019-08-09,,2023-12-16,4,37.5,0,4,,2,US,Telecommunications,,true,2024-01-15
4732-RRJZC,Telco-4732-RRJZC,,,starter,20.25,,2023-06-19,,2024-01-15,3,12.5,0,0,,0,US,Telecommunications,,false,
9499-XPZXM,Telco-9499-XPZXM,,,enterprise,64.75,24,2018-02-15,2026-01-04,2024-01-15,8,62.5,0,3,,0,US,Telecommunications,,false,
4338-EYCER,Telco-4338-EYCER,,,starter,54.6,,2022-04-25,,2024-01-15,8,25.0,0,1,,0,US,Telecommunications,,false,
3007-FDPEA,Telco-3007-FDPEA,,,starter,20.7,,2023-11-16,,2024-01-15,3,12.5,0,0,,0,US,Telecommunications,,false,
6350-XFYGW,Telco-6350-XFYGW,,,starter,94.75,,2023-09-17,,2024-01-15,15,50.0,0,0,,1,US,Telecommunications,,false,
4290-BSXUX,Telco-4290-BSXUX,,,starter,79.65,,2023-10-17,,2023-12-16,4,37.5,0,0,,0,US,Telecommunications,,true,2024-01-15
8513-OLYGY,Telco-8513-OLYGY,,,enterprise,115.8,24,2018-02-15,2026-01-04,2024-01-15,15,100.0,0,3,,0,US,Telecommunications,,false,
0311-QYWSS,Telco-0311-QYWSS,,,starter,49.45,,2023-07-19,,2024-01-15,8,25.0,0,0,,1,US,Telecommunications,,false,
8705-DWKTI,Telco-8705-DWKTI,,,starter,83.8,,2019-10-08,,2024-01-15,15,37.5,0,4,,0,US,Telecommunications,,false,
8755-IWJHN,Telco-8755-IWJHN,,,starter,95.35,,2018-05-16,,2024-01-15,15,62.5,0,5,,0,US,Telecommunications,,false,
0325-XBFAC,Telco-0325-XBFAC,,,starter,94.7,,2023-05-20,,2023-12-16,4,50.0,0,0,,2,US,Telecommunications,,true,2024-01-15
4480-QQRHC,Telco-4480-QQRHC,,,starter,74.05,,2023-05-20,,2024-01-15,15,25.0,0,0,,0,US,Telecommunications,,false,
0929-PECLO,Telco-0929-PECLO,,,starter,89.6,,2018-11-12,,2024-01-15,15,50.0,0,5,,0,US,Telecommunications,,false,
3680-CTHUH,Telco-3680-CTHUH,,,growth,116.6,12,2019-02-10,2025-01-09,2024-01-15,15,100.0,0,2,,0,US,Telecommunications,,false,
1202-KKGFU,Telco-1202-KKGFU,,,starter,54.2,,2023-01-20,,2024-01-15,8,37.5,0,0,,0,US,Telecommunications,,false,
6112-KTHFQ,Telco-6112-KTHFQ,,,starter,19.3,,2022-12-21,,2024-01-15,3,12.5,0,1,,0,US,Telecommunications,,false,
1852-XEMDW,Telco-1852-XEMDW,,,starter,65.05,,2022-03-26,,2024-01-15,8,62.5,0,1,,0,US,Telecommunications,,false,
2462-XIIJB,Telco-2462-XIIJB,,,starter,92.5,,2023-08-18,,2023-12-16,4,50.0,0,0,,2,US,Telecommunications,,true,2024-01-15
4760-XOHVN,Telco-4760-XOHVN,,,starter,19.45,,2023-12-16,,2023-12-16,1,12.5,0,0,,1,US,Telecommunications,,true,2024-01-15
1820-DJFPH,Telco-1820-DJFPH,,,enterprise,24.05,24,2018-02-15,2026-01-04,2024-01-15,3,25.0,0,6,,0,US,Telecommunications,,false,
9426-SXNHE,Telco-9426-SXNHE,,,starter,18.75,,2023-11-16,,2024-01-15,3,12.5,0,0,,0,US,Telecommunications,,false,
9068-FHQHD,Telco-9068-FHQHD,,,enterprise,20.15,24,2020-10-02,2024-09-11,2024-01-15,3,12.5,0,3,,0,US,Telecommunications,,false,
1269-FOYWN,Telco-1269-FOYWN,,,growth,20.0,12,2020-06-04,2024-05-14,2024-01-15,3,12.5,0,3,,0,US,Telecommunications,,false,
9470-YFUYI,Telco-9470-YFUYI,,,growth,71.0,12,2018-03-17,2024-02-14,2024-01-15,8,62.5,0,2,,0,US,Telecommunications,,false,
7817-BOQPW,Telco-7817-BOQPW,,,starter,75.55,,2023-11-16,,2023-12-16,4,25.0,0,0,,2,US,Telecommunications,,true,2024-01-15
7402-EYFXX,Telco-7402-EYFXX,,,starter,93.6,,2021-11-26,,2024-01-15,15,50.0,0,2,,1,US,Telecommunications,,false,
1853-UDXBW,Telco-1853-UDXBW,,,starter,70.0,,2023-12-16,,2023-12-16,4,12.5,0,0,,2,US,Telecommunications,,true,2024-01-15
9895-VFOXH,Telco-9895-VFOXH,,,starter,24.4,,2023-12-16,,2024-01-15,8,0.0,0,0,,0,US,Telecommunications,,false,
5458-CQJTA,Telco-5458-CQJTA,,,enterprise,74.8,24,2018-09-13,2020-09-02,2023-12-16,2,62.5,0,2,,0,US,Telecommunications,,true,2024-01-15
1230-QAJDW,Telco-1230-QAJDW,,,starter,65.25,,2023-10-17,,2024-01-15,8,50.0,0,0,,0,US,Telecommunications,,false,
5701-ZIKJE,Telco-5701-ZIKJE,,,starter,50.55,,2022-12-21,,2024-01-15,8,25.0,0,0,,0,US,Telecommunications,,false,
5219-YIPTK,Telco-5219-YIPTK,,,starter,104.4,,2021-04-30,,2023-12-16,4,75.0,0,2,,2,US,Telecommunications,,true,2024-01-15
5032-MIYKT,Telco-5032-MIYKT,,,starter,70.7,,2023-12-16,,2024-01-15,15,12.5,0,0,,0,US,Telecommunications,,false,
7396-VJUZB,Telco-7396-VJUZB,,,starter,45.25,,2023-09-17,,2024-01-15,8,12.5,0,0,,0,US,Telecommunications,,false,
9717-QEBGU,Telco-9717-QEBGU,,,starter,70.3,,2023-11-16,,2024-01-15,15,12.5,0,0,,1,US,Telecommunications,,false,
5172-RKOCB,Telco-5172-RKOCB,,,enterprise,108.95,24,2018-02-15,2026-01-04,2024-01-15,15,87.5,0,3,,0,US,Telecommunications,,false,
6509-TSGWN,Telco-6509-TSGWN,,,starter,26.45,,2020-12-31,,2024-01-15,3,25.0,0,3,,0,US,Telecommunications,,false,
3540-RZJYU,Telco-3540-RZJYU,,,starter,86.2,,2022-10-22,,2023-12-16,4,37.5,0,1,,2,US,Telecommunications,,true,2024-01-15
3178-CIFOT,Telco-3178-CIFOT,,,growth,19.65,12,2022-02-24,2024-02-14,2024-01-15,3,12.5,0,1,,0,US,Telecommunications,,false,
2091-MJTFX,Telco-2091-MJTFX,,,starter,51.2,,2021-07-29,,2023-12-16,2,37.5,0,1,,0,US,Telecommunications,,true,2024-01-15
4530-NDRKU,Telco-4530-NDRKU,,,growth,19.05,12,2020-08-03,2024-07-13,2024-01-15,3,12.5,0,3,,1,US,Telecommunications,,false,
5985-TBABQ,Telco-5985-TBABQ,,,growth,74.75,12,2021-05-30,2024-05-14,2024-01-15,8,62.5,0,2,,0,US,Telecommunications,,false,
9800-ONTFE,Telco-9800-ONTFE,,,starter,75.8,,2022-03-26,,2024-01-15,15,25.0,0,1,,0,US,Telecommunications,,false,
6743-HHQPF,Telco-6743-HHQPF,,,starter,25.1,,2020-08-03,,2024-01-15,8,0.0,0,3,,0,US,Telecommunications,,false,
8455-HIRAQ,Telco-8455-HIRAQ,,,starter,44.45,,2023-05-20,,2024-01-15,8,12.5,0,0,,0,US,Telecommunications,,false,
6616-AALSR,Telco-6616-AALSR,,,enterprise,104.3,24,2018-09-13,2024-08-12,2024-01-15,15,75.0,0,5,,0,US,Telecommunications,,false,
0883-EIBTI,Telco-0883-EIBTI,,,starter,19.5,,2023-11-16,,2023-12-16,1,12.5,0,0,,1,US,Telecommunications,,true,2024-01-15
9415-ZNBSX,Telco-9415-ZNBSX,,,enterprise,89.0,24,2018-04-16,2024-03-15,2024-01-15,8,100.0,0,2,,0,US,Telecommunications,,false,
4018-KJYUY,Telco-4018-KJYUY,,,starter,20.15,,2022-03-26,,2024-01-15,3,12.5,0,1,,0,US,Telecommunications,,false,
0722-TROQR,Telco-0722-TROQR,,,starter,74.9,,2023-09-17,,2023-12-16,4,25.0,0,0,,2,US,Telecommunications,,true,2024-01-15
7571-YXDAD,Telco-7571-YXDAD,,,starter,74.9,,2023-11-16,,2023-12-16,4,25.0,0,0,,0,US,Telecommunications,,true,2024-01-15
3884-UEBXB,Telco-3884-UEBXB,,,enterprise,36.15,24,2018-07-15,2024-06-13,2024-01-15,8,25.0,0,5,,0,US,Telecommunications,,false,
8780-RSYYU,Telco-8780-RSYYU,,,starter,19.2,,2021-12-26,,2024-01-15,3,12.5,0,2,,0,US,Telecommunications,,false,
5537-UXXVS,Telco-5537-UXXVS,,,starter,19.25,,2022-05-25,,2024-01-15,3,12.5,0,1,,0,US,Telecommunications,,false,
1791-PQHBB,Telco-1791-PQHBB,,,starter,61.2,,2023-11-16,,2024-01-15,8,37.5,0,0,,0,US,Telecommunications,,false,
8701-DGLVH,Telco-8701-DGLVH,,,enterprise,20.45,24,2019-11-07,2025-10-06,2024-01-15,3,12.5,0,4,,0,US,Telecommunications,,false,
8741-LQOBK,Telco-8741-LQOBK,,,starter,35.05,,2020-04-05,,2024-01-15,8,25.0,0,3,,0,US,Telecommunications,,false,
3393-FMZPV,Telco-3393-FMZPV,,,starter,100.25,,2021-12-26,,2023-12-16,4,62.5,0,2,,2,US,Telecommunications,,true,2024-01-15
8082-GHXOP,Telco-8082-GHXOP,,,starter,44.0,,2022-12-21,,2024-01-15,8,12.5,0,1,,0,US,Telecommunications,,false,
6402-ZFPPI,Telco-6402-ZFPPI,,,starter,102.8,,2021-12-26,,2023-12-16,4,75.0,0,2,,1,US,Telecommunications,,true,2024-01-15
0980-FEXWF,Telco-0980-FEXWF,,,growth,50.35,12,2021-11-26,2024-11-10,2024-01-15,8,25.0,0,2,,0,US,Telecommunications,,false,
7486-KSRVI,Telco-7486-KSRVI,,,growth,100.0,12,2020-07-04,2021-06-29,2023-12-16,4,62.5,0,1,,2,US,Telecommunications,,true,2024-01-15
3011-WQKSZ,Telco-3011-WQKSZ,,,starter,20.0,,2022-06-24,,2024-01-15,3,12.5,0,1,,1,US,Telecommunications,,false,
8443-WVPSS,Telco-8443-WVPSS,,,starter,99.85,,2023-03-21,,2023-12-16,4,62.5,0,0,,2,US,Telecommunications,,true,2024-01-15
3006-XIMLN,Telco-3006-XIMLN,,,starter,94.2,,2023-11-16,,2023-12-16,4,50.0,0,0,,0,US,Telecommunications,,true,2024-01-15
8218-FFJDS,Telco-8218-FFJDS,,,enterprise,86.4,24,2018-02-15,2026-01-04,2024-01-15,8,87.5,0,3,,0,US,Telecommunications,,false,
1986-PHGZF,Telco-1986-PHGZF,,,starter,58.4,,2022-07-24,,2024-01-15,8,50.0,0,1,,0,US,Telecommunications,,false,
9965-YOKZB,Telco-9965-YOKZB,,,starter,83.85,,2023-04-20,,2023-12-16,4,37.5,0,0,,2,US,Telecommunications,,true,2024-01-15
0504-HHAPI,Telco-0504-HHAPI,,,starter,88.3,,2021-10-27,,2023-12-16,4,50.0,0,2,,0,US,Telecommunications,,true,2024-01-15
9360-OMDZZ,Telco-9360-OMDZZ,,,starter,94.1,,2022-01-25,,2024-01-15,15,50.0,0,2,,1,US,Telecommunications,,false,
6305-YLBMM,Telco-6305-YLBMM,,,growth,104.05,12,2018-05-16,2019-05-11,2023-12-16,4,75.0,0,2,,0,US,Telecommunications,,true,2024-01-15
0345-XMMUG,Telco-0345-XMMUG,,,enterprise,108.9,24,2020-04-05,2024-03-15,2024-01-15,15,87.5,0,1,,0,US,Telecommunications,,false,
8024-XNAFQ,Telco-8024-XNAFQ,,,enterprise,107.4,24,2018-02-15,2026-01-04,2024-01-15,15,87.5,0,3,,0,US,Telecommunications,,false,
3647-GMGDH,Telco-3647-GMGDH,,,starter,94.7,,2022-03-26,,2023-12-16,4,50.0,0,1,,0,US,Telecommunications,,true,2024-01-15
2988-GBIVW,Telco-2988-GBIVW,,,starter,90.85,,2018-04-16,,2024-01-15,15,50.0,0,5,,1,US,Telecommunications,,false,
2832-SCUCO,Telco-2832-SCUCO,,,starter,19.9,,2023-11-16,,2024-01-15,3,12.5,0,0,,1,US,Telecommunications,,false,
7036-ZZKBD,Telco-7036-ZZKBD,,,starter,66.4,,2021-06-29,,2024-01-15,8,50.0,0,1,,0,US,Telecommunications,,false,
3791-LGQCY,Telco-3791-LGQCY,,,starter,100.65,,2019-06-10,,2023-12-16,4,62.5,0,4,,0,US,Telecommunications,,true,2024-01-15
0265-PSUAE,Telco-0265-PSUAE,,,starter,100.7,,2022-09-22,,2024-01-15,15,62.5,0,1,,0,US,Telecommunications,,false,
0463-TXOAK,Telco-0463-TXOAK,,,enterprise,25.6,24,2019-10-08,2025-09-06,2024-01-15,3,25.0,0,4,,0,US,Telecommunications,,false,
0594-UFTUL,Telco-0594-UFTUL,,,starter,19.85,,2022-12-21,,2024-01-15,3,12.5,0,1,,0,US,Telecommunications,,false,
9509-MPYOD,Telco-9509-MPYOD,,,growth,20.75,12,2021-03-01,2024-02-14,2024-01-15,3,12.5,0,2,,0,US,Telecommunications,,false,
9128-CPXKI,Telco-9128-CPXKI,,,enterprise,95.8,24,2019-03-12,2025-02-08,2024-01-15,15,50.0,0,4,,1,US,Telecommunications,,false,
0129-KPTWJ,Telco-0129-KPTWJ,,,starter,94.65,,2018-02-15,,2024-01-15,15,50.0,0,6,,1,US,Telecommunications,,false,
8166-ZZTFS,Telco-8166-ZZTFS,,,enterprise,80.55,24,2018-08-14,2020-08-03,2023-12-16,2,75.0,0,5,,0,US,Telecommunications,,true,2024-01-15
5855-EIBDE,Telco-5855-EIBDE,,,enterprise,106.65,24,2020-01-06,2025-12-05,2024-01-15,15,87.5,0,2,,0,US,Telecommunications,,false,
5365-LLFYV,Telco-5365-LLFYV,,,starter,45.85,,2023-11-16,,2024-01-15,8,12.5,0,0,,0,US,Telecommunications,,false,
5956-YHHRX,Telco-5956-YHHRX,,,starter,104.35,,2022-04-25,,2024-01-15,15,75.0,0,1,,1,US,Telecommunications,,false,
6008-NAIXK,Telco-6008-NAIXK,,,growth,55.45,12,2019-08-09,2024-07-13,2024-01-15,8,50.0,0,4,,1,US,Telecommunications,,false,
2956-GGUCQ,Telco-2956-GGUCQ,,,starter,78.85,,2022-01-25,,2023-12-16,4,37.5,0,2,,2,US,Telecommunications,,true,2024-01-15
1928-BXYIV,Telco-1928-BXYIV,,,starter,61.15,,2023-12-16,,2024-01-15,8,50.0,0,0,,1,US,Telecommunications,,false,
5760-FXFVO,Telco-5760-FXFVO,,,starter,78.95,,2023-07-19,,2024-01-15,15,37.5,0,0,,1,US,Telecommunications,,false,
6595-COKXZ,Telco-6595-COKXZ,,,starter,44.45,,2023-12-16,,2023-12-16,2,12.5,0,0,,1,US,Telecommunications,,true,2024-01-15
0961-ZWLVI,Telco-0961-ZWLVI,,,growth,109.2,12,2020-01-06,2024-12-10,2024-01-15,15,87.5,0,4,,0,US,Telecommunications,,false,
5181-OABFK,Telco-5181-OABFK,,,enterprise,61.3,24,2019-06-10,2025-05-09,2024-01-15,8,50.0,0,4,,0,US,Telecommunications,,false,
4007-NHVHI,Telco-4007-NHVHI,,,starter,96.85,,2019-06-10,,2024-01-15,15,62.5,0,4,,1,US,Telecommunications,,false,
7816-VGHTO,Telco-7816-VGHTO,,,enterprise,40.55,24,2023-07-19,2025-07-08,2024-01-15,8,37.5,0,0,,0,US,Telecommunications,,false,
5871-DGTXZ,Telco-5871-DGTXZ,,,growth,19.8,12,2021-05-30,2024-05-14,2024-01-15,3,12.5,0,2,,0,US,Telecommunications,,false,
7550-WIQVA,Telco-7550-WIQVA,,,growth,108.25,12,2019-12-07,2024-11-10,2024-01-15,15,87.5,0,4,,1,US,Telecommunications,,false,
7544-ZVIKX,Telco-7544-ZVIKX,,,growth,105.05,12,2019-04-11,2024-03-15,2024-01-15,15,75.0,0,2,,0,US,Telecommunications,,false,
0016-QLJIS,Telco-0016-QLJIS,,,enterprise,90.45,24,2018-09-13,2024-08-12,2024-01-15,8,100.0,0,2,,0,US,Telecommunications,,false,
7508-DQAKK,Telco-7508-DQAKK,,,enterprise,86.4,24,2018-10-13,2024-09-11,2024-01-15,8,100.0,0,2,,0,US,Telecommunications,,false,
5176-OLSKT,Telco-5176-OLSKT,,,enterprise,66.9,24,2018-08-14,2024-07-13,2024-01-15,8,62.5,0,5,,0,US,Telecommunications,,false,
9356-AXGMP,Telco-9356-AXGMP,,,growth,110.7,12,2020-12-01,2024-11-10,2024-01-15,15,87.5,0,1,,1,US,Telecommunications,,false,
3556-BVQGL,Telco-3556-BVQGL,,,growth,20.0,12,2022-05-25,2024-05-14,2024-01-15,3,12.5,0,1,,0,US,Telecommunications,,false,
0362-ZBZWJ,Telco-0362-ZBZWJ,,,starter,84.9,,2021-01-30,,2023-12-16,4,37.5,0,3,,2,US,Telecommunications,,true,2024-01-15
8979-CAMGB,Telco-8979-CAMGB,,,growth,102.1,12,2018-10-13,2024-09-11,2024-01-15,15,75.0,0,2,,1,US,Telecommunications,,false,
4211-MMAZN,Telco-4211-MMAZN,,,starter,20.25,,2023-12-16,,2023-12-16,1,12.5,0,0,,1,US,Telecommunications,,true,2024-01-15
7581-EBBOU,Telco-7581-EBBOU,,,growth,70.15,12,2019-02-10,2025-01-09,2024-01-15,8,62.5,0,2,,0,US,Telecommunications,,false,
4274-OWWYO,Telco-4274-OWWYO,,,starter,74.35,,2023-12-16,,2023-12-16,4,25.0,0,0,,2,US,Telecommunications,,true,2024-01-15
5073-RZGBK,Telco-5073-RZGBK,,,growth,80.05,12,2019-12-07,2024-11-10,2024-01-15,8,87.5,0,2,,0,US,Telecommunications,,false,
1541-ETJZO,Telco-1541-ETJZO,,,starter,62.05,,2023-12-16,,2023-12-16,2,50.0,0,0,,1,US,Telecommunications,,true,2024-01-15
2192-CKRLV,Telco-2192-CKRLV,,,enterprise,49.2,24,2018-02-15,2026-01-04,2024-01-15,8,50.0,0,6,,1,US,Telecommunications,,false,
3154-HMWUU,Telco-3154-HMWUU,,,enterprise,20.5,24,2019-02-10,2025-01-09,2024-01-15,3,12.5,0,5,,0,US,Telecommunications,,false,
6119-SPUDB,Telco-6119-SPUDB,,,enterprise,38.25,24,2020-04-05,2024-03-15,2024-01-15,8,37.5,0,1,,0,US,Telecommunications,,false,
6522-OIQSX,Telco-6522-OIQSX,,,enterprise,54.95,24,2018-05-16,2024-04-14,2024-01-15,8,50.0,0,5,,0,US,Telecommunications,,false,
7813-ZGGAW,Telco-7813-ZGGAW,,,starter,96.6,,2021-06-29,,2024-01-15,15,62.5,0,1,,0,US,Telecommunications,,false,
8748-HFWBO,Telco-8748-HFWBO,,,growth,19.9,12,2022-06-24,2024-06-13,2024-01-15,3,12.5,0,1,,0,US,Telecommunications,,false,
1052-QJIBV,Telco-1052-QJIBV,,,enterprise,19.9,24,2018-03-17,2024-02-14,2024-01-15,3,12.5,0,5,,0,US,Telecommunications,,false,
1319-YLZJG,Telco-1319-YLZJG,,,starter,84.6,,2023-01-20,,2024-01-15,15,50.0,0,1,,1,US,Telecommunications,,false,
4106-HADHQ,Telco-4106-HADHQ,,,growth,80.0,12,2020-11-01,2021-10-27,2023-12-16,2,75.0,0,1,,0,US,Telecommunications,,true,2024-01-15
0723-FDLAY,Telco-0723-FDLAY,,,growth,85.25,12,2020-06-04,2024-05-14,2024-01-15,8,87.5,0,1,,0,US,Telecommunications,,false,
3050-RLLXC,Telco-3050-RLLXC,,,enterprise,81.25,24,2019-06-10,2025-05-09,2024-01-15,8,87.5,0,2,,0,US,Telecommunications,,false,
9298-WGMRW,Telco-9298-WGMRW,,,enterprise,115.5,24,2018-02-15,2026-01-04,2024-01-15,15,100.0,0,3,,0,US,Telecommunications,,false,
2369-UAPKZ,Telco-2369-UAPKZ,,,starter,104.1,,2023-08-18,,2023-12-16,4,75.0,0,0,,1,US,Telecommunications,,true,2024-01-15
3088-LHEFH,Telco-3088-LHEFH,,,starter,79.0,,2023-02-19,,2024-01-15,15,37.5,0,0,,0,US,Telecommunications,,false,
2778-OCLGR,Telco-2778-OCLGR,,,starter,39.1,,2022-01-25,,2023-12-16,2,25.0,0,2,,0,US,Telecommunications,,true,2024-01-15
6583-KQJLK,Telco-6583-KQJLK,,,starter,94.65,,2022-10-22,,2024-01-15,15,50.0,0,1,,1,US,Telecommunications,,false,
8544-JNBOX,Telco-8544-JNBOX,,,enterprise,20.8,24,2018-02-15,2026-01-04,2024-01-15,3,12.5,0,6,,0,US,Telecommunications,,false,
6681-ZSEXG,Telco-6681-ZSEXG,,,enterprise,59.5,24,2019-06-10,2025-05-09,2024-01-15,8,50.0,0,4,,0,US,Telecommunications,,false,
6139-ZZRBQ,Telco-6139-ZZRBQ,,,enterprise,20.05,24,2018-10-13,2024-09-11,2024-01-15,3,12.5,0,5,,0,US,Telecommunications,,false,
6116-RFVHN,Telco-6116-RFVHN,,,starter,100.45,,2021-03-31,,2024-01-15,15,62.5,0,2,,1,US,Telecommunications,,false,
0637-KVDLV,Telco-0637-KVDLV,,,starter,76.5,,2023-11-16,,2023-12-16,4,25.0,0,0,,2,US,Telecommunications,,true,2024-01-15
8884-FEEWR,Telco-8884-FEEWR,,,growth,20.6,12,2021-03-01,2024-02-14,2024-01-15,3,12.5,0,2,,0,US,Telecommunications,,false,
3125-RAHBV,Telco-3125-RAHBV,,,growth,20.3,12,2022-03-26,2024-03-15,2024-01-15,3,12.5,0,1,,0,US,Telecommunications,,false,
6633-MPWBS,Telco-6633-MPWBS,,,starter,49.2,,2023-08-18,,2023-12-16,2,25.0,0,0,,2,US,Telecommunications,,true,2024-01-15
0373-AIVNJ,Telco-0373-AIVNJ,,,growth,39.55,12,2023-04-20,2024-04-14,2024-01-15,8,37.5,0,0,,0,US,Telecommunications,,false,
8785-EPNCG,Telco-8785-EPNCG,,,starter,23.15,,2023-02-19,,2023-12-16,1,25.0,0,0,,0,US,Telecommunications,,true,2024-01-15
1682-VCOIO,Telco-1682-VCOIO,,,growth,20.45,12,2022-02-24,2024-02-14,2024-01-15,3,12.5,0,1,,0,US,Telecommunications,,false,
5729-KLZAR,Telco-5729-KLZAR,,,starter,80.85,,2023-09-17,,2023-12-16,4,25.0,0,0,,2,US,Telecommunications,,true,2024-01-15
2072-ZVJJX,Telco-2072-ZVJJX,,,enterprise,25.25,24,2018-06-15,2024-05-14,2024-01-15,3,25.0,0,5,,0,US,Telecommunications,,false,
8849-AYPTR,Telco-8849-AYPTR,,,starter,91.25,,2021-04-30,,2024-01-15,15,37.5,0,2,,1,US,Telecommunications,,false,
9518-IMLHK,Telco-9518-IMLHK,,,starter,72.45,,2021-06-29,,2024-01-15,8,75.0,0,1,,0,US,Telecommunications,,false,
1582-RAFML,Telco-1582-RAFML,,,starter,60.1,,2023-12-16,,2023-12-16,2,50.0,0,0,,1,US,Telecommunications,,true,2024-01-15
3646-ITDGM,Telco-3646-ITDGM,,,enterprise,19.7,24,2019-06-10,2025-05-09,2024-01-15,3,12.5,0,4,,0,US,Telecommunications,,false,
8740-CRYFY,Telco-8740-CRYFY,,,starter,78.95,,2023-12-16,,2023-12-16,4,25.0,0,0,,2,US,Telecommunications,,true,2024-01-15
3569-VLDHH,Telco-3569-VLDHH,,,growth,75.1,12,2018-08-14,2024-07-13,2024-01-15,8,75.0,0,2,,1,US,Telecommunications,,false,
8224-KDLKN,Telco-8224-KDLKN,,,enterprise,25.0,24,2018-02-15,2026-01-04,2024-01-15,3,25.0,0,6,,0,US,Telecommunications,,false,
7594-LZNWR,Telco-7594-LZNWR,,,starter,69.15,,2021-03-31,,2024-01-15,15,12.5,0,2,,0,US,Telecommunications,,false,
4001-TSBTV,Telco-4001-TSBTV,,,starter,91.55,,2019-04-11,,2024-01-15,15,50.0,0,4,,1,US,Telecommunications,,false,
2962-XPMCQ,Telco-2962-XPMCQ,,,starter,45.15,,2023-11-16,,2023-12-16,2,12.5,0,0,,2,US,Telecommunications,,true,2024-01-15
8727-XDPUD,Telco-8727-XDPUD,,,enterprise,35.8,24,2020-12-31,2024-12-10,2024-01-15,8,12.5,0,3,,0,US,Telecommunications,,false,
1043-UXOVO,Telco-1043-UXOVO,,,enterprise,113.15,24,2018-03-17,2024-02-14,2024-01-15,15,100.0,0,2,,0,US,Telecommunications,,false,
1064-FBXNK,Telco-1064-FBXNK,,,growth,19.85,12,2023-12-16,2024-12-10,2024-01-15,3,12.5,0,0,,0,US,Telecommunications,,false,
3996-ZNWYK,Telco-3996-ZNWYK,,,enterprise,19.8,24,2018-03-17,2024-02-14,2024-01-15,3,12.5,0,5,,0,US,Telecommunications,,false,
2878-DHMIN,Telco-2878-DHMIN,,,growth,19.9,12,2021-03-01,2024-02-14,2024-01-15,3,12.5,0,2,,1,US,Telecommunications,,false,
7762-ONLJY,Telco-7762-ONLJY,,,growth,19.7,12,2023-07-19,2024-07-13,2024-01-15,3,12.5,0,0,,0,US,Telecommunications,,false,
1678-FYZOW,Telco-1678-FYZOW,,,starter,79.4,,2023-10-17,,2023-12-16,4,25.0,0,0,,2,US,Telecommunications,,true,2024-01-15
5795-BKOYE,Telco-5795-BKOYE,,,growth,59.1,12,2018-05-16,2024-04-14,2024-01-15,8,50.0,0,2,,0,US,Telecommunications,,false,
8627-EHGIP,Telco-8627-EHGIP,,,growth,53.95,12,2020-06-04,2021-05-30,2023-12-16,2,50.0,0,3,,1,US,Telecommunications,,true,2024-01-15
7402-PWYJJ,Telco-7402-PWYJJ,,,growth,91.15,12,2019-09-08,2024-08-12,2024-01-15,15,50.0,0,2,,1,US,Telecommunications,,false,
5480-TBGPH,Telco-5480-TBGPH,,,starter,99.3,,2022-01-25,,2023-12-16,4,62.5,0,2,,0,US,Telecommunications,,true,2024-01-15
0018-NYROU,Telco-0018-NYROU,,,starter,68.95,,2023-08-18,,2024-01-15,15,12.5,0,0,,1,US,Telecommunications,,false,
7501-VTYLJ,Telco-7501-VTYLJ,,,starter,51.55,,2023-11-16,,2024-01-15,8,25.0,0,0,,0,US,Telecommunications,,false,
7608-RGIRO,Telco-7608-RGIRO,,,enterprise,24.4,24,2018-12-12,2024-11-10,2024-01-15,3,25.0,0,5,,0,US,Telecommunications,,false,
0480-BIXDE,Telco-0480-BIXDE,,,starter,96.8,,2022-06-24,,2024-01-15,15,50.0,0,1,,1,US,Telecommunications,,false,
5895-QSXOD,Telco-5895-QSXOD,,,starter,70.05,,2023-04-20,,2024-01-15,15,12.5,0,0,,0,US,Telecommunications,,false,
9814-AOUDH,Telco-9814-AOUDH,,,enterprise,19.5,24,2019-09-08,2025-08-07,2024-01-15,3,12.5,0,4,,0,US,Telecommunications,,false,
6175-IRFIT,Telco-6175-IRFIT,,,starter,78.75,,2023-08-18,,2024-01-15,15,25.0,0,0,,0,US,Telecommunications,,false,
8760-ZRHKE,Telco-8760-ZRHKE,,,growth,69.2,12,2018-03-17,2024-02-14,2024-01-15,8,62.5,0,5,,1,US,Telecommunications,,false,
1622-HSHSF,Telco-1622-HSHSF,,,starter,19.55,,2023-12-16,,2024-01-15,3,12.5,0,0,,0,US,Telecommunications,,false,
8854-CCVSQ,Telco-8854-CCVSQ,,,starter,80.65,,2022-07-24,,2023-12-16,4,37.5,0,1,,2,US,Telecommunications,,true,2024-01-15
6749-UTDVX,Telco-6749-UTDVX,,,enterprise,103.65,24,2018-02-15,2026-01-04,2024-01-15,15,75.0,0,6,,1,US,Telecommunications,,false,
5542-DHSXL,Telco-5542-DHSXL,,,starter,54.7,,2023-09-17,,2024-01-15,8,37.5,0,0,,0,US,Telecommunications,,false,
9102-OXKFY,Telco-9102-OXKFY,,,enterprise,54.15,24,2019-03-12,2025-02-08,2024-01-15,8,37.5,0,4,,0,US,Telecommunications,,false,
0511-JTEOY,Telco-0511-JTEOY,,,starter,71.1,,2023-12-16,,2023-12-16,4,12.5,0,0,,1,US,Telecommunications,,true,2024-01-15
5216-WASFJ,Telco-5216-WASFJ,,,starter,84.85,,2021-06-29,,2024-01-15,15,37.5,0,2,,1,US,Telecommunications,,false,
7808-DVWEP,Telco-7808-DVWEP,,,starter,20.0,,2023-10-17,,2024-01-15,3,12.5,0,0,,0,US,Telecommunications,,false,
7067-KSAZT,Telco-7067-KSAZT,,,growth,106.25,12,2018-09-13,2019-09-08,2023-12-16,4,75.0,0,5,,2,US,Telecommunications,,true,2024-01-15
2284-VFLKH,Telco-2284-VFLKH,,,growth,99.25,12,2020-01-06,2024-12-10,2024-01-15,15,62.5,0,2,,0,US,Telecommunications,,false,
0366-NQSHS,Telco-0366-NQSHS,,,starter,19.35,,2023-11-16,,2024-01-15,3,12.5,0,0,,0,US,Telecommunications,,false,
6532-YLWSI,Telco-6532-YLWSI,,,growth,20.8,12,2019-09-08,2020-09-02,2023-12-16,1,12.5,0,4,,0,US,Telecommunications,,true,2024-01-15
3807-BPOMJ,Telco-3807-BPOMJ,,,growth,94.75,12,2019-07-10,2024-06-13,2024-01-15,15,50.0,0,4,,1,US,Telecommunications,,false,
3892-NXAZG,Telco-3892-NXAZG,,,enterprise,114.05,24,2018-02-15,2026-01-04,2024-01-15,15,100.0,0,3,,0,US,Telecommunications,,false,
4948-WBBKL,Telco-4948-WBBKL,,,starter,74.9,,2021-01-30,,2024-01-15,15,25.0,0,3,,0,US,Telecommunications,,false,
4182-BGSIQ,Telco-4182-BGSIQ,,,starter,19.8,,2023-03-21,,2024-01-15,3,12.5,0,0,,0,US,Telecommunications,,false,
9300-AGZNL,Telco-9300-AGZNL,,,starter,94.0,,2023-12-16,,2023-12-16,4,50.0,0,0,,2,US,Telecommunications,,true,2024-01-15
0988-AADSA,Telco-0988-AADSA,,,enterprise,80.85,24,2018-02-15,2026-01-04,2024-01-15,8,87.5,0,3,,0,US,Telecommunications,,false,
9972-NKTFD,Telco-9972-NKTFD,,,starter,54.65,,2021-09-27,,2024-01-15,8,37.5,0,1,,0,US,Telecommunications,,false,
3717-LNXKW,Telco-3717-LNXKW,,,starter,91.7,,2020-12-01,,2024-01-15,15,50.0,0,3,,0,US,Telecommunications,,false,
5734-EJKXG,Telco-5734-EJKXG,,,growth,118.6,12,2019-01-11,2024-12-10,2024-01-15,15,100.0,0,2,,1,US,Telecommunications,,false,
2207-RYYRL,Telco-2207-RYYRL,,,enterprise,24.55,24,2019-10-08,2025-09-06,2024-01-15,3,25.0,0,4,,0,US,Telecommunications,,false,
6729-FZWSY,Telco-6729-FZWSY,,,growth,19.45,12,2018-07-15,2024-06-13,2024-01-15,3,12.5,0,5,,0,US,Telecommunications,,false,
9695-IDRZR,Telco-9695-IDRZR,,,enterprise,116.15,24,2021-03-31,2025-03-10,2024-01-15,15,100.0,0,1,,0,US,Telecommunications,,false,
8144-DGHXP,Telco-8144-DGHXP,,,enterprise,80.6,24,2019-08-09,2025-07-08,2024-01-15,8,75.0,0,2,,1,US,Telecommunications,,false,
7814-LEEVE,Telco-7814-LEEVE,,,starter,20.3,,2023-12-16,,2024-01-15,3,12.5,0,0,,0,US,Telecommunications,,false,
1112-CUNAO,Telco-1112-CUNAO,,,starter,89.85,,2022-10-22,,2023-12-16,4,50.0,0,1,,2,US,Telecommunications,,true,2024-01-15
5175-AOBHI,Telco-5175-AOBHI,,,starter,46.0,,2023-09-17,,2023-12-16,2,12.5,0,0,,1,US,Telecommunications,,true,2024-01-15
5174-RNGBH,Telco-5174-RNGBH,,,starter,66.25,,2023-04-20,,2023-12-16,2,50.0,0,0,,1,US,Telecommunications,,true,2024-01-15
8631-WUXGY,Telco-8631-WUXGY,,,starter,99.8,,2020-04-05,,2024-01-15,15,62.5,0,3,,1,US,Telecommunications,,false,
7270-BDIOA,Telco-7270-BDIOA,,,starter,90.0,,2022-03-26,,2023-12-16,4,50.0,0,0,,2,US,Telecommunications,,true,2024-01-15
9565-JSNFM,Telco-9565-JSNFM,,,growth,70.45,12,2020-12-01,2021-11-26,2023-12-16,4,12.5,0,3,,0,US,Telecommunications,,true,2024-01-15
5906-DVAPM,Telco-5906-DVAPM,,,growth,75.0,12,2019-07-10,2024-06-13,2024-01-15,8,75.0,0,2,,0,US,Telecommunications,,false,
6654-QGBZZ,Telco-6654-QGBZZ,,,starter,19.9,,2023-12-16,,2024-01-15,3,12.5,0,0,,0,US,Telecommunications,,false,
8348-JLBUG,Telco-8348-JLBUG,,,growth,80.3,12,2018-10-13,2024-09-11,2024-01-15,15,37.5,0,5,,0,US,Telecommunications,,false,
0607-DAAHE,Telco-0607-DAAHE,,,enterprise,19.75,24,2019-09-08,2021-08-28,2023-12-16,1,12.5,0,4,,0,US,Telecommunications,,true,2024-01-15
5641-DMBFJ,Telco-5641-DMBFJ,,,enterprise,84.3,24,2019-04-11,2025-03-10,2024-01-15,8,87.5,0,2,,1,US,Telecommunications,,false,
9200-NLNPD,Telco-9200-NLNPD,,,growth,54.05,12,2019-06-10,2024-05-14,2024-01-15,8,50.0,0,2,,0,US,Telecommunications,,false,
2664-XJZNO,Telco-2664-XJZNO,,,enterprise,104.9,24,2018-02-15,2026-01-04,2024-01-15,15,75.0,0,3,,0,US,Telecommunications,,false,
9732-KPKBW,Telco-9732-KPKBW,,,starter,53.95,,2023-12-16,,2023-12-16,2,37.5,0,0,,2,US,Telecommunications,,true,2024-01-15
3339-EAQNV,Telco-3339-EAQNV,,,growth,97.25,12,2018-02-15,2025-01-09,2024-01-15,15,62.5,0,6,,0,US,Telecommunications,,false,
0921-OHLVP,Telco-0921-OHLVP,,,starter,83.05,,2022-03-26,,2024-01-15,15,37.5,0,1,,1,US,Telecommunications,,false,
3389-YGYAI,Telco-3389-YGYAI,,,starter,105.5,,2023-05-20,,2023-12-16,4,75.0,0,0,,2,US,Telecommunications,,true,2024-01-15
9560-ARGQJ,Telco-9560-ARGQJ,,,starter,81.0,,2022-09-22,,2023-12-16,4,25.0,0,1,,2,US,Telecommunications,,true,2024-01-15
8350-NYMVI,Telco-8350-NYMVI,,,starter,41.1,,2020-11-01,,2024-01-15,8,37.5,0,1,,0,US,Telecommunications,,false,
1600-DILPE,Telco-1600-DILPE,,,starter,45.0,,2023-01-20,,2024-01-15,8,12.5,0,1,,0,US,Telecommunications,,false,
0536-ESJEP,Telco-0536-ESJEP,,,enterprise,74.55,24,2019-08-09,2025-07-08,2024-01-15,8,62.5,0,4,,0,US,Telecommunications,,false,
4654-GGUII,Telco-4654-GGUII,,,growth,40.2,12,2022-07-24,2024-07-13,2024-01-15,8,37.5,0,0,,0,US,Telecommunications,,false,
6478-HRRCZ,Telco-6478-HRRCZ,,,growth,70.5,12,2021-05-30,2024-05-14,2024-01-15,8,62.5,0,1,,0,US,Telecommunications,,false,
8510-BBWMU,Telco-8510-BBWMU,,,growth,19.75,12,2020-09-02,2024-08-12,2024-01-15,3,12.5,0,3,,0,US,Telecommunications,,false,
6857-TKDJV,Telco-6857-TKDJV,,,enterprise,24.65,24,2018-07-15,2024-06-13,2024-01-15,3,25.0,0,5,,0,US,Telecommunications,,false,
2360-RDGRO,Telco-2360-RDGRO,,,starter,104.25,,2018-09-13,,2024-01-15,15,75.0,0,5,,1,US,Telecommunications,,false,
0584-BJQGZ,Telco-0584-BJQGZ,,,starter,78.35,,2021-12-26,,2024-01-15,8,87.5,0,1,,0,US,Telecommunications,,false,
5134-IKDAY,Telco-5134-IKDAY,,,starter,69.8,,2023-12-16,,2023-12-16,4,12.5,0,0,,2,US,Telecommunications,,true,2024-01-15
1360-XFJMR,Telco-1360-XFJMR,,,growth,109.7,12,2018-07-15,2024-06-13,2024-01-15,15,87.5,0,2,,0,US,Telecommunications,,false,
3070-DVEYC,Telco-3070-DVEYC,,,starter,73.75,,2023-06-19,,2023-12-16,4,25.0,0,0,,1,US,Telecommunications,,true,2024-01-15
5730-RIITO,Telco-5730-RIITO,,,starter,33.45,,2020-07-04,,2024-01-15,8,25.0,0,3,,0,US,Telecommunications,,false,
9058-MJLZC,Telco-9058-MJLZC,,,starter,94.6,,2022-01-25,,2024-01-15,15,50.0,0,2,,1,US,Telecommunications,,false,
5707-ORNDZ,Telco-5707-ORNDZ,,,starter,54.55,,2023-04-20,,2023-12-16,2,37.5,0,0,,2,US,Telecommunications,,true,2024-01-15
0902-XKXPN,Telco-0902-XKXPN,,,enterprise,20.2,24,2018-05-16,2024-04-14,2024-01-15,3,12.5,0,5,,0,US,Telecommunications,,false,
5177-RVZNU,Telco-5177-RVZNU,,,growth,20.3,12,2020-12-31,2024-12-10,2024-01-15,3,12.5,0,3,,0,US,Telecommunications,,false,
0056-EPFBG,Telco-0056-EPFBG,,,enterprise,39.4,24,2022-05-25,2024-05-14,2024-01-15,8,37.5,0,0,,0,US,Telecommunications,,false,
8993-IZEUX,Telco-8993-IZEUX,,,starter,69.15,,2023-06-19,,2024-01-15,15,12.5,0,0,,0,US,Telecommunications,,false,
8696-JKZNU,Telco-8696-JKZNU,,,starter,76.25,,2020-12-31,,2023-12-16,4,25.0,0,3,,2,US,Telecommunications,,true,2024-01-15
5380-AFSSK,Telco-5380-AFSSK,,,starter,93.9,,2023-08-18,,2023-12-16,4,50.0,0,0,,1,US,Telecommunications,,true,2024-01-15
8190-ZTQFB,Telco-8190-ZTQFB,,,growth,51.35,12,2020-09-02,2024-08-12,2024-01-15,8,37.5,0,3,,1,US,Telecommunications,,false,
0931-MHTEM,Telco-0931-MHTEM,,,growth,100.05,12,2019-08-09,2024-07-13,2024-01-15,15,62.5,0,4,,0,US,Telecommunications,,false,
2055-PDADH,Telco-2055-PDADH,,,starter,70.4,,2023-10-17,,2023-12-16,4,12.5,0,0,,2,US,Telecommunications,,true,2024-01-15
7515-LODFU,Telco-7515-LODFU,,,enterprise,20.3,24,2018-05-16,2024-04-14,2024-01-15,3,12.5,0,5,,0,US,Telecommunications,,false,
0440-UEDAI,Telco-0440-UEDAI,,,growth,94.45,12,2019-09-08,2024-08-12,2024-01-15,15,62.5,0,2,,0,US,Telecommunications,,false,
1337-BOZWO,Telco-1337-BOZWO,,,growth,46.4,12,2022-07-24,2024-07-13,2024-01-15,8,37.5,0,1,,0,US,Telecommunications,,false,
0868-VJRDR,Telco-0868-VJRDR,,,enterprise,104.05,24,2018-10-13,2024-09-11,2024-01-15,15,75.0,0,2,,0,US,Telecommunications,,false,
8714-EUHJO,Telco-8714-EUHJO,,,starter,91.15,,2021-06-29,,2023-12-16,4,50.0,0,2,,2,US,Telecommunications,,true,2024-01-15
6344-SFJVH,Telco-6344-SFJVH,,,starter,24.9,,2022-05-25,,2024-01-15,8,0.0,0,1,,0,US,Telecommunications,,false,
3950-VPYJB,Telco-3950-VPYJB,,,growth,59.6,12,2019-05-11,2024-04-14,2024-01-15,8,50.0,0,2,,0,US,Telecommunications,,false,
8041-TMEID,Telco-8041-TMEID,,,enterprise,108.5,24,2018-11-12,2024-10-11,2024-01-15,15,87.5,0,5,,0,US,Telecommunications,,false,
7321-ZNSLA,Telco-7321-ZNSLA,,,enterprise,40.55,24,2022-12-21,2024-12-10,2024-01-15,8,37.5,0,0,,0,US,Telecommunications,,false,
6941-KXRRV,Telco-6941-KXRRV,,,growth,58.95,12,2020-02-05,2025-01-09,2024-01-15,8,37.5,0,4,,0,US,Telecommunications,,false,
3721-CNEYS,Telco-3721-CNEYS,,,starter,70.95,,2023-11-16,,2023-12-16,4,12.5,0,0,,2,US,Telecommunications,,true,2024-01-15
8727-JQFHV,Telco-8727-JQFHV,,,enterprise,20.75,24,2019-05-11,2025-04-09,2024-01-15,3,12.5,0,4,,0,US,Telecommunications,,false,
9475-NNDGC,Telco-9475-NNDGC,,,growth,113.15,12,2018-03-17,2024-02-14,2024-01-15,15,87.5,0,2,,0,US,Telecommunications,,false,
1355-KUSBG,Telco-1355-KUSBG,,,starter,48.8,,2023-06-19,,2024-01-15,8,25.0,0,0,,1,US,Telecommunications,,false,
3688-FTHLT,Telco-3688-FTHLT,,,starter,63.05,,2022-09-22,,2024-01-15,8,37.5,0,1,,0,US,Telecommunications,,false,
0899-LIIBW,Telco-0899-LIIBW,,,starter,100.85,,2021-03-31,,2024-01-15,15,62.5,0,2,,1,US,Telecommunications,,false,
2568-OIADY,Telco-2568-OIADY,,,starter,99.5,,2020-12-31,,2023-12-16,4,62.5,0,3,,2,US,Telecommunications,,true,2024-01-15
1384-RCUXW,Telco-1384-RCUXW,,,starter,80.55,,2022-09-22,,2024-01-15,15,37.5,0,1,,0,US,Telecommunications,,false,
5825-XJOCM,Telco-5825-XJOCM,,,growth,64.4,12,2020-02-05,2025-01-09,2024-01-15,8,62.5,0,4,,0,US,Telecommunications,,false,
6848-YLDFR,Telco-6848-YLDFR,,,growth,75.2,12,2019-04-11,2024-03-15,2024-01-15,8,62.5,0,2,,0,US,Telecommunications,,false,
8125-QPFJD,Telco-8125-QPFJD,,,enterprise,84.9,24,2018-02-15,2026-01-04,2024-01-15,8,87.5,0,3,,0,US,Telecommunications,,false,
2320-YKQBO,Telco-2320-YKQBO,,,starter,19.3,,2023-06-19,,2024-01-15,3,12.5,0,0,,0,US,Telecommunications,,false,
1193-RTSLK,Telco-1193-RTSLK,,,starter,83.9,,2020-12-01,,2023-12-16,4,50.0,0,3,,0,US,Telecommunications,,true,2024-01-15
2302-ANTDP,Telco-2302-ANTDP,,,starter,117.45,,2020-02-05,,2023-12-16,4,100.0,0,2,,2,US,Telecommunications,,true,2024-01-15
5923-GXUOC,Telco-5923-GXUOC,,,starter,104.4,,2023-03-21,,2023-12-16,4,75.0,0,0,,2,US,Telecommunications,,true,2024-01-15
4973-RLZVI,Telco-4973-RLZVI,,,growth,74.65,12,2021-07-29,2024-07-13,2024-01-15,8,75.0,0,1,,0,US,Telecommunications,,false,
7869-ZYDST,Telco-7869-ZYDST,,,starter,59.05,,2021-06-29,,2024-01-15,8,37.5,0,2,,0,US,Telecommunications,,false,
4501-UYKBC,Telco-4501-UYKBC,,,growth,69.1,12,2020-04-05,2024-03-15,2024-01-15,8,62.5,0,1,,0,US,Telecommunications,,false,
1215-EXRMO,Telco-1215-EXRMO,,,enterprise,20.55,24,2019-12-07,2025-11-05,2024-01-15,3,12.5,0,4,,0,US,Telecommunications,,false,
2305-MRGLV,Telco-2305-MRGLV,,,starter,76.55,,2021-09-27,,2024-01-15,15,25.0,0,1,,0,US,Telecommunications,,false,
8404-VIOMB,Telco-8404-VIOMB,,,enterprise,62.5,24,2018-08-14,2024-07-13,2024-01-15,8,75.0,0,2,,0,US,Telecommunications,,false,
5233-GEEAX,Telco-5233-GEEAX,,,starter,29.4,,2023-05-20,,2023-12-16,2,12.5,0,0,,2,US,Telecommunications,,true,2024-01-15
2359-KLTEK,Telco-2359-KLTEK,,,starter,94.9,,2020-09-02,,2024-01-15,15,50.0,0,3,,0,US,Telecommunications,,false,
5304-EFJLP,Telco-5304-EFJLP,,,enterprise,111.65,24,2018-02-15,2026-01-04,2024-01-15,15,87.5,0,3,,0,US,Telecommunications,,false,
2673-ZALNP,Telco-2673-ZALNP,,,growth,19.9,12,2023-06-19,2024-06-13,2024-01-15,3,12.5,0,0,,0,US,Telecommunications,,false,
9184-GALIL,Telco-9184-GALIL,,,starter,20.45,,2020-12-01,,2024-01-15,3,12.5,0,3,,0,US,Telecommunications,,false,
4393-RYCRE,Telco-4393-RYCRE,,,growth,106.05,12,2020-06-04,2024-05-14,2024-01-15,15,75.0,0,3,,1,US,Telecommunications,,false,
9746-MDMBK,Telco-9746-MDMBK,,,growth,113.45,12,2020-03-06,2024-02-14,2024-01-15,15,100.0,0,1,,0,US,Telecommunications,,false,
3162-ZJZFU,Telco-3162-ZJZFU,,,starter,92.55,,2019-09-08,,2024-01-15,15,50.0,0,2,,1,US,Telecommunications,,false,
8404-GFGCZ,Telco-8404-GFGCZ,,,starter,65.6,,2023-09-17,,2024-01-15,8,50.0,0,0,,1,US,Telecommunications,,false,
8875-AKBYH,Telco-8875-AKBYH,,,starter,84.35,,2022-05-25,,2024-01-15,15,37.5,0,1,,1,US,Telecommunications,,false,
4432-ADRLB,Telco-4432-ADRLB,,,starter,44.65,,2023-11-16,,2023-12-16,2,12.5,0,0,,1,US,Telecommunications,,true,2024-01-15
0533-UCAAU,Telco-0533-UCAAU,,,growth,71.1,12,2019-05-11,2024-04-14,2024-01-15,8,62.5,0,4,,0,US,Telecommunications,,false,
1394-SUIUH,Telco-1394-SUIUH,,,starter,85.15,,2020-06-04,,2024-01-15,15,50.0,0,1,,1,US,Telecommunications,,false,
3521-MNKLV,Telco-3521-MNKLV,,,starter,49.7,,2022-01-25,,2024-01-15,8,25.0,0,2,,0,US,Telecommunications,,false,
2533-TIBIX,Telco-2533-TIBIX,,,starter,30.2,,2022-10-22,,2024-01-15,8,12.5,0,1,,0,US,Telecommunications,,false,
8993-PHFWD,Telco-8993-PHFWD,,,starter,25.25,,2023-10-17,,2023-12-16,2,0.0,0,0,,2,US,Telecommunications,,true,2024-01-15
1565-RHDJD,Telco-1565-RHDJD,,,starter,84.05,,2023-09-17,,2023-12-16,4,50.0,0,0,,0,US,Telecommunications,,true,2024-01-15
7137-RYLPP,Telco-7137-RYLPP,,,starter,85.7,,2020-12-31,,2023-12-16,4,37.5,0,3,,2,US,Telecommunications,,true,2024-01-15
3765-JXVKY,Telco-3765-JXVKY,,,starter,74.7,,2023-12-16,,2023-12-16,4,25.0,0,0,,2,US,Telecommunications,,true,2024-01-15
5092-STPKP,Telco-5092-STPKP,,,starter,56.35,,2022-01-25,,2024-01-15,8,37.5,0,1,,0,US,Telecommunications,,false,
7330-WZLNC,Telco-7330-WZLNC,,,starter,90.8,,2023-08-18,,2023-12-16,4,50.0,0,0,,2,US,Telecommunications,,true,2024-01-15
0114-PEGZZ,Telco-0114-PEGZZ,,,starter,107.55,,2021-04-30,,2024-01-15,15,75.0,0,2,,1,US,Telecommunications,,false,
3359-DSRKA,Telco-3359-DSRKA,,,enterprise,19.85,24,2019-04-11,2025-03-10,2024-01-15,3,12.5,0,4,,0,US,Telecommunications,,false,
8639-NHQEI,Telco-8639-NHQEI,,,enterprise,95.9,24,2018-02-15,2026-01-04,2024-01-15,15,62.5,0,6,,0,US,Telecommunications,,false,
7161-DFHUF,Telco-7161-DFHUF,,,enterprise,23.85,24,2018-03-17,2024-02-14,2024-01-15,3,25.0,0,5,,0,US,Telecommunications,,false,
3957-LXOLK,Telco-3957-LXOLK,,,starter,106.15,,2021-09-27,,2023-12-16,4,75.0,0,2,,2,US,Telecommunications,,true,2024-01-15
3720-DBRWL,Telco-3720-DBRWL,,,enterprise,83.85,24,2019-11-07,2025-10-06,2024-01-15,8,87.5,0,2,,0,US,Telecommunications,,false,
6635-MYYYZ,Telco-6635-MYYYZ,,,growth,85.35,12,2021-07-29,2022-07-24,2023-12-16,2,87.5,0,1,,0,US,Telecommunications,,true,2024-01-15
8565-WUXZU,Telco-8565-WUXZU,,,enterprise,84.8,24,2018-02-15,2026-01-04,2024-01-15,15,50.0,0,3,,0,US,Telecommunications,,false,
5281-BUZGT,Telco-5281-BUZGT,,,starter,90.85,,2021-01-30,,2023-12-16,4,50.0,0,3,,2,US,Telecommunications,,true,2024-01-15
4994-OBRSZ,Telco-4994-OBRSZ,,,enterprise,76.1,24,2022-11-21,2024-11-10,2024-01-15,8,75.0,0,0,,0,US,Telecommunications,,false,
0562-FGDCR,Telco-0562-FGDCR,,,enterprise,74.55,24,2018-02-15,2026-01-04,2024-01-15,8,75.0,0,3,,0,US,Telecommunications,,false,
2436-QBZFP,Telco-2436-QBZFP,,,starter,39.2,,2022-03-26,,2024-01-15,8,25.0,0,1,,1,US,Telecommunications,,false,
3420-YJLQT,Telco-3420-YJLQT,,,starter,79.55,,2023-11-16,,2024-01-15,15,37.5,0,0,,1,US,Telecommunications,,false,
6040-CGACY,Telco-6040-CGACY,,,starter,19.6,,2022-10-22,,2024-01-15,3,12.5,0,1,,0,US,Telecommunications,,false,
6582-PLFUU,Telco-6582-PLFUU,,,enterprise,19.55,24,2019-11-07,2025-10-06,2024-01-15,3,12.5,0,4,,0,US,Telecommunications,,false,
8242-PDSGJ,Telco-8242-PDSGJ,,,enterprise,39.15,24,2018-04-16,2024-03-15,2024-01-15,8,37.5,0,2,,0,US,Telecommunications,,false,
0264-CNITK,Telco-0264-CNITK,,,enterprise,20.1,24,2018-03-17,2024-02-14,2024-01-15,3,12.5,0,5,,0,US,Telecommunications,,false,
0089-IIQKO,Telco-0089-IIQKO,,,starter,99.95,,2020-11-01,,2024-01-15,15,62.5,0,1,,0,US,Telecommunications,,false,
7839-NUIAA,Telco-7839-NUIAA,,,starter,59.8,,2019-01-11,,2024-01-15,8,50.0,0,5,,1,US,Telecommunications,,false,
6075-QMNRR,Telco-6075-QMNRR,,,starter,49.75,,2019-10-08,,2024-01-15,8,25.0,0,4,,0,US,Telecommunications,,false,
5378-IKEEG,Telco-5378-IKEEG,,,starter,35.75,,2023-12-16,,2023-12-16,2,12.5,0,0,,2,US,Telecommunications,,true,2024-01-15
5966-EMAZU,Telco-5966-EMAZU,,,growth,108.5,12,2018-10-13,2024-09-11,2024-01-15,15,87.5,0,2,,0,US,Telecommunications,,false,
0440-EKDCF,Telco-0440-EKDCF,,,enterprise,60.15,24,2018-12-12,2024-11-10,2024-01-15,8,50.0,0,2,,0,US,Telecommunications,,false,
4774-HHGGS,Telco-4774-HHGGS,,,enterprise,19.05,24,2021-07-29,2025-07-08,2024-01-15,3,12.5,0,2,,0,US,Telecommunications,,false,
2718-GAXQD,Telco-2718-GAXQD,,,starter,46.0,,2023-09-17,,2023-12-16,2,12.5,0,0,,2,US,Telecommunications,,true,2024-01-15
2055-BFOCC,Telco-2055-BFOCC,,,growth,84.0,12,2018-11-12,2024-10-11,2024-01-15,8,87.5,0,2,,0,US,Telecommunications,,false,
8180-AKMJV,Telco-8180-AKMJV,,,starter,44.55,,2023-12-16,,2024-01-15,8,12.5,0,0,,0,US,Telecommunications,,false,
4298-OYIFC,Telco-4298-OYIFC,,,starter,103.45,,2022-10-22,,2024-01-15,15,75.0,0,0,,1,US,Telecommunications,,false,
5566-SOEZD,Telco-5566-SOEZD,,,growth,80.65,12,2021-10-27,2024-10-11,2024-01-15,15,37.5,0,2,,0,US,Telecommunications,,false,
9842-EFSYY,Telco-9842-EFSYY,,,starter,57.2,,2023-09-17,,2024-01-15,8,62.5,0,0,,0,US,Telecommunications,,false,
2272-WUSPA,Telco-2272-WUSPA,,,enterprise,110.75,24,2018-02-15,2026-01-04,2024-01-15,15,87.5,0,6,,1,US,Telecommunications,,false,
4584-LBNMK,Telco-4584-LBNMK,,,growth,24.7,12,2020-05-05,2024-04-14,2024-01-15,3,25.0,0,3,,0,US,Telecommunications,,false,
3898-GUYTS,Telco-3898-GUYTS,,,starter,97.05,,2020-05-05,,2024-01-15,15,75.0,0,1,,1,US,Telecommunications,,false,
0930-EHUZA,Telco-0930-EHUZA,,,growth,76.35,12,2021-01-30,2025-01-09,2024-01-15,8,75.0,0,1,,0,US,Telecommunications,,false,
6413-XKKPU,Telco-6413-XKKPU,,,starter,89.4,,2022-08-23,,2023-12-16,4,50.0,0,1,,2,US,Telecommunications,,true,2024-01-15
9975-SKRNR,Telco-9975-SKRNR,,,starter,18.9,,2023-12-16,,2024-01-15,3,12.5,0,0,,0,US,Telecommunications,,false,
3703-KBKZP,Telco-3703-KBKZP,,,starter,74.45,,2022-09-22,,2024-01-15,15,25.0,0,1,,0,US,Telecommunications,,false,
1449-XQEMT,Telco-1449-XQEMT,,,starter,19.8,,2023-10-17,,2023-12-16,1,12.5,0,0,,1,US,Telecommunications,,true,2024-01-15
2626-URJFX,Telco-2626-URJFX,,,starter,50.9,,2023-09-17,,2023-12-16,2,25.0,0,0,,2,US,Telecommunications,,true,2024-01-15
4973-MGTON,Telco-4973-MGTON,,,enterprise,84.4,24,2018-03-17,2024-02-14,2024-01-15,8,87.5,0,2,,0,US,Telecommunications,,false,
3682-YEUWS,Telco-3682-YEUWS,,,starter,24.4,,2023-03-21,,2024-01-15,3,25.0,0,0,,0,US,Telecommunications,,false,
1223-UNPKS,Telco-1223-UNPKS,,,enterprise,20.05,24,2022-05-25,2024-05-14,2024-01-15,3,12.5,0,1,,0,US,Telecommunications,,false,
2612-RRIDN,Telco-2612-RRIDN,,,starter,81.0,,2023-09-17,,2023-12-16,4,25.0,0,0,,2,US,Telecommunications,,true,2024-01-15
4735-ASGMA,Telco-4735-ASGMA,,,starter,98.35,,2021-11-26,,2023-12-16,4,62.5,0,2,,2,US,Telecommunications,,true,2024-01-15
3446-QDSZF,Telco-3446-QDSZF,,,starter,55.5,,2023-09-17,,2024-01-15,8,25.0,0,0,,0,US,Telecommunications,,false,
3669-LVWZB,Telco-3669-LVWZB,,,starter,51.0,,2023-08-18,,2023-12-16,2,37.5,0,0,,1,US,Telecommunications,,true,2024-01-15
6892-EZDTG,Telco-6892-EZDTG,,,starter,91.65,,2023-09-17,,2023-12-16,4,50.0,0,0,,2,US,Telecommunications,,true,2024-01-15
5117-IFGPS,Telco-5117-IFGPS,,,starter,84.3,,2021-08-28,,2024-01-15,15,37.5,0,2,,1,US,Telecommunications,,false,
7379-FNIUJ,Telco-7379-FNIUJ,,,starter,100.2,,2023-11-16,,2024-01-15,15,62.5,0,0,,1,US,Telecommunications,,false,
1627-AFWVJ,Telco-1627-AFWVJ,,,enterprise,19.4,24,2021-08-28,2025-08-07,2024-01-15,3,12.5,0,2,,0,US,Telecommunications,,false,
9725-SCPZG,Telco-9725-SCPZG,,,starter,90.85,,2023-12-16,,2023-12-16,4,37.5,0,0,,2,US,Telecommunications,,true,2024-01-15
5884-GCYMI,Telco-5884-GCYMI,,,starter,69.4,,2023-12-16,,2023-12-16,4,12.5,0,0,,1,US,Telecommunications,,true,2024-01-15
3217-FZDMN,Telco-3217-FZDMN,,,starter,94.45,,2023-05-20,,2023-12-16,4,50.0,0,0,,0,US,Telecommunications,,true,2024-01-15
4486-EFAEB,Telco-4486-EFAEB,,,starter,20.4,,2022-12-21,,2024-01-15,3,12.5,0,1,,1,US,Telecommunications,,false,
0060-FUALY,Telco-0060-FUALY,,,starter,94.75,,2019-03-12,,2024-01-15,15,62.5,0,4,,1,US,Telecommunications,,false,
7853-GVUDZ,Telco-7853-GVUDZ,,,starter,20.15,,2023-12-16,,2023-12-16,1,12.5,0,0,,0,US,Telecommunications,,true,2024-01-15
7480-QNVZJ,Telco-7480-QNVZJ,,,starter,95.7,,2019-12-07,,2023-12-16,4,50.0,0,4,,2,US,Telecommunications,,true,2024-01-15
6954-OOYZZ,Telco-6954-OOYZZ,,,starter,44.35,,2022-07-24,,2024-01-15,8,12.5,0,1,,0,US,Telecommunications,,false,
7088-FBAWU,Telco-7088-FBAWU,,,starter,74.55,,2022-08-23,,2024-01-15,8,62.5,0,1,,0,US,Telecommunications,,false,
8313-AFGBW,Telco-8313-AFGBW,,,enterprise,73.6,24,2020-03-06,2024-02-14,2024-01-15,8,62.5,0,3,,1,US,Telecommunications,,false,
3943-KDREE,Telco-3943-KDREE,,,starter,74.95,,2021-11-26,,2023-12-16,4,25.0,0,2,,0,US,Telecommunications,,true,2024-01-15
9239-ZBZZV,Telco-9239-ZBZZV,,,starter,47.95,,2023-07-19,,2023-12-16,2,37.5,0,0,,2,US,Telecommunications,,true,2024-01-15
3097-IDVPU,Telco-3097-IDVPU,,,starter,50.1,,2022-06-24,,2024-01-15,8,25.0,0,1,,0,US,Telecommunications,,false,
4398-HSCJH,Telco-4398-HSCJH,,,starter,63.6,,2023-10-17,,2023-12-16,2,50.0,0,0,,2,US,Telecommunications,,true,2024-01-15
2197-OMWGI,Telco-2197-OMWGI,,,enterprise,53.0,24,2018-06-15,2024-05-14,2024-01-15,8,50.0,0,5,,1,US,Telecommunications,,false,
2303-PJYHN,Telco-2303-PJYHN,,,starter,19.85,,2023-11-16,,2024-01-15,3,12.5,0,0,,0,US,Telecommunications,,false,
9795-VOWON,Telco-9795-VOWON,,,growth,24.35,12,2023-06-19,2024-06-13,2024-01-15,8,0.0,0,0,,0,US,Telecommunications,,false,
1237-WIYYZ,Telco-1237-WIYYZ,,,starter,19.55,,2022-07-24,,2024-01-15,3,12.5,0,1,,0,US,Telecommunications,,false,
1987-AUELQ,Telco-1987-AUELQ,,,enterprise,25.05,24,2018-03-17,2024-02-14,2024-01-15,3,25.0,0,5,,0,US,Telecommunications,,false,
7852-LECYP,Telco-7852-LECYP,,,starter,93.8,,2022-12-21,,2024-01-15,15,62.5,0,1,,0,US,Telecommunications,,false,
4430-UZIPO,Telco-4430-UZIPO,,,starter,36.85,,2023-10-17,,2023-12-16,2,25.0,0,0,,1,US,Telecommunications,,true,2024-01-15
4822-LPTYJ,Telco-4822-LPTYJ,,,enterprise,103.75,24,2018-02-15,2026-01-04,2024-01-15,15,75.0,0,6,,0,US,Telecommunications,,false,
8165-CBKXO,Telco-8165-CBKXO,,,enterprise,56.75,24,2018-08-14,2024-07-13,2024-01-15,8,50.0,0,5,,0,US,Telecommunications,,false,
6527-PZFPV,Telco-6527-PZFPV,,,growth,20.8,12,2022-01-25,2025-01-09,2024-01-15,3,12.5,0,2,,0,US,Telecommunications,,false,
4855-SNKMY,Telco-4855-SNKMY,,,starter,44.1,,2023-12-16,,2023-12-16,2,12.5,0,0,,2,US,Telecommunications,,true,2024-01-15
9593-CVZKR,Telco-9593-CVZKR,,,enterprise,24.45,24,2019-06-10,2025-05-09,2024-01-15,3,25.0,0,4,,0,US,Telecommunications,,false,
8595-SIZNC,Telco-8595-SIZNC,,,growth,25.6,12,2022-03-26,2024-03-15,2024-01-15,3,25.0,0,1,,0,US,Telecommunications,,false,
8008-HAWED,Telco-8008-HAWED,,,starter,50.75,,2022-11-21,,2023-12-16,2,37.5,0,1,,2,US,Telecommunications,,true,2024-01-15
7124-UGSUR,Telco-7124-UGSUR,,,growth,104.4,12,2019-01-11,2020-01-06,2023-12-16,4,75.0,0,5,,0,US,Telecommunications,,true,2024-01-15
1862-SKORY,Telco-1862-SKORY,,,starter,39.3,,2020-10-02,,2023-12-16,2,25.0,0,3,,2,US,Telecommunications,,true,2024-01-15
5236-XMZJY,Telco-5236-XMZJY,,,starter,59.65,,2020-08-03,,2024-01-15,8,50.0,0,3,,0,US,Telecommunications,,false,
4827-DPADN,Telco-4827-DPADN,,,enterprise,83.3,24,2018-02-15,2026-01-04,2024-01-15,8,87.5,0,3,,0,US,Telecommunications,,false,
2694-CIUMO,Telco-2694-CIUMO,,,starter,79.55,,2023-01-20,,2024-01-15,15,37.5,0,0,,0,US,Telecommunications,,false,
5846-ABOBJ,Telco-5846-ABOBJ,,,enterprise,24.45,24,2018-03-17,2024-02-14,2024-01-15,3,25.0,0,5,,0,US,Telecommunications,,false,
1439-LCGVL,Telco-1439-LCGVL,,,growth,19.2,12,2021-11-26,2024-11-10,2024-01-15,3,12.5,0,2,,0,US,Telecommunications,,false,
0909-SDHNU,Telco-0909-SDHNU,,,starter,29.8,,2023-06-19,,2024-01-15,8,12.5,0,0,,0,US,Telecommunications,,false,
4647-XXZAM,Telco-4647-XXZAM,,,starter,45.5,,2023-07-19,,2024-01-15,8,12.5,0,0,,0,US,Telecommunications,,false,
1502-XFCVR,Telco-1502-XFCVR,,,growth,106.45,12,2019-04-11,2020-04-05,2023-12-16,4,75.0,0,4,,2,US,Telecommunications,,true,2024-01-15
7740-KKCXF,Telco-7740-KKCXF,,,starter,30.05,,2019-11-07,,2024-01-15,8,12.5,0,4,,0,US,Telecommunications,,false,
5360-XGYAZ,Telco-5360-XGYAZ,,,enterprise,65.65,24,2018-02-15,2026-01-04,2024-01-15,8,75.0,0,3,,0,US,Telecommunications,,false,
9692-TUSXH,Telco-9692-TUSXH,,,starter,96.05,,2022-07-24,,2023-12-16,4,50.0,0,1,,2,US,Telecommunications,,true,2024-01-15
7912-SYRQT,Telco-7912-SYRQT,,,starter,75.1,,2023-06-19,,2023-12-16,4,25.0,0,0,,0,US,Telecommunications,,true,2024-01-15
3557-HTYWR,Telco-3557-HTYWR,,,enterprise,74.05,24,2020-03-06,2024-02-14,2024-01-15,8,75.0,0,1,,0,US,Telecommunications,,false,
4816-JBHOV,Telco-4816-JBHOV,,,starter,44.7,,2023-11-16,,2023-12-16,2,12.5,0,0,,2,US,Telecommunications,,true,2024-01-15
8920-NAVAY,Telco-8920-NAVAY,,,growth,110.75,12,2018-12-12,2024-11-10,2024-01-15,15,87.5,0,2,,0,US,Telecommunications,,false,
1699-TLDLZ,Telco-1699-TLDLZ,,,enterprise,19.7,24,2022-09-22,2024-09-11,2024-01-15,3,12.5,0,1,,0,US,Telecommunications,,false,
5600-PDUJF,Telco-5600-PDUJF,,,starter,49.5,,2023-07-19,,2024-01-15,8,25.0,0,0,,0,US,Telecommunications,,false,
8292-TYSPY,Telco-8292-TYSPY,,,starter,55.0,,2022-06-24,,2023-12-16,2,37.5,0,0,,0,US,Telecommunications,,true,2024-01-15
0567-XRHCU,Telco-0567-XRHCU,,,enterprise,43.95,24,2018-05-16,2024-04-14,2024-01-15,8,37.5,0,5,,0,US,Telecommunications,,false,
1867-BDVFH,Telco-1867-BDVFH,,,starter,74.35,,2023-02-19,,2023-12-16,4,25.0,0,0,,2,US,Telecommunications,,true,2024-01-15
2067-QYTCF,Telco-2067-QYTCF,,,starter,111.15,,2018-10-13,,2024-01-15,15,87.5,0,2,,1,US,Telecommunications,,false,
2359-QWQUL,Telco-2359-QWQUL,,,growth,104.7,12,2020-11-01,2021-10-27,2023-12-16,4,75.0,0,1,,0,US,Telecommunications,,true,2024-01-15
9103-TCIHJ,Telco-9103-TCIHJ,,,starter,55.7,,2022-10-22,,2023-12-16,2,37.5,0,1,,1,US,Telecommunications,,true,2024-01-15
7407-SUJIZ,Telco-7407-SUJIZ,,,starter,20.6,,2021-12-26,,2024-01-15,3,12.5,0,2,,0,US,Telecommunications,,false,
9150-KPBJQ,Telco-9150-KPBJQ,,,enterprise,19.65,24,2023-07-19,2025-07-08,2024-01-15,3,12.5,0,0,,0,US,Telecommunications,,false,
0052-DCKON,Telco-0052-DCKON,,,growth,115.8,12,2018-08-14,2024-07-13,2024-01-15,15,100.0,0,2,,0,US,Telecommunications,,false,
3654-ARMGP,Telco-3654-ARMGP,,,enterprise,88.65,24,2019-01-11,2024-12-10,2024-01-15,8,87.5,0,2,,0,US,Telecommunications,,false,
9699-UBQFS,Telco-9699-UBQFS,,,starter,94.5,,2020-07-04,,2024-01-15,15,62.5,0,3,,1,US,Telecommunications,,false,
9367-TCUYN,Telco-9367-TCUYN,,,starter,20.1,,2023-01-20,,2024-01-15,3,12.5,0,1,,0,US,Telecommunications,,false,
1261-FWTTE,Telco-1261-FWTTE,,,starter,34.65,,2022-02-24,,2024-01-15,8,12.5,0,1,,0,US,Telecommunications,,false,
3528-HFRIQ,Telco-3528-HFRIQ,,,starter,52.3,,2018-03-17,,2024-01-15,8,50.0,0,5,,0,US,Telecommunications,,false,
0708-SJDIS,Telco-0708-SJDIS,,,starter,65.0,,2021-03-31,,2024-01-15,8,50.0,0,1,,0,US,Telecommunications,,false,
4140-WJAWW,Telco-4140-WJAWW,,,starter,19.85,,2023-08-18,,2023-12-16,1,12.5,0,0,,0,US,Telecommunications,,true,2024-01-15
2073-QBVBI,Telco-2073-QBVBI,,,growth,35.45,12,2020-09-02,2024-08-12,2024-01-15,8,25.0,0,1,,0,US,Telecommunications,,false,
6928-ONTRW,Telco-6928-ONTRW,,,enterprise,19.7,24,2018-02-15,2026-01-04,2024-01-15,3,12.5,0,6,,0,US,Telecommunications,,false,
3320-VEOYC,Telco-3320-VEOYC,,,starter,95.6,,2022-11-21,,2024-01-15,15,50.0,0,1,,1,US,Telecommunications,,false,
5231-FIQPA,Telco-5231-FIQPA,,,enterprise,19.85,24,2020-09-02,2024-08-12,2024-01-15,3,12.5,0,3,,0,US,Telecommunications,,false,
6617-WLBQC,Telco-6617-WLBQC,,,growth,81.85,12,2022-02-24,2024-02-14,2024-01-15,15,37.5,0,1,,0,US,Telecommunications,,false,
2599-CIPQE,Telco-2599-CIPQE,,,enterprise,109.3,24,2018-03-17,2024-02-14,2024-01-15,15,87.5,0,2,,0,US,Telecommunications,,false,
6653-CBBOM,Telco-6653-CBBOM,,,starter,70.3,,2023-12-16,,2023-12-16,4,12.5,0,0,,2,US,Telecommunications,,true,2024-01-15
8774-GSBUN,Telco-8774-GSBUN,,,enterprise,25.4,24,2018-02-15,2026-01-04,2024-01-15,3,25.0,0,6,,0,US,Telecommunications,,false,
7326-RIGQZ,Telco-7326-RIGQZ,,,starter,69.8,,2023-07-19,,2024-01-15,15,12.5,0,0,,1,US,Telecommunications,,false,
1401-FTHFQ,Telco-1401-FTHFQ,,,growth,20.0,12,2022-02-24,2024-02-14,2024-01-15,3,12.5,0,1,,0,US,Telecommunications,,false,
3247-ZVOUO,Telco-3247-ZVOUO,,,starter,85.55,,2023-03-21,,2023-12-16,4,37.5,0,0,,2,US,Telecommunications,,true,2024-01-15
0254-FNMCI,Telco-0254-FNMCI,,,enterprise,109.9,24,2018-02-15,2026-01-04,2024-01-15,15,87.5,0,3,,1,US,Telecommunications,,false,
1848-LBZHY,Telco-1848-LBZHY,,,starter,50.3,,2023-06-19,,2024-01-15,8,25.0,0,0,,0,US,Telecommunications,,false,
6101-IMRMM,Telco-6101-IMRMM,,,starter,94.5,,2023-07-19,,2023-12-16,4,50.0,0,0,,1,US,Telecommunications,,true,2024-01-15
8118-TJAFG,Telco-8118-TJAFG,,,starter,101.5,,2023-04-20,,2024-01-15,15,62.5,0,0,,1,US,Telecommunications,,false,
5429-LWCMV,Telco-5429-LWCMV,,,starter,89.15,,2023-01-20,,2024-01-15,15,50.0,0,1,,1,US,Telecommunications,,false,
7298-IZWLY,Telco-7298-IZWLY,,,starter,19.4,,2023-12-16,,2024-01-15,3,12.5,0,0,,0,US,Telecommunications,,false,
9758-MFWGD,Telco-9758-MFWGD,,,growth,29.9,12,2020-02-05,2025-01-09,2024-01-15,8,12.5,0,4,,0,US,Telecommunications,,false,
3955-JBZZM,Telco-3955-JBZZM,,,starter,78.8,,2022-05-25,,2024-01-15,15,25.0,0,1,,1,US,Telecommunications,,false,
1268-ASBGA,Telco-1268-ASBGA,,,starter,85.35,,2022-09-22,,2023-12-16,4,37.5,0,1,,0,US,Telecommunications,,true,2024-01-15
8943-URTMR,Telco-8943-URTMR,,,starter,79.65,,2023-11-16,,2023-12-16,4,25.0,0,0,,1,US,Telecommunications,,true,2024-01-15
4815-TUMEQ,Telco-4815-TUMEQ,,,growth,19.3,12,2023-03-21,2024-03-15,2024-01-15,3,12.5,0,0,,0,US,Telecommunications,,false,
4713-LZDRV,Telco-4713-LZDRV,,,starter,79.6,,2023-11-16,,2023-12-16,4,25.0,0,0,,2,US,Telecommunications,,true,2024-01-15
9909-IDLEK,Telco-9909-IDLEK,,,starter,96.8,,2022-05-25,,2024-01-15,15,62.5,0,0,,0,US,Telecommunications,,false,
4092-OFQZS,Telco-4092-OFQZS,,,growth,20.65,12,2022-05-25,2024-05-14,2024-01-15,3,12.5,0,1,,0,US,Telecommunications,,false,
1561-BWHIN,Telco-1561-BWHIN,,,growth,19.8,12,2022-06-24,2024-06-13,2024-01-15,3,12.5,0,1,,0,US,Telecommunications,,false,
4325-NFSKC,Telco-4325-NFSKC,,,starter,90.6,,2022-06-24,,2023-12-16,4,50.0,0,1,,2,US,Telecommunications,,true,2024-01-15
9927-DSWDF,Telco-9927-DSWDF,,,starter,104.6,,2022-03-26,,2024-01-15,15,75.0,0,0,,1,US,Telecommunications,,false,
9500-LTVBP,Telco-9500-LTVBP,,,starter,80.05,,2021-03-01,,2024-01-15,15,37.5,0,1,,0,US,Telecommunications,,false,
7252-NTGSS,Telco-7252-NTGSS,,,starter,45.15,,2023-12-16,,2024-01-15,8,12.5,0,0,,0,US,Telecommunications,,false,
8149-AIQCG,Telco-8149-AIQCG,,,starter,73.15,,2020-11-01,,2024-01-15,15,25.0,0,3,,0,US,Telecommunications,,false,
1360-JYXKQ,Telco-1360-JYXKQ,,,growth,99.1,12,2019-08-09,2024-07-13,2024-01-15,15,62.5,0,2,,1,US,Telecommunications,,false,
2955-PSXOE,Telco-2955-PSXOE,,,starter,20.2,,2023-12-16,,2023-12-16,1,12.5,0,0,,0,US,Telecommunications,,true,2024-01-15
7762-URZQH,Telco-7762-URZQH,,,enterprise,106.05,24,2018-08-14,2020-08-03,2023-12-16,4,75.0,0,5,,0,US,Telecommunications,,true,2024-01-15
0899-WZRSD,Telco-0899-WZRSD,,,starter,105.35,,2019-06-10,,2024-01-15,15,75.0,0,2,,0,US,Telecommunications,,false,
3255-GRXMG,Telco-3255-GRXMG,,,starter,45.65,,2022-07-24,,2024-01-15,8,12.5,0,1,,0,US,Telecommunications,,false,
4828-FAZPK,Telco-4828-FAZPK,,,starter,79.95,,2022-09-22,,2024-01-15,15,37.5,0,1,,0,US,Telecommunications,,false,
6094-ZIVKX,Telco-6094-ZIVKX,,,growth,54.45,12,2018-06-15,2024-05-14,2024-01-15,8,37.5,0,5,,0,US,Telecommunications,,false,
6925-BAYGL,Telco-6925-BAYGL,,,enterprise,25.1,24,2019-09-08,2025-08-07,2024-01-15,3,25.0,0,4,,0,US,Telecommunications,,false,
3262-EIDHV,Telco-3262-EIDHV,,,enterprise,84.7,24,2018-02-15,2026-01-04,2024-01-15,8,87.5,0,3,,0,US,Telecommunications,,false,
7354-OIJLX,Telco-7354-OIJLX,,,starter,75.85,,2023-04-20,,2024-01-15,15,25.0,0,0,,1,US,Telecommunications,,false,
1376-HHBDV,Telco-1376-HHBDV,,,starter,48.8,,2021-07-29,,2024-01-15,8,25.0,0,2,,0,US,Telecommunications,,false,
6907-NZZIJ,Telco-6907-NZZIJ,,,starter,99.15,,2021-01-30,,2023-12-16,4,62.5,0,3,,2,US,Telecommunications,,true,2024-01-15
6133-OZILE,Telco-6133-OZILE,,,starter,35.2,,2022-07-24,,2024-01-15,8,25.0,0,0,,1,US,Telecommunications,,false,
4135-FRWKJ,Telco-4135-FRWKJ,,,growth,76.25,12,2019-07-10,2024-06-13,2024-01-15,8,75.0,0,2,,1,US,Telecommunications,,false,
2911-UREFD,Telco-2911-UREFD,,,starter,55.9,,2020-11-01,,2023-12-16,2,50.0,0,3,,2,US,Telecommunications,,true,2024-01-15
3744-ZRRDZ,Telco-3744-ZRRDZ,,,starter,82.35,,2022-04-25,,2023-12-16,4,37.5,0,1,,2,US,Telecommunications,,true,2024-01-15
5673-TIYIB,Telco-5673-TIYIB,,,starter,40.4,,2023-11-16,,2023-12-16,2,37.5,0,0,,0,US,Telecommunications,,true,2024-01-15
6551-ZCOTS,Telco-6551-ZCOTS,,,growth,24.9,12,2021-04-30,2024-04-14,2024-01-15,3,25.0,0,2,,0,US,Telecommunications,,false,
7191-ADRGF,Telco-7191-ADRGF,,,enterprise,54.3,24,2020-06-04,2024-05-14,2024-01-15,8,50.0,0,3,,0,US,Telecommunications,,false,
5018-LXQQG,Telco-5018-LXQQG,,,starter,66.3,,2021-07-29,,2024-01-15,8,50.0,0,1,,0,US,Telecommunications,,false,
6892-BOGQE,Telco-6892-BOGQE,,,enterprise,20.9,24,2018-03-17,2024-02-14,2024-01-15,3,12.5,0,5,,0,US,Telecommunications,,false,
1602-IJQQE,Telco-1602-IJQQE,,,starter,75.35,,2023-09-17,,2023-12-16,4,25.0,0,0,,2,US,Telecommunications,,true,2024-01-15
4628-WQCQQ,Telco-4628-WQCQQ,,,growth,85.15,12,2021-03-01,2022-02-24,2023-12-16,4,37.5,0,2,,2,US,Telecommunications,,true,2024-01-15
1746-TGTWV,Telco-1746-TGTWV,,,starter,75.35,,2023-12-16,,2024-01-15,15,25.0,0,0,,0,US,Telecommunications,,false,
5995-SNNEW,Telco-5995-SNNEW,,,starter,104.45,,2022-02-24,,2024-01-15,15,75.0,0,1,,1,US,Telecommunications,,false,
8050-WYBND,Telco-8050-WYBND,,,growth,49.45,12,2022-03-26,2024-03-15,2024-01-15,8,37.5,0,1,,0,US,Telecommunications,,false,
2821-WARNZ,Telco-2821-WARNZ,,,growth,19.45,12,2020-01-06,2024-12-10,2024-01-15,3,12.5,0,4,,0,US,Telecommunications,,false,
4879-GZLFH,Telco-4879-GZLFH,,,starter,92.15,,2020-08-03,,2024-01-15,15,50.0,0,3,,1,US,Telecommunications,,false,
1644-IRKSF,Telco-1644-IRKSF,,,growth,93.8,12,2021-04-30,2022-04-25,2023-12-16,4,50.0,0,2,,2,US,Telecommunications,,true,2024-01-15
8314-HTWVE,Telco-8314-HTWVE,,,enterprise,19.85,24,2023-06-19,2025-06-08,2024-01-15,3,12.5,0,0,,0,US,Telecommunications,,false,
9402-ROUMJ,Telco-9402-ROUMJ,,,growth,100.25,12,2018-07-15,2024-06-13,2024-01-15,15,75.0,0,2,,0,US,Telecommunications,,false,
2507-QZPQS,Telco-2507-QZPQS,,,starter,95.7,,2022-10-22,,2024-01-15,15,62.5,0,0,,1,US,Telecommunications,,false,
7159-NOKYQ,Telco-7159-NOKYQ,,,enterprise,93.15,24,2018-07-15,2024-06-13,2024-01-15,15,62.5,0,5,,1,US,Telecommunications,,false,
5707-ZMDJP,Telco-5707-ZMDJP,,,enterprise,69.7,24,2019-09-08,2025-08-07,2024-01-15,8,62.5,0,2,,0,US,Telecommunications,,false,
8779-YIQQA,Telco-8779-YIQQA,,,growth,19.8,12,2022-04-25,2024-04-14,2024-01-15,3,12.5,0,1,,0,US,Telecommunications,,false,
7136-IHZJA,Telco-7136-IHZJA,,,starter,71.35,,2020-10-02,,2024-01-15,8,62.5,0,1,,0,US,Telecommunications,,false,
8966-OIQHG,Telco-8966-OIQHG,,,growth,20.75,12,2022-03-26,2024-03-15,2024-01-15,3,12.5,0,1,,0,US,Telecommunications,,false,
7074-STDCN,Telco-7074-STDCN,,,starter,40.6,,2020-11-01,,2024-01-15,8,25.0,0,1,,1,US,Telecommunications,,false,
3705-PSNGL,Telco-3705-PSNGL,,,growth,20.4,12,2020-05-05,2021-04-30,2023-12-16,1,12.5,0,3,,2,US,Telecommunications,,true,2024-01-15
8739-QOTTN,Telco-8739-QOTTN,,,starter,20.35,,2023-11-16,,2024-01-15,3,12.5,0,0,,0,US,Telecommunications,,false,
1399-OUPJN,Telco-1399-OUPJN,,,enterprise,19.75,24,2019-05-11,2025-04-09,2024-01-15,3,12.5,0,4,,0,US,Telecommunications,,false,
0277-BKSQP,Telco-0277-BKSQP,,,starter,54.4,,2023-05-20,,2024-01-15,8,25.0,0,0,,1,US,Telecommunications,,false,
6502-HCJTI,Telco-6502-HCJTI,,,starter,94.7,,2023-06-19,,2023-12-16,4,62.5,0,0,,0,US,Telecommunications,,true,2024-01-15
2606-RMDHZ,Telco-2606-RMDHZ,,,starter,30.5,,2023-07-19,,2023-12-16,2,12.5,0,0,,0,US,Telecommunications,,true,2024-01-15
5774-XZTQC,Telco-5774-XZTQC,,,starter,20.45,,2023-06-19,,2024-01-15,3,12.5,0,0,,0,US,Telecommunications,,false,
2676-SSLTO,Telco-2676-SSLTO,,,enterprise,66.15,24,2020-01-06,2025-12-05,2024-01-15,8,50.0,0,2,,0,US,Telecommunications,,false,
6266-QHOJZ,Telco-6266-QHOJZ,,,growth,89.85,12,2018-09-13,2024-08-12,2024-01-15,15,62.5,0,2,,1,US,Telecommunications,,false,
7269-JISCY,Telco-7269-JISCY,,,growth,45.05,12,2019-07-10,2024-06-13,2024-01-15,8,12.5,0,4,,0,US,Telecommunications,,false,
0363-SVHYR,Telco-0363-SVHYR,,,enterprise,86.85,24,2018-03-17,2024-02-14,2024-01-15,8,100.0,0,2,,0,US,Telecommunications,,false,
8547-NSBBO,Telco-8547-NSBBO,,,starter,96.75,,2021-03-01,,2024-01-15,15,75.0,0,1,,0,US,Telecommunications,,false,
8258-GSTJK,Telco-8258-GSTJK,,,starter,77.0,,2023-10-17,,2023-12-16,4,25.0,0,0,,2,US,Telecommunications,,true,2024-01-15
6861-OKBCE,Telco-6861-OKBCE,,,starter,20.1,,2023-02-19,,2023-12-16,1,12.5,0,0,,0,US,Telecommunications,,true,2024-01-15
9940-RHLFB,Telco-9940-RHLFB,,,starter,75.3,,2023-12-16,,2023-12-16,4,25.0,0,0,,2,US,Telecommunications,,true,2024-01-15
6591-QGOYB,Telco-6591-QGOYB,,,starter,106.65,,2022-08-23,,2024-01-15,15,87.5,0,0,,0,US,Telecommunications,,false,
9070-BCKQP,Telco-9070-BCKQP,,,enterprise,110.15,24,2018-02-15,2026-01-04,2024-01-15,15,87.5,0,3,,0,US,Telecommunications,,false,
6421-SZVEM,Telco-6421-SZVEM,,,growth,82.85,12,2021-09-27,2024-09-11,2024-01-15,15,37.5,0,2,,0,US,Telecommunications,,false,
1328-EUZHC,Telco-1328-EUZHC,,,enterprise,20.1,24,2022-07-24,2024-07-13,2024-01-15,3,12.5,0,1,,0,US,Telecommunications,,false,
2995-UPRYS,Telco-2995-UPRYS,,,growth,99.2,12,2020-10-02,2021-09-27,2023-12-16,4,62.5,0,1,,0,US,Telecommunications,,true,2024-01-15
8878-RYUKI,Telco-8878-RYUKI,,,starter,59.45,,2019-10-08,,2024-01-15,8,37.5,0,4,,1,US,Telecommunications,,false,
9633-DENPU,Telco-9633-DENPU,,,starter,58.6,,2020-03-06,,2024-01-15,8,37.5,0,3,,0,US,Telecommunications,,false,
7811-JIVPF,Telco-7811-JIVPF,,,starter,49.7,,2022-02-24,,2024-01-15,8,25.0,0,1,,0,US,Telecommunications,,false,
7113-HIPFI,Telco-7113-HIPFI,,,enterprise,65.85,24,2018-08-14,2024-07-13,2024-01-15,8,62.5,0,2,,0,US,Telecommunications,,false,
8541-QVFKM,Telco-8541-QVFKM,,,starter,73.5,,2023-05-20,,2024-01-15,15,25.0,0,0,,1,US,Telecommunications,,false,
6686-YPGHK,Telco-6686-YPGHK,,,starter,85.5,,2020-03-06,,2023-12-16,4,37.5,0,3,,1,US,Telecommunications,,true,2024-01-15
1383-EZRWL,Telco-1383-EZRWL,,,starter,20.05,,2023-06-19,,2023-12-16,1,12.5,0,0,,1,US,Telecommunications,,true,2024-01-15
9258-CNWAC,Telco-9258-CNWAC,,,enterprise,113.65,24,2018-03-17,2024-02-14,2024-01-15,15,100.0,0,2,,0,US,Telecommunications,,false,
5371-VYLSX,Telco-5371-VYLSX,,,starter,83.4,,2019-12-07,,2024-01-15,15,50.0,0,4,,1,US,Telecommunications,,false,
6374-AFWOX,Telco-6374-AFWOX,,,enterprise,65.65,24,2020-04-05,2024-03-15,2024-01-15,8,62.5,0,1,,0,US,Telecommunications,,false,
4759-TRPLW,Telco-4759-TRPLW,,,starter,70.4,,2023-12-16,,2023-12-16,4,12.5,0,0,,2,US,Telecommunications,,true,2024-01-15
5317-FLPJF,Telco-5317-FLPJF,,,enterprise,61.35,24,2018-08-14,2024-07-13,2024-01-15,8,62.5,0,2,,0,US,Telecommunications,,false,
7621-VPNET,Telco-7621-VPNET,,,starter,85.9,,2020-08-03,,2024-01-15,15,50.0,0,1,,0,US,Telecommunications,,false,
6034-YMTOB,Telco-6034-YMTOB,,,starter,75.65,,2023-08-18,,2024-01-15,15,25.0,0,0,,0,US,Telecommunications,,false,
8563-IIOXK,Telco-8563-IIOXK,,,growth,49.75,12,2023-06-19,2024-06-13,2023-12-16,2,25.0,0,0,,2,US,Telecommunications,,true,2024-01-15
4903-CNOZC,Telco-4903-CNOZC,,,growth,70.9,12,2021-08-28,2024-08-12,2024-01-15,8,62.5,0,2,,0,US,Telecommunications,,false,
4353-HYOJD,Telco-4353-HYOJD,,,starter,49.85,,2021-10-27,,2024-01-15,8,25.0,0,2,,0,US,Telecommunications,,false,
8020-BWHYL,Telco-8020-BWHYL,,,starter,75.3,,2022-10-22,,2023-12-16,4,25.0,0,1,,0,US,Telecommunications,,true,2024-01-15
7267-FRMJW,Telco-7267-FRMJW,,,enterprise,20.1,24,2021-12-26,2025-12-05,2024-01-15,3,12.5,0,2,,0,US,Telecommunications,,false,
2982-VPSGI,Telco-2982-VPSGI,,,starter,94.0,,2023-02-19,,2023-12-16,4,50.0,0,0,,2,US,Telecommunications,,true,2024-01-15
4188-FRABG,Telco-4188-FRABG,,,starter,103.05,,2019-05-11,,2024-01-15,15,87.5,0,2,,1,US,Telecommunications,,false,
8199-ZLLSA,Telco-8199-ZLLSA,,,growth,118.35,12,2018-07-15,2019-07-10,2023-12-16,4,100.0,0,2,,0,US,Telecommunications,,true,2024-01-15
4128-ETESU,Telco-4128-ETESU,,,starter,99.7,,2020-03-06,,2024-01-15,15,62.5,0,3,,1,US,Telecommunications,,false,
0620-DLSLK,Telco-0620-DLSLK,,,starter,81.9,,2022-12-21,,2024-01-15,15,25.0,0,1,,0,US,Telecommunications,,false,
4625-EWPTF,Telco-4625-EWPTF,,,starter,30.45,,2023-05-20,,2023-12-16,2,12.5,0,0,,2,US,Telecommunications,,true,2024-01-15
5980-NOPLP,Telco-5980-NOPLP,,,starter,96.1,,2020-06-04,,2023-12-16,4,50.0,0,3,,2,US,Telecommunications,,true,2024-01-15
3850-OKINF,Telco-3850-OKINF,,,growth,66.2,12,2018-03-17,2024-02-14,2024-01-15,8,50.0,0,5,,1,US,Telecommunications,,false,
6892-XPFPU,Telco-6892-XPFPU,,,starter,104.25,,2022-01-25,,2023-12-16,4,75.0,0,2,,2,US,Telecommunications,,true,2024-01-15
8010-EZLOU,Telco-8010-EZLOU,,,starter,80.2,,2022-10-22,,2023-12-16,4,37.5,0,1,,2,US,Telecommunications,,true,2024-01-15
1156-ZFYDO,Telco-1156-ZFYDO,,,starter,19.75,,2023-12-16,,2024-01-15,3,12.5,0,0,,1,US,Telecommunications,,false,
3295-YVUSR,Telco-3295-YVUSR,,,starter,72.6,,2023-11-16,,2024-01-15,15,25.0,0,0,,0,US,Telecommunications,,false,
8016-NCFVO,Telco-8016-NCFVO,,,starter,116.5,,2019-07-10,,2024-01-15,15,100.0,0,2,,1,US,Telecommunications,,false,
4119-ZYPZY,Telco-4119-ZYPZY,,,enterprise,106.8,24,2018-03-17,2024-02-14,2024-01-15,15,75.0,0,2,,1,US,Telecommunications,,false,
5549-ZGHFB,Telco-5549-ZGHFB,,,enterprise,24.95,24,2019-12-07,2025-11-05,2024-01-15,3,25.0,0,4,,0,US,Telecommunications,,false,
7577-SWIFR,Telco-7577-SWIFR,,,starter,89.25,,2023-12-16,,2024-01-15,15,37.5,0,0,,1,US,Telecommunications,,false,
0303-WMMRN,Telco-0303-WMMRN,,,starter,19.25,,2023-08-18,,2024-01-15,3,12.5,0,0,,0,US,Telecommunications,,false,
6408-OTUBZ,Telco-6408-OTUBZ,,,growth,104.55,12,2018-08-14,2024-07-13,2024-01-15,15,87.5,0,2,,0,US,Telecommunications,,false,
5204-HMGYF,Telco-5204-HMGYF,,,growth,87.2,12,2020-01-06,2024-12-10,2024-01-15,8,87.5,0,2,,0,US,Telecommunications,,false,
1078-TDCRN,Telco-1078-TDCRN,,,starter,30.75,,2023-10-17,,2024-01-15,8,12.5,0,0,,1,US,Telecommunications,,false,
3727-OVPRY,Telco-3727-OVPRY,,,growth,25.7,12,2018-08-14,2024-07-13,2024-01-15,3,25.0,0,5,,0,US,Telecommunications,,false,
3797-FKOGQ,Telco-3797-FKOGQ,,,starter,86.2,,2023-02-19,,2024-01-15,15,37.5,0,0,,1,US,Telecommunications,,false,
7622-NXQZR,Telco-7622-NXQZR,,,starter,30.1,,2021-09-27,,2024-01-15,8,12.5,0,1,,0,US,Telecommunications,,false,
6196-HBOBZ,Telco-6196-HBOBZ,,,enterprise,99.35,24,2018-09-13,2024-08-12,2024-01-15,15,75.0,0,5,,1,US,Telecommunications,,false,
3970-XGJDU,Telco-3970-XGJDU,,,enterprise,19.2,24,2018-12-12,2024-11-10,2024-01-15,3,12.5,0,5,,0,US,Telecommunications,,false,
7017-VFULY,Telco-7017-VFULY,,,starter,20.1,,2023-11-16,,2024-01-15,3,12.5,0,0,,0,US,Telecommunications,,false,
5562-YJQGT,Telco-5562-YJQGT,,,starter,20.35,,2023-11-16,,2024-01-15,3,12.5,0,0,,0,US,Telecommunications,,false,
8807-OPMBM,Telco-8807-OPMBM,,,enterprise,25.65,24,2019-07-10,2025-06-08,2024-01-15,3,25.0,0,4,,0,US,Telecommunications,,false,
5439-WIKXB,Telco-5439-WIKXB,,,starter,94.55,,2020-09-02,,2024-01-15,15,50.0,0,3,,1,US,Telecommunications,,false,
9874-QLCLH,Telco-9874-QLCLH,,,starter,104.2,,2022-08-23,,2023-12-16,4,75.0,0,1,,2,US,Telecommunications,,true,2024-01-15
8294-UIMBA,Telco-8294-UIMBA,,,growth,94.4,12,2021-07-29,2024-07-13,2024-01-15,15,50.0,0,1,,0,US,Telecommunications,,false,
8109-YUOHE,Telco-8109-YUOHE,,,growth,56.1,12,2022-08-23,2024-08-12,2024-01-15,8,37.5,0,1,,0,US,Telecommunications,,false,
5840-NVDCG,Telco-5840-NVDCG,,,enterprise,68.25,24,2022-09-22,2024-09-11,2024-01-15,8,62.5,0,0,,0,US,Telecommunications,,false,
8092-NLTGF,Telco-8092-NLTGF,,,enterprise,24.75,24,2018-02-15,2026-01-04,2024-01-15,3,25.0,0,6,,0,US,Telecommunications,,false,
5928-QLDHB,Telco-5928-QLDHB,,,starter,76.25,,2023-04-20,,2024-01-15,15,25.0,0,0,,1,US,Telecommunications,,false,
9840-EFJQB,Telco-9840-EFJQB,,,starter,74.35,,2023-12-16,,2024-01-15,15,25.0,0,0,,1,US,Telecommunications,,false,
0696-UKTOX,Telco-0696-UKTOX,,,starter,54.15,,2022-02-24,,2024-01-15,8,37.5,0,0,,1,US,Telecommunications,,false,
4801-KFYKL,Telco-4801-KFYKL,,,starter,19.45,,2023-05-20,,2024-01-15,3,12.5,0,0,,0,US,Telecommunications,,false,
3472-OAOOR,Telco-3472-OAOOR,,,starter,34.95,,2022-06-24,,2024-01-15,8,25.0,0,1,,0,US,Telecommunications,,false,
6135-OZQVA,Telco-6135-OZQVA,,,starter,53.65,,2023-06-19,,2024-01-15,8,37.5,0,0,,1,US,Telecommunications,,false,
8062-YBDOE,Telco-8062-YBDOE,,,starter,69.65,,2023-12-16,,2023-12-16,4,12.5,0,0,,2,US,Telecommunications,,true,2024-01-15
2252-JHJGE,Telco-2252-JHJGE,,,growth,104.0,12,2019-01-11,2024-12-10,2024-01-15,15,75.0,0,5,,1,US,Telecommunications,,false,
4188-PCPIG,Telco-4188-PCPIG,,,enterprise,70.35,24,2019-05-11,2025-04-09,2024-01-15,8,62.5,0,2,,0,US,Telecommunications,,false,
6000-APYLU,Telco-6000-APYLU,,,starter,80.8,,2023-04-20,,2023-12-16,4,25.0,0,0,,2,US,Telecommunications,,true,2024-01-15
7105-BENQF,Telco-7105-BENQF,,,growth,64.85,12,2022-10-22,2024-10-11,2024-01-15,8,50.0,0,1,,0,US,Telecommunications,,false,
7721-DVEKZ,Telco-7721-DVEKZ,,,starter,19.65,,2023-12-16,,2024-01-15,3,12.5,0,0,,0,US,Telecommunications,,false,
3566-VVORZ,Telco-3566-VVORZ,,,starter,45.9,,2023-01-20,,2024-01-15,8,12.5,0,1,,0,US,Telecommunications,,false,
9507-HSMMZ,Telco-9507-HSMMZ,,,enterprise,20.0,24,2019-08-09,2025-07-08,2024-01-15,3,12.5,0,4,,0,US,Telecommunications,,false,
2480-SQIOB,Telco-2480-SQIOB,,,starter,44.8,,2023-09-17,,2024-01-15,8,12.5,0,0,,1,US,Telecommunications,,false,
0947-IDHRQ,Telco-0947-IDHRQ,,,starter,80.3,,2023-06-19,,2023-12-16,4,25.0,0,0,,1,US,Telecommunications,,true,2024-01-15
7813-TKCVO,Telco-7813-TKCVO,,,growth,20.35,12,2022-05-25,2024-05-14,2024-01-15,3,12.5,0,1,,0,US,Telecommunications,,false,
0128-MKWSG,Telco-0128-MKWSG,,,starter,45.8,,2021-11-26,,2024-01-15,8,37.5,0,1,,0,US,Telecommunications,,false,
3672-YITQD,Telco-3672-YITQD,,,starter,84.1,,2021-01-30,,2023-12-16,4,37.5,0,3,,2,US,Telecommunications,,true,2024-01-15
4350-ZTLPI,Telco-4350-ZTLPI,,,growth,108.95,12,2019-09-08,2024-08-12,2024-01-15,15,87.5,0,2,,0,US,Telecommunications,,false,
9048-JVYVF,Telco-9048-JVYVF,,,starter,69.35,,2023-10-17,,2023-12-16,2,50.0,0,0,,2,US,Telecommunications,,true,2024-01-15
0361-HJRDX,Telco-0361-HJRDX,,,enterprise,64.35,24,2018-06-15,2024-05-14,2024-01-15,8,75.0,0,2,,0,US,Telecommunications,,false,
5727-MYATE,Telco-5727-MYATE,,,enterprise,90.8,24,2018-02-15,2026-01-04,2024-01-15,8,100.0,0,3,,0,US,Telecommunications,,false,
3823-KYNQY,Telco-3823-KYNQY,,,growth,24.95,12,2023-01-20,2025-01-09,2024-01-15,3,25.0,0,1,,0,US,Telecommunications,,false,
8988-ECPJR,Telco-8988-ECPJR,,,starter,79.6,,2021-03-31,,2023-12-16,4,37.5,0,2,,1,US,Telecommunications,,true,2024-01-15
7570-WELNY,Telco-7570-WELNY,,,enterprise,84.7,24,2018-06-15,2024-05-14,2024-01-15,15,50.0,0,5,,0,US,Telecommunications,,false,
3021-VLNRJ,Telco-3021-VLNRJ,,,growth,70.8,12,2019-12-07,2024-11-10,2024-01-15,8,62.5,0,2,,0,US,Telecommunications,,false,
3776-EKTKM,Telco-3776-EKTKM,,,starter,36.45,,2023-12-16,,2023-12-16,2,12.5,0,0,,2,US,Telecommunications,,true,2024-01-15
2080-CAZNM,Telco-2080-CAZNM,,,starter,104.4,,2020-09-02,,2024-01-15,15,75.0,0,3,,1,US,Telecommunications,,false,
1028-FFNJK,Telco-1028-FFNJK,,,starter,101.5,,2021-07-29,,2024-01-15,15,62.5,0,1,,1,US,Telecommunications,,false,
6907-FLBER,Telco-6907-FLBER,,,starter,54.3,,2023-12-16,,2024-01-15,8,37.5,0,0,,1,US,Telecommunications,,false,
3001-UNBTL,Telco-3001-UNBTL,,,starter,103.95,,2021-08-28,,2024-01-15,15,62.5,0,2,,1,US,Telecommunications,,false,
5982-PSMKW,Telco-5982-PSMKW,,,enterprise,91.1,24,2022-02-24,2024-02-14,2024-01-15,8,100.0,0,0,,0,US,Telecommunications,,false,
3507-GASNP,Telco-3507-GASNP,,,enterprise,19.95,24,2019-02-10,2025-01-09,2024-01-15,3,12.5,0,5,,0,US,Telecommunications,,false,
7096-ZNBZI,Telco-7096-ZNBZI,,,enterprise,26.45,24,2018-02-15,2026-01-04,2024-01-15,3,25.0,0,6,,0,US,Telecommunications,,false,
1902-XBTFB,Telco-1902-XBTFB,,,starter,89.4,,2022-03-26,,2023-12-16,4,50.0,0,1,,2,US,Telecommunications,,true,2024-01-15
1676-MQAOA,Telco-1676-MQAOA,,,enterprise,75.1,24,2018-02-15,2026-01-04,2024-01-15,8,75.0,0,3,,0,US,Telecommunications,,false,
0786-IVLAW,Telco-0786-IVLAW,,,growth,108.1,12,2018-08-14,2024-07-13,2024-01-15,15,75.0,0,5,,0,US,Telecommunications,,false,
7566-DSRLQ,Telco-7566-DSRLQ,,,enterprise,110.15,24,2018-02-15,2026-01-04,2024-01-15,15,87.5,0,3,,1,US,Telecommunications,,false,
0643-OKLRP,Telco-0643-OKLRP,,,starter,80.35,,2020-03-06,,2023-12-16,4,37.5,0,3,,2,US,Telecommunications,,true,2024-01-15
7245-JMTTQ,Telco-7245-JMTTQ,,,growth,111.5,12,2019-11-07,2024-10-11,2024-01-15,15,87.5,0,2,,1,US,Telecommunications,,false,
6050-IJRHS,Telco-6050-IJRHS,,,growth,106.5,12,2018-04-16,2024-03-15,2024-01-15,15,75.0,0,5,,1,US,Telecommunications,,false,
6202-JVYEU,Telco-6202-JVYEU,,,growth,19.9,12,2023-04-20,2024-04-14,2024-01-15,3,12.5,0,0,,1,US,Telecommunications,,false,
8591-TKMZH,Telco-8591-TKMZH,,,enterprise,111.1,24,2019-03-12,2025-02-08,2024-01-15,15,87.5,0,2,,0,US,Telecommunications,,false,
0734-OXWBT,Telco-0734-OXWBT,,,starter,70.7,,2023-10-17,,2024-01-15,8,50.0,0,0,,0,US,Telecommunications,,false,
4282-ACRXS,Telco-4282-ACRXS,,,starter,24.85,,2020-12-01,,2024-01-15,8,0.0,0,3,,1,US,Telecommunications,,false,
0365-TRTPY,Telco-0365-TRTPY,,,starter,91.2,,2020-12-31,,2024-01-15,15,62.5,0,3,,0,US,Telecommunications,,false,
7349-ALMUX,Telco-7349-ALMUX,,,enterprise,65.6,24,2020-12-31,2024-12-10,2024-01-15,8,62.5,0,1,,0,US,Telecommunications,,false,
9381-NDKME,Telco-9381-NDKME,,,starter,40.65,,2022-01-25,,2023-12-16,2,25.0,0,2,,0,US,Telecommunications,,true,2024-01-15
6502-KUGLL,Telco-6502-KUGLL,,,starter,59.45,,2022-11-21,,2024-01-15,8,50.0,0,0,,0,US,Telecommunications,,false,
1841-YSJGV,Telco-1841-YSJGV,,,enterprise,109.95,24,2018-02-15,2026-01-04,2024-01-15,15,87.5,0,3,,0,US,Telecommunications,,false,
2794-XIMMO,Telco-2794-XIMMO,,,growth,60.45,12,2019-09-08,2020-09-02,2023-12-16,2,62.5,0,2,,2,US,Telecommunications,,true,2024-01-15
8382-SHQEH,Telco-8382-SHQEH,,,starter,84.9,,2023-05-20,,2023-12-16,4,37.5,0,0,,2,US,Telecommunications,,true,2024-01-15
3511-BFTJW,Telco-3511-BFTJW,,,enterprise,38.5,24,2018-02-15,2026-01-04,2024-01-15,8,37.5,0,6,,0,US,Telecommunications,,false,
7668-XCFYV,Telco-7668-XCFYV,,,starter,92.55,,2022-08-23,,2024-01-15,15,50.0,0,1,,1,US,Telecommunications,,false,
2983-ZANRP,Telco-2983-ZANRP,,,starter,73.55,,2023-11-16,,2023-12-16,4,25.0,0,0,,0,US,Telecommunications,,true,2024-01-15
7845-URHJN,Telco-7845-URHJN,,,starter,20.15,,2023-05-20,,2023-12-16,1,12.5,0,0,,0,US,Telecommunications,,true,2024-01-15
3034-ZBEQN,Telco-3034-ZBEQN,,,growth,34.7,12,2020-02-05,2021-01-30,2023-12-16,2,25.0,0,4,,1,US,Telecommunications,,true,2024-01-15
5018-HEKFO,Telco-5018-HEKFO,,,starter,24.5,,2023-03-21,,2024-01-15,3,25.0,0,0,,0,US,Telecommunications,,false,
2923-ARZLG,Telco-2923-ARZLG,,,growth,19.7,12,2024-01-15,2025-01-09,2024-01-15,3,12.5,0,0,,0,US,Telecommunications,,false,
3976-NLDEZ,Telco-3976-NLDEZ,,,starter,20.6,,2023-12-16,,2024-01-15,3,12.5,0,0,,0,US,Telecommunications,,false,
2282-YGNOR,Telco-2282-YGNOR,,,growth,58.0,12,2021-08-28,2024-08-12,2024-01-15,8,50.0,0,1,,0,US,Telecommunications,,false,
5336-UFNZP,Telco-5336-UFNZP,,,growth,107.45,12,2018-09-13,2024-08-12,2024-01-15,15,75.0,0,5,,1,US,Telecommunications,,false,
6854-EXGSF,Telco-6854-EXGSF,,,starter,65.5,,2023-05-20,,2024-01-15,8,62.5,0,0,,0,US,Telecommunications,,false,
1241-EZFMJ,Telco-1241-EZFMJ,,,enterprise,25.45,24,2019-01-11,2024-12-10,2024-01-15,3,25.0,0,5,,0,US,Telecommunications,,false,
9233-PSYHO,Telco-9233-PSYHO,,,growth,100.15,12,2020-05-05,2024-04-14,2024-01-15,15,62.5,0,3,,0,US,Telecommunications,,false,
5376-PCKNB,Telco-5376-PCKNB,,,growth,104.45,12,2018-02-15,2025-01-09,2024-01-15,15,75.0,0,6,,0,US,Telecommunications,,false,
8044-BGWPI,Telco-8044-BGWPI,,,starter,21.15,,2023-01-20,,2024-01-15,3,12.5,0,1,,1,US,Telecommunications,,false,
4060-LDNLU,Telco-4060-LDNLU,,,starter,96.2,,2023-06-19,,2024-01-15,15,50.0,0,0,,1,US,Telecommunications,,false,
3589-PPVKW,Telco-3589-PPVKW,,,starter,44.4,,2023-04-20,,2024-01-15,8,12.5,0,0,,0,US,Telecommunications,,false,
8327-LZKAS,Telco-8327-LZKAS,,,growth,107.55,12,2020-07-04,2021-06-29,2023-12-16,4,75.0,0,1,,2,US,Telecommunications,,true,2024-01-15
5887-IKKYO,Telco-5887-IKKYO,,,enterprise,94.35,24,2019-04-11,2025-03-10,2024-01-15,15,62.5,0,2,,0,US,Telecommunications,,false,
1075-BGWOH,Telco-1075-BGWOH,,,starter,98.75,,2022-09-22,,2023-12-16,4,62.5,0,1,,2,US,Telecommunications,,true,2024-01-15
1755-RMCXH,Telco-1755-RMCXH,,,starter,20.3,,2023-11-16,,2024-01-15,3,12.5,0,0,,0,US,Telecommunications,,false,
0302-JOIVN,Telco-0302-JOIVN,,,starter,101.15,,2023-05-20,,2023-12-16,4,62.5,0,0,,2,US,Telecommunications,,true,2024-01-15
3858-XHYJO,Telco-3858-XHYJO,,,growth,105.75,12,2020-10-02,2024-09-11,2024-01-15,15,75.0,0,3,,0,US,Telecommunications,,false,
4299-SIMNS,Telco-4299-SIMNS,,,starter,81.15,,2023-04-20,,2024-01-15,15,37.5,0,0,,1,US,Telecommunications,,false,
7025-IWFHT,Telco-7025-IWFHT,,,growth,89.55,12,2020-09-02,2024-08-12,2024-01-15,15,50.0,0,1,,1,US,Telecommunications,,false,
6261-LHRTG,Telco-6261-LHRTG,,,starter,54.75,,2021-11-26,,2024-01-15,8,37.5,0,2,,0,US,Telecommunications,,false,
7841-FCRQD,Telco-7841-FCRQD,,,growth,53.75,12,2021-04-30,2024-04-14,2024-01-15,8,37.5,0,1,,0,US,Telecommunications,,false,
2056-EVGZL,Telco-2056-EVGZL,,,growth,105.75,12,2018-06-15,2024-05-14,2024-01-15,15,75.0,0,2,,0,US,Telecommunications,,false,
8777-MBMTS,Telco-8777-MBMTS,,,enterprise,105.85,24,2018-09-13,2024-08-12,2024-01-15,15,75.0,0,2,,0,US,Telecommunications,,false,
7753-USQYQ,Telco-7753-USQYQ,,,growth,64.2,12,2019-07-10,2024-06-13,2024-01-15,8,50.0,0,2,,1,US,Telecommunications,,false,
5366-IJEQJ,Telco-5366-IJEQJ,,,starter,88.7,,2022-05-25,,2023-12-16,4,50.0,0,1,,2,US,Telecommunications,,true,2024-01-15
7661-CPURM,Telco-7661-CPURM,,,growth,87.7,12,2022-06-24,2024-06-13,2024-01-15,15,37.5,0,0,,0,US,Telecommunications,,false,
6233-HXJMX,Telco-6233-HXJMX,,,starter,89.3,,2020-05-05,,2024-01-15,15,50.0,0,3,,0,US,Telecommunications,,false,
5902-WBLSE,Telco-5902-WBLSE,,,enterprise,20.15,24,2018-04-16,2024-03-15,2024-01-15,3,12.5,0,5,,0,US,Telecommunications,,false,
1981-INRFU,Telco-1981-INRFU,,,starter,79.75,,2023-11-16,,2023-12-16,4,25.0,0,0,,2,US,Telecommunications,,true,2024-01-15
4971-PUYQO,Telco-4971-PUYQO,,,starter,94.55,,2021-10-27,,2023-12-16,4,50.0,0,2,,1,US,Telecommunications,,true,2024-01-15
3239-TPHPZ,Telco-3239-TPHPZ,,,enterprise,20.05,24,2023-01-20,2025-01-09,2024-01-15,3,12.5,0,1,,1,US,Telecommunications,,false,
5115-GZDEL,Telco-5115-GZDEL,,,enterprise,67.2,24,2018-02-15,2026-01-04,2024-01-15,8,75.0,0,3,,0,US,Telecommunications,,false,
3338-CVVEH,Telco-3338-CVVEH,,,starter,94.55,,2023-01-20,,2024-01-15,15,50.0,0,1,,1,US,Telecommunications,,false,
8485-GJCDN,Telco-8485-GJCDN,,,starter,69.05,,2023-08-18,,2023-12-16,4,12.5,0,0,,1,US,Telecommunications,,true,2024-01-15
2615-YVMYX,Telco-2615-YVMYX,,,starter,107.5,,2018-03-17,,2024-01-15,15,87.5,0,5,,1,US,Telecommunications,,false,
2851-STERV,Telco-2851-STERV,,,growth,73.0,12,2021-03-01,2024-02-14,2024-01-15,8,62.5,0,1,,1,US,Telecommunications,,false,
4393-GEADV,Telco-4393-GEADV,,,enterprise,114.75,24,2018-04-16,2024-03-15,2024-01-15,15,100.0,0,2,,0,US,Telecommunications,,false,
8486-AYEQH,Telco-8486-AYEQH,,,starter,76.05,,2021-06-29,,2024-01-15,15,25.0,0,2,,1,US,Telecommunications,,false,
1527-SXDPN,Telco-1527-SXDPN,,,enterprise,96.25,24,2019-10-08,2021-09-27,2023-12-16,4,62.5,0,2,,0,US,Telecommunications,,true,2024-01-15
6029-WTIPC,Telco-6029-WTIPC,,,starter,101.1,,2020-12-31,,2023-12-16,4,62.5,0,3,,2,US,Telecommunications,,true,2024-01-15
8634-CILSZ,Telco-8634-CILSZ,,,growth,104.7,12,2018-05-16,2019-05-11,2023-12-16,4,75.0,0,2,,0,US,Telecommunications,,true,2024-01-15
5419-JKZNQ,Telco-5419-JKZNQ,,,starter,77.9,,2021-07-29,,2024-01-15,15,25.0,0,2,,0,US,Telecommunications,,false,
2495-KZNFB,Telco-2495-KZNFB,,,starter,90.65,,2021-04-30,,2024-01-15,15,50.0,0,2,,1,US,Telecommunications,,false,
1409-PHXTF,Telco-1409-PHXTF,,,enterprise,110.45,24,2019-08-09,2025-07-08,2024-01-15,15,87.5,0,2,,1,US,Telecommunications,,false,
4560-WQAQW,Telco-4560-WQAQW,,,growth,68.7,12,2019-03-12,2024-02-14,2024-01-15,8,62.5,0,2,,0,US,Telecommunications,,false,
9591-YVTEB,Telco-9591-YVTEB,,,starter,44.85,,2019-07-10,,2024-01-15,8,37.5,0,4,,1,US,Telecommunications,,false,
9309-BZGNT,Telco-9309-BZGNT,,,growth,29.8,12,2018-05-16,2024-04-14,2024-01-15,8,12.5,0,5,,0,US,Telecommunications,,false,
4274-DRSQT,Telco-4274-DRSQT,,,growth,88.9,12,2018-08-14,2024-07-13,2024-01-15,15,50.0,0,5,,0,US,Telecommunications,,false,
2027-DNKIV,Telco-2027-DNKIV,,,growth,58.75,12,2020-12-31,2024-12-10,2024-01-15,8,50.0,0,1,,0,US,Telecommunications,,false,
8075-GXIUB,Telco-8075-GXIUB,,,growth,19.85,12,2023-04-20,2024-04-14,2024-01-15,3,12.5,0,0,,0,US,Telecommunications,,false,
2885-HIJDH,Telco-2885-HIJDH,,,enterprise,86.9,24,2018-05-16,2024-04-14,2024-01-15,8,87.5,0,2,,0,US,Telecommunications,,false,
5424-RLQLC,Telco-5424-RLQLC,,,starter,59.65,,2023-03-21,,2024-01-15,8,37.5,0,0,,0,US,Telecommunications,,false,
6682-QJDGB,Telco-6682-QJDGB,,,starter,55.25,,2020-10-02,,2023-12-16,2,37.5,0,3,,1,US,Telecommunications,,true,2024-01-15
6507-DTJZV,Telco-6507-DTJZV,,,starter,66.4,,2022-12-21,,2024-01-15,8,37.5,0,1,,0,US,Telecommunications,,false,
8780-IXSTS,Telco-8780-IXSTS,,,starter,90.1,,2023-07-19,,2023-12-16,4,50.0,0,0,,2,US,Telecommunications,,true,2024-01-15
7673-BQGKU,Telco-7673-BQGKU,,,enterprise,20.15,24,2018-05-16,2024-04-14,2024-01-15,3,12.5,0,5,,0,US,Telecommunications,,false,
6723-WSNTY,Telco-6723-WSNTY,,,growth,108.1,12,2018-08-14,2024-07-13,2024-01-15,15,87.5,0,2,,0,US,Telecommunications,,false,
9530-EHPOH,Telco-9530-EHPOH,,,starter,53.75,,2023-02-19,,2023-12-16,2,37.5,0,0,,2,US,Telecommunications,,true,2024-01-15
2725-IWWBA,Telco-2725-IWWBA,,,growth,56.9,12,2020-04-05,2024-03-15,2024-01-15,8,50.0,0,1,,0,US,Telecommunications,,false,
0345-HKJVM,Telco-0345-HKJVM,,,starter,89.3,,2023-07-19,,2023-12-16,4,37.5,0,0,,2,US,Telecommunications,,true,2024-01-15
1061-PNTHC,Telco-1061-PNTHC,,,starter,109.6,,2019-06-10,,2024-01-15,15,87.5,0,2,,0,US,Telecommunications,,false,
0394-YONDK,Telco-0394-YONDK,,,enterprise,25.15,24,2018-04-16,2024-03-15,2024-01-15,3,25.0,0,5,,0,US,Telecommunications,,false,
6574-MCOEH,Telco-6574-MCOEH,,,growth,79.15,12,2021-04-30,2024-04-14,2024-01-15,8,75.0,0,1,,1,US,Telecommunications,,false,
7399-QHBJS,Telco-7399-QHBJS,,,enterprise,66.75,24,2018-02-15,2026-01-04,2024-01-15,8,62.5,0,3,,0,US,Telecommunications,,false,
3049-SOLAY,Telco-3049-SOLAY,,,starter,95.2,,2023-10-17,,2023-12-16,4,50.0,0,0,,2,US,Telecommunications,,true,2024-01-15
0997-YTLNY,Telco-0997-YTLNY,,,starter,48.8,,2022-06-24,,2024-01-15,8,25.0,0,0,,0,US,Telecommunications,,false,
3317-HRTNN,Telco-3317-HRTNN,,,starter,45.7,,2023-08-18,,2023-12-16,2,25.0,0,0,,2,US,Telecommunications,,true,2024-01-15
9479-HYNYL,Telco-9479-HYNYL,,,enterprise,80.7,24,2018-03-17,2024-02-14,2024-01-15,8,75.0,0,2,,0,US,Telecommunications,,false,
3235-ETOOB,Telco-3235-ETOOB,,,starter,74.5,,2023-05-20,,2023-12-16,4,25.0,0,0,,2,US,Telecommunications,,true,2024-01-15
9708-KFDBY,Telco-9708-KFDBY,,,starter,20.55,,2023-12-16,,2024-01-15,3,12.5,0,0,,0,US,Telecommunications,,false,
8058-INTPH,Telco-8058-INTPH,,,starter,79.65,,2023-12-16,,2023-12-16,4,25.0,0,0,,2,US,Telecommunications,,true,2024-01-15
3642-GKTCT,Telco-3642-GKTCT,,,growth,115.1,12,2019-01-11,2024-12-10,2024-01-15,15,100.0,0,2,,0,US,Telecommunications,,false,
0774-RMNUW,Telco-0774-RMNUW,,,enterprise,59.7,24,2018-03-17,2024-02-14,2024-01-15,8,62.5,0,2,,0,US,Telecommunications,,false,
1334-PDUKM,Telco-1334-PDUKM,,,growth,86.45,12,2018-06-15,2024-05-14,2024-01-15,15,50.0,0,5,,0,US,Telecommunications,,false,
0756-MPZRL,Telco-0756-MPZRL,,,growth,33.7,12,2020-04-05,2024-03-15,2024-01-15,8,25.0,0,1,,0,US,Telecommunications,,false,
2242-MFOTG,Telco-2242-MFOTG,,,growth,80.1,12,2021-04-30,2024-04-14,2024-01-15,15,37.5,0,2,,0,US,Telecommunications,,false,
2927-CVULT,Telco-2927-CVULT,,,enterprise,104.05,24,2019-09-08,2025-08-07,2024-01-15,15,87.5,0,2,,0,US,Telecommunications,,false,
2144-BFDSO,Telco-2144-BFDSO,,,starter,108.75,,2019-12-07,,2024-01-15,15,87.5,0,4,,0,US,Telecommunications,,false,
8745-PVESG,Telco-8745-PVESG,,,growth,41.1,12,2019-05-11,2024-04-14,2024-01-15,8,37.5,0,2,,0,US,Telecommunications,,false,
7647-GYYKX,Telco-7647-GYYKX,,,enterprise,20.35,24,2019-08-09,2025-07-08,2024-01-15,3,12.5,0,4,,0,US,Telecommunications,,false,
5647-FXOTP,Telco-5647-FXOTP,,,starter,105.9,,2019-02-10,,2024-01-15,15,75.0,0,5,,1,US,Telecommunications,,false,
5569-OUICF,Telco-5569-OUICF,,,starter,101.3,,2021-09-27,,2023-12-16,4,62.5,0,1,,0,US,Telecommunications,,true,2024-01-15
8821-XNHVZ,Telco-8821-XNHVZ,,,starter,80.05,,2023-12-16,,2023-12-16,4,25.0,0,0,,1,US,Telecommunications,,true,2024-01-15
2082-OJVTK,Telco-2082-OJVTK,,,starter,89.2,,2021-08-28,,2023-12-16,4,50.0,0,2,,2,US,Telecommunications,,true,2024-01-15
9700-ISPUP,Telco-9700-ISPUP,,,starter,65.5,,2023-03-21,,2024-01-15,8,50.0,0,0,,1,US,Telecommunications,,false,
9839-ETQOE,Telco-9839-ETQOE,,,starter,40.45,,2020-07-04,,2024-01-15,8,37.5,0,3,,1,US,Telecommunications,,false,
6078-VESFR,Telco-6078-VESFR,,,starter,70.45,,2022-12-21,,2024-01-15,15,12.5,0,1,,0,US,Telecommunications,,false,
9027-TMATR,Telco-9027-TMATR,,,enterprise,78.8,24,2020-07-04,2024-06-13,2024-01-15,8,75.0,0,1,,1,US,Telecommunications,,false,
5940-NFXKV,Telco-5940-NFXKV,,,starter,83.65,,2022-06-24,,2023-12-16,4,37.5,0,1,,2,US,Telecommunications,,true,2024-01-15
1941-HOSAM,Telco-1941-HOSAM,,,starter,90.1,,2023-12-16,,2024-01-15,15,37.5,0,0,,1,US,Telecommunications,,false,
9110-HSGTV,Telco-9110-HSGTV,,,enterprise,82.45,24,2018-05-16,2024-04-14,2024-01-15,8,75.0,0,2,,0,US,Telecommunications,,false,
0704-VCUMB,Telco-0704-VCUMB,,,enterprise,20.25,24,2019-01-11,2024-12-10,2024-01-15,3,12.5,0,5,,0,US,Telecommunications,,false,
6171-ZTVYB,Telco-6171-ZTVYB,,,starter,66.25,,2020-07-04,,2024-01-15,8,62.5,0,1,,0,US,Telecommunications,,false,
8053-WWDRO,Telco-8053-WWDRO,,,starter,19.5,,2023-07-19,,2023-12-16,1,12.5,0,0,,0,US,Telecommunications,,true,2024-01-15
9564-KCLHR,Telco-9564-KCLHR,,,starter,51.25,,2023-12-16,,2023-12-16,2,25.0,0,0,,1,US,Telecommunications,,true,2024-01-15
1935-IMVBB,Telco-1935-IMVBB,,,starter,89.7,,2019-06-10,,2024-01-15,15,37.5,0,4,,0,US,Telecommunications,,false,
2535-PBCGC,Telco-2535-PBCGC,,,enterprise,64.55,24,2018-04-16,2024-03-15,2024-01-15,8,75.0,0,2,,0,US,Telecommunications,,false,
2082-CEFLT,Telco-2082-CEFLT,,,starter,45.6,,2023-12-16,,2023-12-16,2,12.5,0,0,,2,US,Telecommunications,,true,2024-01-15
1470-PSXNM,Telco-1470-PSXNM,,,growth,93.65,12,2020-01-06,2024-12-10,2024-01-15,15,62.5,0,4,,1,US,Telecommunications,,false,
1213-NGCUN,Telco-1213-NGCUN,,,starter,49.65,,2023-07-19,,2023-12-16,2,25.0,0,0,,0,US,Telecommunications,,true,2024-01-15
2498-XLDZR,Telco-2498-XLDZR,,,enterprise,73.6,24,2021-05-30,2025-05-09,2024-01-15,8,75.0,0,1,,0,US,Telecommunications,,false,
9866-OCCKE,Telco-9866-OCCKE,,,enterprise,109.75,24,2018-02-15,2026-01-04,2024-01-15,15,87.5,0,3,,0,US,Telecommunications,,false,
5338-YHWYT,Telco-5338-YHWYT,,,enterprise,61.45,24,2020-12-31,2024-12-10,2024-01-15,8,50.0,0,1,,0,US,Telecommunications,,false,
7718-UPSKJ,Telco-7718-UPSKJ,,,growth,106.4,12,2018-05-16,2024-04-14,2024-01-15,15,75.0,0,2,,0,US,Telecommunications,,false,
8731-WBBMB,Telco-8731-WBBMB,,,starter,81.9,,2021-11-26,,2024-01-15,8,75.0,0,1,,0,US,Telecommunications,,false,
1448-CYWKC,Telco-1448-CYWKC,,,growth,105.2,12,2019-04-11,2024-03-15,2024-01-15,15,75.0,0,4,,0,US,Telecommunications,,false,
7901-IIDQV,Telco-7901-IIDQV,,,growth,54.6,12,2022-01-25,2025-01-09,2024-01-15,8,37.5,0,1,,0,US,Telecommunications,,false,
2690-DVRVK,Telco-2690-DVRVK,,,growth,20.55,12,2023-08-18,2024-08-12,2024-01-15,3,12.5,0,0,,1,US,Telecommunications,,false,
5688-KZTSN,Telco-5688-KZTSN,,,starter,20.0,,2022-10-22,,2023-12-16,1,12.5,0,1,,2,US,Telecommunications,,true,2024-01-15
1270-XKUCC,Telco-1270-XKUCC,,,enterprise,19.7,24,2021-07-29,2025-07-08,2024-01-15,3,12.5,0,2,,0,US,Telecommunications,,false,
0334-ZFJSR,Telco-0334-ZFJSR,,,growth,66.05,12,2019-07-10,2024-06-13,2024-01-15,8,62.5,0,2,,0,US,Telecommunications,,false,
2894-QOJRX,Telco-2894-QOJRX,,,starter,34.0,,2021-12-26,,2023-12-16,2,12.5,0,2,,0,US,Telecommunications,,true,2024-01-15
5747-PMBSQ,Telco-5747-PMBSQ,,,starter,92.5,,2023-03-21,,2023-12-16,4,62.5,0,0,,1,US,Telecommunications,,true,2024-01-15
5583-EJXRD,Telco-5583-EJXRD,,,enterprise,54.05,24,2020-06-04,2024-05-14,2024-01-15,8,62.5,0,1,,0,US,Telecommunications,,false,
4565-EVZMJ,Telco-4565-EVZMJ,,,growth,58.9,12,2020-03-06,2024-02-14,2024-01-15,8,50.0,0,1,,0,US,Telecommunications,,false,
3143-JQEGI,Telco-3143-JQEGI,,,starter,88.35,,2022-12-21,,2023-12-16,4,37.5,0,1,,2,US,Telecommunications,,true,2024-01-15
6386-SZZKH,Telco-6386-SZZKH,,,enterprise,107.95,24,2020-01-06,2021-12-26,2023-12-16,4,87.5,0,2,,0,US,Telecommunications,,true,2024-01-15
3327-YBAKM,Telco-3327-YBAKM,,,growth,96.9,12,2018-10-13,2024-09-11,2024-01-15,15,62.5,0,2,,0,US,Telecommunications,,false,
9441-QHEVC,Telco-9441-QHEVC,,,starter,19.1,,2023-12-16,,2024-01-15,3,12.5,0,0,,0,US,Telecommunications,,false,
6705-LNMDD,Telco-6705-LNMDD,,,starter,50.0,,2022-05-25,,2024-01-15,8,25.0,0,0,,0,US,Telecommunications,,false,
2580-ASVVY,Telco-2580-ASVVY,,,enterprise,45.4,24,2020-12-31,2024-12-10,2024-01-15,8,37.5,0,1,,1,US,Telecommunications,,false,
3370-GQEAL,Telco-3370-GQEAL,,,starter,85.45,,2021-07-29,,2024-01-15,15,37.5,0,2,,1,US,Telecommunications,,false,
5032-USPKF,Telco-5032-USPKF,,,growth,84.1,12,2020-12-01,2024-11-10,2024-01-15,8,87.5,0,3,,0,US,Telecommunications,,false,
2982-IHMFT,Telco-2982-IHMFT,,,starter,74.45,,2023-12-16,,2023-12-16,4,25.0,0,0,,1,US,Telecommunications,,true,2024-01-15
3521-SYVOR,Telco-3521-SYVOR,,,starter,64.75,,2020-12-31,,2023-12-16,2,37.5,0,3,,2,US,Telecommunications,,true,2024-01-15
4254-QPEDE,Telco-4254-QPEDE,,,enterprise,66.25,24,2019-10-08,2025-09-06,2024-01-15,8,75.0,0,2,,0,US,Telecommunications,,false,
6283-GITPX,Telco-6283-GITPX,,,enterprise,76.9,24,2018-03-17,2024-02-14,2024-01-15,8,75.0,0,2,,0,US,Telecommunications,,false,
9526-JAWYF,Telco-9526-JAWYF,,,starter,89.8,,2021-11-26,,2023-12-16,4,50.0,0,2,,2,US,Telecommunications,,true,2024-01-15
0771-CHWSK,Telco-0771-CHWSK,,,enterprise,74.6,24,2018-08-14,2024-07-13,2024-01-15,8,75.0,0,5,,0,US,Telecommunications,,false,
9788-HNGUT,Telco-9788-HNGUT,,,enterprise,116.95,24,2018-02-15,2026-01-04,2024-01-15,15,100.0,0,3,,0,US,Telecommunications,,false,
9495-REDIY,Telco-9495-REDIY,,,growth,40.65,12,2021-12-26,2024-12-10,2024-01-15,8,25.0,0,2,,0,US,Telecommunications,,false,
5375-XLDOF,Telco-5375-XLDOF,,,enterprise,114.35,24,2018-05-16,2024-04-14,2024-01-15,15,100.0,0,2,,0,US,Telecommunications,,false,
1172-VIYBP,Telco-1172-VIYBP,,,enterprise,69.7,24,2019-09-08,2025-08-07,2024-01-15,8,62.5,0,4,,0,US,Telecommunications,,false,
5649-VUKMC,Telco-5649-VUKMC,,,growth,95.5,12,2023-01-20,2024-01-15,2023-12-16,4,50.0,0,1,,1,US,Telecommunications,,true,2024-01-15
6559-PDZLR,Telco-6559-PDZLR,,,starter,98.65,,2021-11-26,,2024-01-15,15,62.5,0,1,,1,US,Telecommunications,,false,
8992-OBVDG,Telco-8992-OBVDG,,,starter,61.65,,2022-04-25,,2024-01-15,8,37.5,0,1,,0,US,Telecommunications,,false,
4273-MBHYA,Telco-4273-MBHYA,,,starter,89.35,,2023-12-16,,2024-01-15,15,37.5,0,0,,1,US,Telecommunications,,false,
4724-WXVWF,Telco-4724-WXVWF,,,starter,95.4,,2020-02-05,,2024-01-15,15,62.5,0,2,,1,US,Telecommunications,,false,
5701-GUXDC,Telco-5701-GUXDC,,,growth,35.4,12,2021-11-26,2024-11-10,2024-01-15,8,25.0,0,2,,0,US,Telecommunications,,false,
1460-UZPRJ,Telco-1460-UZPRJ,,,enterprise,19.95,24,2019-02-10,2025-01-09,2024-01-15,3,12.5,0,5,,0,US,Telecommunications,,false,
6082-GLJIX,Telco-6082-GLJIX,,,starter,19.25,,2022-07-24,,2024-01-15,3,12.5,0,1,,0,US,Telecommunications,,false,
5143-EGQFK,Telco-5143-EGQFK,,,starter,29.65,,2023-03-21,,2023-12-16,2,12.5,0,0,,2,US,Telecommunications,,true,2024-01-15
4919-IKATY,Telco-4919-IKATY,,,starter,84.5,,2023-08-18,,2023-12-16,4,50.0,0,0,,2,US,Telecommunications,,true,2024-01-15
2495-TTHBQ,Telco-2495-TTHBQ,,,growth,20.4,12,2023-09-17,2024-09-11,2024-01-15,3,12.5,0,0,,0,US,Telecommunications,,false,
0485-ZBSLN,Telco-0485-ZBSLN,,,enterprise,24.75,24,2018-09-13,2024-08-12,2024-01-15,3,25.0,0,5,,0,US,Telecommunications,,false,
3810-PJUHR,Telco-3810-PJUHR,,,enterprise,25.35,24,2018-04-16,2024-03-15,2024-01-15,3,25.0,0,5,,0,US,Telecommunications,,false,
9050-QLROH,Telco-9050-QLROH,,,starter,90.7,,2022-07-24,,2023-12-16,4,50.0,0,1,,0,US,Telecommunications,,true,2024-01-15
0847-HGRML,Telco-0847-HGRML,,,enterprise,20.0,24,2018-12-12,2024-11-10,2024-01-15,3,12.5,0,5,,0,US,Telecommunications,,false,
8232-CTLKO,Telco-8232-CTLKO,,,enterprise,59.75,24,2018-08-14,2024-07-13,2024-01-15,8,37.5,0,5,,1,US,Telecommunications,,false,
9227-YBAXE,Telco-9227-YBAXE,,,enterprise,82.5,24,2018-09-13,2024-08-12,2024-01-15,8,87.5,0,2,,0,US,Telecommunications,,false,
6168-WFVVF,Telco-6168-WFVVF,,,starter,70.3,,2023-10-17,,2023-12-16,4,12.5,0,0,,2,US,Telecommunications,,true,2024-01-15
9860-LISIZ,Telco-9860-LISIZ,,,starter,20.35,,2021-03-31,,2024-01-15,3,12.5,0,2,,0,US,Telecommunications,,false,
0112-QAWRZ,Telco-0112-QAWRZ,,,starter,90.8,,2022-09-22,,2024-01-15,15,50.0,0,1,,0,US,Telecommunications,,false,
0877-SDMBN,Telco-0877-SDMBN,,,growth,103.95,12,2019-08-09,2020-08-03,2023-12-16,4,75.0,0,4,,0,US,Telecommunications,,true,2024-01-15
2786-GCDPI,Telco-2786-GCDPI,,,starter,104.95,,2019-12-07,,2024-01-15,15,75.0,0,2,,1,US,Telecommunications,,false,
4043-MKDTV,Telco-4043-MKDTV,,,enterprise,105.25,24,2018-03-17,2024-02-14,2024-01-15,15,75.0,0,2,,1,US,Telecommunications,,false,
8065-YKXKD,Telco-8065-YKXKD,,,starter,74.75,,2023-03-21,,2023-12-16,4,25.0,0,0,,2,US,Telecommunications,,true,2024-01-15
9637-EIHEQ,Telco-9637-EIHEQ,,,starter,50.8,,2023-12-16,,2023-12-16,2,25.0,0,0,,2,US,Telecommunications,,true,2024-01-15
9229-RQABD,Telco-9229-RQABD,,,growth,23.75,12,2022-07-24,2024-07-13,2024-01-15,3,25.0,0,1,,0,US,Telecommunications,,false,
8313-KTIHG,Telco-8313-KTIHG,,,starter,61.3,,2023-09-17,,2024-01-15,8,37.5,0,0,,1,US,Telecommunications,,false,
5320-BRKGK,Telco-5320-BRKGK,,,enterprise,75.8,24,2019-04-11,2025-03-10,2024-01-15,8,75.0,0,2,,0,US,Telecommunications,,false,
6284-KMNUF,Telco-6284-KMNUF,,,growth,98.0,12,2019-06-10,2024-05-14,2024-01-15,15,62.5,0,4,,1,US,Telecommunications,,false,
9689-PTNPG,Telco-9689-PTNPG,,,starter,80.25,,2023-11-16,,2023-12-16,4,25.0,0,0,,2,US,Telecommunications,,true,2024-01-15
9465-RWMXL,Telco-9465-RWMXL,,,starter,78.9,,2021-05-30,,2023-12-16,4,37.5,0,2,,2,US,Telecommunications,,true,2024-01-15
6229-UOLQL,Telco-6229-UOLQL,,,growth,52.0,12,2019-06-10,2024-05-14,2024-01-15,8,50.0,0,2,,0,US,Telecommunications,,false,
2362-IBOOY,Telco-2362-IBOOY,,,starter,84.75,,2021-01-30,,2023-12-16,4,37.5,0,3,,2,US,Telecommunications,,true,2024-01-15
3137-LUPIX,Telco-3137-LUPIX,,,starter,64.4,,2023-09-17,,2024-01-15,8,50.0,0,0,,0,US,Telecommunications,,false,
0843-WTBXE,Telco-0843-WTBXE,,,starter,85.45,,2019-09-08,,2023-12-16,4,37.5,0,4,,0,US,Telecommunications,,true,2024-01-15
6143-JQKEA,Telco-6143-JQKEA,,,starter,45.8,,2023-03-21,,2024-01-15,8,12.5,0,0,,0,US,Telecommunications,,false,
8676-OOQEJ,Telco-8676-OOQEJ,,,starter,30.5,,2023-09-17,,2024-01-15,8,12.5,0,0,,1,US,Telecommunications,,false,
5515-IDEJJ,Telco-5515-IDEJJ,,,starter,19.9,,2023-12-16,,2023-12-16,1,12.5,0,0,,1,US,Telecommunications,,true,2024-01-15
9701-CDXHR,Telco-9701-CDXHR,,,starter,69.15,,2019-11-07,,2024-01-15,15,12.5,0,4,,0,US,Telecommunications,,false,
7450-NWRTR,Telco-7450-NWRTR,,,starter,99.45,,2023-01-20,,2023-12-16,4,62.5,0,1,,2,US,Telecommunications,,true,2024-01-15
8124-NZVGJ,Telco-8124-NZVGJ,,,growth,49.25,12,2023-07-19,2024-07-13,2024-01-15,8,37.5,0,0,,0,US,Telecommunications,,false,
2162-FRZAA,Telco-2162-FRZAA,,,enterprise,39.35,24,2018-11-12,2024-10-11,2024-01-15,8,37.5,0,2,,0,US,Telecommunications,,false,
5376-DEQCP,Telco-5376-DEQCP,,,starter,70.6,,2023-12-16,,2023-12-16,4,12.5,0,0,,2,US,Telecommunications,,true,2024-01-15
5118-MUEYH,Telco-5118-MUEYH,,,starter,105.1,,2020-02-05,,2024-01-15,15,75.0,0,2,,0,US,Telecommunications,,false,
9095-HFAFX,Telco-9095-HFAFX,,,starter,81.0,,2023-08-18,,2023-12-16,4,25.0,0,0,,0,US,Telecommunications,,true,2024-01-15
5627-TVBPP,Telco-5627-TVBPP,,,growth,20.1,12,2021-03-01,2024-02-14,2024-01-15,3,12.5,0,2,,0,US,Telecommunications,,false,
2379-ENZGV,Telco-2379-ENZGV,,,starter,84.85,,2023-07-19,,2023-12-16,4,37.5,0,0,,2,US,Telecommunications,,true,2024-01-15
3936-QQFLL,Telco-3936-QQFLL,,,starter,19.75,,2023-11-16,,2024-01-15,3,12.5,0,0,,0,US,Telecommunications,,false,
2589-AYCRP,Telco-2589-AYCRP,,,growth,19.75,12,2019-12-07,2024-11-10,2024-01-15,3,12.5,0,4,,0,US,Telecommunications,,false,
4067-HLYQI,Telco-4067-HLYQI,,,starter,70.4,,2021-04-30,,2024-01-15,15,12.5,0,2,,0,US,Telecommunications,,false,
5124-EOGYE,Telco-5124-EOGYE,,,enterprise,20.45,24,2021-06-29,2025-06-08,2024-01-15,3,12.5,0,2,,0,US,Telecommunications,,false,
5057-RKGLH,Telco-5057-RKGLH,,,enterprise,20.35,24,2023-04-20,2025-04-09,2024-01-15,3,12.5,0,0,,0,US,Telecommunications,,false,
0292-WEGCH,Telco-0292-WEGCH,,,starter,86.2,,2019-08-09,,2024-01-15,8,87.5,0,2,,1,US,Telecommunications,,false,
8910-ICHIU,Telco-8910-ICHIU,,,growth,95.65,12,2020-04-05,2024-03-15,2024-01-15,15,62.5,0,3,,0,US,Telecommunications,,false,
4097-YODCF,Telco-4097-YODCF,,,growth,103.8,12,2021-03-31,2024-03-15,2024-01-15,15,75.0,0,2,,1,US,Telecommunications,,false,
9715-WZCLW,Telco-9715-WZCLW,,,enterprise,97.2,24,2018-03-17,2024-02-14,2024-01-15,15,62.5,0,5,,1,US,Telecommunications,,false,
9786-YWNHU,Telco-9786-YWNHU,,,enterprise,63.55,24,2018-11-12,2024-10-11,2024-01-15,8,62.5,0,2,,0,US,Telecommunications,,false,
6407-GSJNL,Telco-6407-GSJNL,,,enterprise,24.95,24,2019-11-07,2025-10-06,2024-01-15,3,25.0,0,4,,0,US,Telecommunications,,false,
6005-OBZPH,Telco-6005-OBZPH,,,starter,89.15,,2021-11-26,,2023-12-16,4,50.0,0,2,,2,US,Telecommunications,,true,2024-01-15
4049-ZPALD,Telco-4049-ZPALD,,,enterprise,99.0,24,2018-10-13,2024-09-11,2024-01-15,15,62.5,0,5,,0,US,Telecommunications,,false,
7932-WPTDS,Telco-7932-WPTDS,,,starter,24.8,,2023-12-16,,2023-12-16,2,0.0,0,0,,2,US,Telecommunications,,true,2024-01-15
3733-UOCWF,Telco-3733-UOCWF,,,growth,85.55,12,2019-01-11,2024-12-10,2024-01-15,15,50.0,0,2,,0,US,Telecommunications,,false,
6833-JMZYP,Telco-6833-JMZYP,,,starter,94.0,,2022-10-22,,2024-01-15,15,50.0,0,1,,0,US,Telecommunications,,false,
2722-VOJQL,Telco-2722-VOJQL,,,growth,105.65,12,2018-10-13,2019-10-08,2023-12-16,4,75.0,0,2,,0,US,Telecommunications,,true,2024-01-15
1310-QRITU,Telco-1310-QRITU,,,starter,50.3,,2022-07-24,,2024-01-15,8,25.0,0,1,,1,US,Telecommunications,,false,
8961-QDZZJ,Telco-8961-QDZZJ,,,growth,95.0,12,2019-05-11,2024-04-14,2024-01-15,15,50.0,0,4,,1,US,Telecommunications,,false,
9715-SBVSU,Telco-9715-SBVSU,,,enterprise,61.4,24,2022-11-21,2024-11-10,2024-01-15,8,50.0,0,1,,0,US,Telecommunications,,false,
8490-BXHEO,Telco-8490-BXHEO,,,starter,80.55,,2022-07-24,,2024-01-15,15,37.5,0,1,,0,US,Telecommunications,,false,
7173-TETGO,Telco-7173-TETGO,,,enterprise,78.5,24,2018-02-15,2026-01-04,2024-01-15,15,37.5,0,6,,0,US,Telecommunications,,false,
7929-SKFGK,Telco-7929-SKFGK,,,enterprise,114.3,24,2018-04-16,2024-03-15,2024-01-15,15,100.0,0,2,,0,US,Telecommunications,,false,
2300-RQGOI,Telco-2300-RQGOI,,,enterprise,20.05,24,2020-12-01,2024-11-10,2024-01-15,3,12.5,0,3,,0,US,Telecommunications,,false,
3563-SVYLG,Telco-3563-SVYLG,,,enterprise,62.65,24,2018-06-15,2024-05-14,2024-01-15,8,62.5,0,2,,0,US,Telecommunications,,false,
5228-EXCET,Telco-5228-EXCET,,,starter,80.85,,2022-12-21,,2023-12-16,4,25.0,0,1,,2,US,Telecommunications,,true,2024-01-15
6435-VWCCY,Telco-6435-VWCCY,,,enterprise,92.7,24,2018-09-13,2024-08-12,2024-01-15,15,62.5,0,5,,0,US,Telecommunications,,false,
4998-IKFSE,Telco-4998-IKFSE,,,starter,100.45,,2021-07-29,,2024-01-15,15,62.5,0,2,,1,US,Telecommunications,,false,
8630-QSGXK,Telco-8630-QSGXK,,,enterprise,75.2,24,2019-11-07,2025-10-06,2024-01-15,8,62.5,0,2,,0,US,Telecommunications,,false,
2455-USLMV,Telco-2455-USLMV,,,starter,84.75,,2021-06-29,,2024-01-15,15,50.0,0,2,,0,US,Telecommunications,,false,
7394-FKDNK,Telco-7394-FKDNK,,,starter,89.45,,2023-04-20,,2023-12-16,4,37.5,0,0,,2,US,Telecommunications,,true,2024-01-15
9488-FVZCC,Telco-9488-FVZCC,,,enterprise,79.5,24,2018-02-15,2026-01-04,2024-01-15,8,87.5,0,3,,0,US,Telecommunications,,false,
6331-LWDTQ,Telco-6331-LWDTQ,,,starter,72.15,,2023-03-21,,2023-12-16,2,50.0,0,0,,0,US,Telecommunications,,true,2024-01-15
5995-WWKKG,Telco-5995-WWKKG,,,growth,19.8,12,2020-12-31,2024-12-10,2024-01-15,3,12.5,0,3,,1,US,Telecommunications,,false,
1597-FZREH,Telco-1597-FZREH,,,starter,76.4,,2023-11-16,,2023-12-16,2,62.5,0,0,,2,US,Telecommunications,,true,2024-01-15
7879-CGSFV,Telco-7879-CGSFV,,,growth,100.9,12,2019-07-10,2024-06-13,2024-01-15,15,62.5,0,4,,0,US,Telecommunications,,false,
9921-EZKBY,Telco-9921-EZKBY,,,starter,95.3,,2021-04-30,,2024-01-15,15,62.5,0,2,,0,US,Telecommunications,,false,
7432-FFVAR,Telco-7432-FFVAR,,,growth,90.95,12,2020-04-05,2024-03-15,2024-01-15,15,50.0,0,1,,0,US,Telecommunications,,false,
7246-ZGQDF,Telco-7246-ZGQDF,,,starter,54.5,,2023-12-16,,2024-01-15,8,37.5,0,0,,1,US,Telecommunications,,false,
7000-WCEVQ,Telco-7000-WCEVQ,,,starter,61.6,,2022-05-25,,2023-12-16,2,37.5,0,1,,1,US,Telecommunications,,true,2024-01-15
0727-IWKVK,Telco-0727-IWKVK,,,starter,79.9,,2023-04-20,,2023-12-16,4,37.5,0,0,,2,US,Telecommunications,,true,2024-01-15
5959-BELXA,Telco-5959-BELXA,,,starter,96.15,,2021-05-30,,2023-12-16,4,50.0,0,2,,0,US,Telecommunications,,true,2024-01-15
4456-RHSNB,Telco-4456-RHSNB,,,starter,49.6,,2022-06-24,,2024-01-15,8,25.0,0,1,,0,US,Telecommunications,,false,
3512-IZIKN,Telco-3512-IZIKN,,,enterprise,65.3,24,2018-04-16,2020-04-05,2023-12-16,2,62.5,0,2,,0,US,Telecommunications,,true,2024-01-15
2481-SBOYW,Telco-2481-SBOYW,,,enterprise,25.0,24,2019-01-11,2024-12-10,2024-01-15,3,25.0,0,5,,0,US,Telecommunications,,false,
7109-MFBYV,Telco-7109-MFBYV,,,starter,45.45,,2021-11-26,,2024-01-15,8,12.5,0,2,,1,US,Telecommunications,,false,
1833-TCXKK,Telco-1833-TCXKK,,,starter,107.75,,2020-05-05,,2024-01-15,15,75.0,0,3,,0,US,Telecommunications,,false,
1832-PEUTS,Telco-1832-PEUTS,,,enterprise,89.1,24,2018-12-12,2024-11-10,2024-01-15,15,50.0,0,5,,0,US,Telecommunications,,false,
6141-OOXUQ,Telco-6141-OOXUQ,,,starter,19.65,,2023-12-16,,2023-12-16,1,12.5,0,0,,1,US,Telecommunications,,true,2024-01-15
8660-BUETV,Telco-8660-BUETV,,,starter,44.75,,2023-10-17,,2024-01-15,8,12.5,0,0,,0,US,Telecommunications,,false,
0580-PIQHM,Telco-0580-PIQHM,,,growth,101.6,12,2020-09-02,2024-08-12,2024-01-15,15,75.0,0,3,,0,US,Telecommunications,,false,
5696-CEIQJ,Telco-5696-CEIQJ,,,enterprise,103.15,24,2018-07-15,2024-06-13,2024-01-15,15,75.0,0,2,,0,US,Telecommunications,,false,
7503-ZGUZJ,Telco-7503-ZGUZJ,,,starter,84.65,,2023-12-16,,2023-12-16,4,37.5,0,0,,1,US,Telecommunications,,true,2024-01-15
1696-HXOWK,Telco-1696-HXOWK,,,growth,95.65,12,2018-03-17,2024-02-14,2024-01-15,15,62.5,0,5,,0,US,Telecommunications,,false,
3026-ATZYV,Telco-3026-ATZYV,,,growth,75.1,12,2020-12-31,2024-12-10,2024-01-15,8,62.5,0,3,,0,US,Telecommunications,,false,
4012-YCFAI,Telco-4012-YCFAI,,,enterprise,61.35,24,2019-02-10,2025-01-09,2024-01-15,8,50.0,0,2,,0,US,Telecommunications,,false,
2506-TNFCO,Telco-2506-TNFCO,,,starter,69.55,,2023-12-16,,2023-12-16,4,12.5,0,0,,2,US,Telecommunications,,true,2024-01-15
9970-QBCDA,Telco-9970-QBCDA,,,starter,19.7,,2023-07-19,,2024-01-15,3,12.5,0,0,,0,US,Telecommunications,,false,
8718-PTMEZ,Telco-8718-PTMEZ,,,starter,31.05,,2022-12-21,,2023-12-16,2,12.5,0,1,,2,US,Telecommunications,,true,2024-01-15
9496-IVVRP,Telco-9496-IVVRP,,,starter,51.0,,2023-02-19,,2024-01-15,8,25.0,0,0,,0,US,Telecommunications,,false,
2207-OBZNX,Telco-2207-OBZNX,,,starter,51.0,,2023-06-19,,2023-12-16,2,25.0,0,0,,1,US,Telecommunications,,true,2024-01-15
2657-VPXTA,Telco-2657-VPXTA,,,starter,88.85,,2023-03-21,,2024-01-15,15,37.5,0,0,,1,US,Telecommunications,,false,
6551-VLJMV,Telco-6551-VLJMV,,,enterprise,20.05,24,2021-03-31,2025-03-10,2024-01-15,3,12.5,0,2,,0,US,Telecommunications,,false,
1221-GHZEP,Telco-1221-GHZEP,,,enterprise,65.1,24,2018-12-12,2024-11-10,2024-01-15,8,50.0,0,2,,0,US,Telecommunications,,false,
9289-LBQVU,Telco-9289-LBQVU,,,growth,70.15,12,2018-10-13,2024-09-11,2024-01-15,8,62.5,0,2,,0,US,Telecommunications,,false,
6142-VSJQO,Telco-6142-VSJQO,,,starter,44.35,,2023-12-16,,2023-12-16,2,12.5,0,0,,0,US,Telecommunications,,true,2024-01-15
3458-IDMFK,Telco-3458-IDMFK,,,enterprise,20.75,24,2021-12-26,2025-12-05,2024-01-15,3,12.5,0,2,,0,US,Telecommunications,,false,
6933-FHBZC,Telco-6933-FHBZC,,,growth,56.05,12,2021-11-26,2024-11-10,2024-01-15,8,37.5,0,2,,0,US,Telecommunications,,false,
0221-NAUXK,Telco-0221-NAUXK,,,growth,19.95,12,2023-03-21,2024-03-15,2024-01-15,3,12.5,0,0,,0,US,Telecommunications,,false,
9770-KXGQU,Telco-9770-KXGQU,,,growth,98.6,12,2019-09-08,2024-08-12,2024-01-15,15,75.0,0,4,,0,US,Telecommunications,,false,
6437-UKHMV,Telco-6437-UKHMV,,,starter,79.7,,2023-06-19,,2023-12-16,4,25.0,0,0,,2,US,Telecommunications,,true,2024-01-15
6538-POCHL,Telco-6538-POCHL,,,starter,79.0,,2021-04-30,,2024-01-15,15,37.5,0,2,,0,US,Telecommunications,,false,
6726-NNFWD,Telco-6726-NNFWD,,,enterprise,89.45,24,2018-03-17,2024-02-14,2024-01-15,15,50.0,0,5,,0,US,Telecommunications,,false,
3002-WQZWT,Telco-3002-WQZWT,,,starter,74.2,,2021-08-28,,2024-01-15,15,25.0,0,2,,1,US,Telecommunications,,false,
4277-UDIEF,Telco-4277-UDIEF,,,starter,81.0,,2022-01-25,,2024-01-15,8,75.0,0,1,,0,US,Telecommunications,,false,
1208-NBVFH,Telco-1208-NBVFH,,,starter,49.6,,2022-05-25,,2024-01-15,8,25.0,0,1,,1,US,Telecommunications,,false,
4912-PIGUY,Telco-4912-PIGUY,,,starter,84.6,,2023-12-16,,2024-01-15,15,37.5,0,0,,1,US,Telecommunications,,false,
1114-CENIM,Telco-1114-CENIM,,,starter,55.0,,2019-08-09,,2023-12-16,2,37.5,0,4,,0,US,Telecommunications,,true,2024-01-15
6060-DRTNL,Telco-6060-DRTNL,,,starter,84.85,,2023-08-18,,2023-12-16,4,37.5,0,0,,1,US,Telecommunications,,true,2024-01-15
2725-TTRIQ,Telco-2725-TTRIQ,,,enterprise,84.2,24,2018-02-15,2026-01-04,2024-01-15,8,87.5,0,3,,0,US,Telecommunications,,false,
3374-TTZTK,Telco-3374-TTZTK,,,enterprise,106.3,24,2019-10-08,2025-09-06,2024-01-15,15,87.5,0,2,,1,US,Telecommunications,,false,
8990-ZXLSU,Telco-8990-ZXLSU,,,starter,69.05,,2023-04-20,,2024-01-15,15,12.5,0,0,,1,US,Telecommunications,,false,
2275-RBYQS,Telco-2275-RBYQS,,,starter,45.4,,2023-12-16,,2024-01-15,8,12.5,0,0,,0,US,Telecommunications,,false,
8473-VUVJN,Telco-8473-VUVJN,,,starter,73.65,,2023-12-16,,2023-12-16,4,25.0,0,0,,2,US,Telecommunications,,true,2024-01-15
6289-CPNLD,Telco-6289-CPNLD,,,growth,73.9,12,2021-04-30,2022-04-25,2023-12-16,2,62.5,0,1,,1,US,Telecommunications,,true,2024-01-15
5536-SLHPM,Telco-5536-SLHPM,,,starter,77.75,,2019-07-10,,2023-12-16,4,37.5,0,4,,2,US,Telecommunications,,true,2024-01-15
4419-UJMUS,Telco-4419-UJMUS,,,enterprise,99.35,24,2018-05-16,2024-04-14,2024-01-15,15,62.5,0,2,,1,US,Telecommunications,,false,
7794-JASDG,Telco-7794-JASDG,,,starter,50.75,,2023-12-16,,2024-01-15,8,25.0,0,0,,0,US,Telecommunications,,false,
7609-YBPXG,Telco-7609-YBPXG,,,enterprise,87.1,24,2019-08-09,2025-07-08,2024-01-15,8,87.5,0,2,,0,US,Telecommunications,,false,
5519-TEEUH,Telco-5519-TEEUH,,,growth,20.15,12,2021-04-30,2024-04-14,2024-01-15,3,12.5,0,2,,0,US,Telecommunications,,false,
7856-GANIL,Telco-7856-GANIL,,,growth,98.7,12,2020-05-05,2024-04-14,2024-01-15,15,75.0,0,1,,0,US,Telecommunications,,false,
0804-XBFBV,Telco-0804-XBFBV,,,starter,25.2,,2023-02-19,,2024-01-15,8,0.0,0,0,,1,US,Telecommunications,,false,
2676-OXPPQ,Telco-2676-OXPPQ,,,starter,55.7,,2023-07-19,,2024-01-15,8,37.5,0,0,,0,US,Telecommunications,,false,
3703-TTEPD,Telco-3703-TTEPD,,,starter,65.35,,2022-04-25,,2024-01-15,8,50.0,0,1,,0,US,Telecommunications,,false,
2799-TSLAG,Telco-2799-TSLAG,,,enterprise,25.3,24,2018-09-13,2024-08-12,2024-01-15,3,25.0,0,5,,0,US,Telecommunications,,false,
0196-VULGZ,Telco-0196-VULGZ,,,starter,84.35,,2023-07-19,,2023-12-16,4,37.5,0,0,,2,US,Telecommunications,,true,2024-01-15
8837-VVWLQ,Telco-8837-VVWLQ,,,starter,84.95,,2023-05-20,,2023-12-16,4,37.5,0,0,,2,US,Telecommunications,,true,2024-01-15
2696-NARTR,Telco-2696-NARTR,,,starter,73.85,,2023-02-19,,2023-12-16,4,25.0,0,0,,2,US,Telecommunications,,true,2024-01-15
2208-NKVVH,Telco-2208-NKVVH,,,enterprise,24.25,24,2020-07-04,2024-06-13,2024-01-15,3,25.0,0,3,,0,US,Telecommunications,,false,
7614-QVWQL,Telco-7614-QVWQL,,,growth,51.8,12,2020-01-06,2020-12-31,2023-12-16,2,37.5,0,4,,0,US,Telecommunications,,true,2024-01-15
1976-CFOCS,Telco-1976-CFOCS,,,starter,46.0,,2023-12-16,,2023-12-16,2,12.5,0,0,,2,US,Telecommunications,,true,2024-01-15
4631-OACRM,Telco-4631-OACRM,,,starter,79.4,,2022-10-22,,2023-12-16,4,25.0,0,1,,2,US,Telecommunications,,true,2024-01-15
7139-JZFVG,Telco-7139-JZFVG,,,enterprise,60.5,24,2019-02-10,2025-01-09,2024-01-15,8,50.0,0,5,,0,US,Telecommunications,,false,
4987-GQWPO,Telco-4987-GQWPO,,,starter,25.1,,2022-08-23,,2024-01-15,8,0.0,0,1,,0,US,Telecommunications,,false,
3755-JBMNH,Telco-3755-JBMNH,,,starter,71.8,,2022-09-22,,2023-12-16,4,12.5,0,1,,0,US,Telecommunications,,true,2024-01-15
1757-TCATG,Telco-1757-TCATG,,,growth,20.05,12,2021-03-01,2024-02-14,2024-01-15,3,12.5,0,2,,0,US,Telecommunications,,false,
6345-ULYRW,Telco-6345-ULYRW,,,growth,88.4,12,2020-06-04,2021-05-30,2023-12-16,4,50.0,0,3,,1,US,Telecommunications,,true,2024-01-15
4776-XSKYQ,Telco-4776-XSKYQ,,,growth,30.25,12,2023-01-20,2025-01-09,2024-01-15,8,12.5,0,0,,0,US,Telecommunications,,false,
8048-DSDFQ,Telco-8048-DSDFQ,,,starter,20.2,,2023-12-16,,2024-01-15,3,12.5,0,0,,0,US,Telecommunications,,false,
5753-QQWPW,Telco-5753-QQWPW,,,growth,59.9,12,2021-09-27,2024-09-11,2024-01-15,8,50.0,0,1,,1,US,Telecommunications,,false,
6010-DDPPW,Telco-6010-DDPPW,,,enterprise,25.15,24,2018-04-16,2024-03-15,2024-01-15,3,25.0,0,5,,0,US,Telecommunications,,false,
1809-DMJHQ,Telco-1809-DMJHQ,,,starter,46.0,,2023-08-18,,2023-12-16,2,12.5,0,0,,1,US,Telecommunications,,true,2024-01-15
6693-FRIRW,Telco-6693-FRIRW,,,starter,101.3,,2022-07-24,,2024-01-15,15,62.5,0,1,,0,US,Telecommunications,,false,
6586-MYGKD,Telco-6586-MYGKD,,,enterprise,76.95,24,2018-04-16,2024-03-15,2024-01-15,8,75.0,0,2,,0,US,Telecommunications,,false,
3173-NVMPX,Telco-3173-NVMPX,,,starter,55.3,,2023-04-20,,2024-01-15,8,37.5,0,0,,0,US,Telecommunications,,false,
0248-PGHBZ,Telco-0248-PGHBZ,,,enterprise,92.45,24,2018-07-15,2024-06-13,2024-01-15,15,62.5,0,2,,0,US,Telecommunications,,false,
0623-GDISB,Telco-0623-GDISB,,,starter,48.45,,2023-12-16,,2024-01-15,8,25.0,0,0,,0,US,Telecommunications,,false,
2892-GESUL,Telco-2892-GESUL,,,enterprise,19.35,24,2022-07-24,2024-07-13,2024-01-15,3,12.5,0,1,,0,US,Telecommunications,,false,
6923-EFPNL,Telco-6923-EFPNL,,,starter,51.75,,2023-09-17,,2023-12-16,2,25.0,0,0,,0,US,Telecommunications,,true,2024-01-15
7472-EQOAV,Telco-7472-EQOAV,,,growth,86.7,12,2018-03-17,2024-02-14,2024-01-15,15,50.0,0,5,,0,US,Telecommunications,,false,
9574-RKJIF,Telco-9574-RKJIF,,,starter,94.4,,2021-07-29,,2023-12-16,4,62.5,0,2,,2,US,Telecommunications,,true,2024-01-15
2043-WVTQJ,Telco-2043-WVTQJ,,,starter,55.7,,2023-12-16,,2024-01-15,8,37.5,0,0,,0,US,Telecommunications,,false,
8034-RYTVV,Telco-8034-RYTVV,,,growth,84.25,12,2019-07-10,2024-06-13,2024-01-15,15,50.0,0,4,,0,US,Telecommunications,,false,
3863-QSTYI,Telco-3863-QSTYI,,,starter,64.65,,2019-03-12,,2024-01-15,8,50.0,0,2,,1,US,Telecommunications,,false,
2619-WFQWU,Telco-2619-WFQWU,,,starter,70.15,,2023-12-16,,2023-12-16,4,12.5,0,0,,1,US,Telecommunications,,true,2024-01-15
5044-LRQAQ,Telco-5044-LRQAQ,,,starter,69.2,,2023-06-19,,2024-01-15,15,12.5,0,0,,0,US,Telecommunications,,false,
1716-LSAMB,Telco-1716-LSAMB,,,enterprise,54.65,24,2020-05-05,2024-04-14,2024-01-15,8,37.5,0,1,,0,US,Telecommunications,,false,
1333-PBMXB,Telco-1333-PBMXB,,,growth,24.75,12,2019-08-09,2024-07-13,2024-01-15,3,25.0,0,4,,0,US,Telecommunications,,false,
6546-OPBBH,Telco-6546-OPBBH,,,growth,23.95,12,2019-11-07,2024-10-11,2024-01-15,3,25.0,0,4,,0,US,Telecommunications,,false,
5985-BEHZK,Telco-5985-BEHZK,,,growth,105.0,12,2018-02-15,2025-01-09,2024-01-15,15,75.0,0,6,,0,US,Telecommunications,,false,
9127-QRZMH,Telco-9127-QRZMH,,,growth,59.85,12,2020-06-04,2024-05-14,2024-01-15,8,50.0,0,1,,0,US,Telecommunications,,false,
5919-VCZYM,Telco-5919-VCZYM,,,starter,20.05,,2023-11-16,,2024-01-15,3,12.5,0,0,,0,US,Telecommunications,,false,
9644-KVCNC,Telco-9644-KVCNC,,,growth,92.15,12,2018-08-14,2024-07-13,2024-01-15,15,50.0,0,5,,0,US,Telecommunications,,false,
2137-DQMEV,Telco-2137-DQMEV,,,growth,44.8,12,2018-06-15,2024-05-14,2024-01-15,8,37.5,0,5,,0,US,Telecommunications,,false,
8174-LNWMW,Telco-8174-LNWMW,,,enterprise,20.9,24,2021-06-29,2025-06-08,2024-01-15,3,12.5,0,2,,0,US,Telecommunications,,false,
9279-CJEOJ,Telco-9279-CJEOJ,,,starter,95.4,,2022-04-25,,2024-01-15,15,50.0,0,1,,0,US,Telecommunications,,false,
7964-VEXDG,Telco-7964-VEXDG,,,starter,80.35,,2022-04-25,,2024-01-15,15,37.5,0,1,,1,US,Telecommunications,,false,
2404-JIBFC,Telco-2404-JIBFC,,,enterprise,85.1,24,2019-07-10,2025-06-08,2024-01-15,8,87.5,0,2,,0,US,Telecommunications,,false,
0778-NELLA,Telco-0778-NELLA,,,starter,34.7,,2023-04-20,,2023-12-16,2,12.5,0,0,,0,US,Telecommunications,,true,2024-01-15
8029-XYPWT,Telco-8029-XYPWT,,,enterprise,115.05,24,2018-03-17,2024-02-14,2024-01-15,15,100.0,0,2,,0,US,Telecommunications,,false,
4614-NUVZD,Telco-4614-NUVZD,,,starter,81.1,,2023-12-16,,2023-12-16,4,25.0,0,0,,2,US,Telecommunications,,true,2024-01-15
4632-PAOYU,Telco-4632-PAOYU,,,growth,19.95,12,2022-03-26,2024-03-15,2024-01-15,3,12.5,0,1,,0,US,Telecommunications,,false,
3803-KMQFW,Telco-3803-KMQFW,,,starter,20.55,,2023-12-16,,2023-12-16,1,12.5,0,0,,1,US,Telecommunications,,true,2024-01-15
6804-GDMOI,Telco-6804-GDMOI,,,enterprise,106.6,24,2019-01-11,2020-12-31,2023-12-16,4,75.0,0,2,,2,US,Telecommunications,,true,2024-01-15
2990-OGYTD,Telco-2990-OGYTD,,,enterprise,86.15,24,2018-07-15,2024-06-13,2024-01-15,8,87.5,0,2,,0,US,Telecommunications,,false,
6646-JPPHA,Telco-6646-JPPHA,,,starter,78.85,,2022-11-21,,2024-01-15,15,37.5,0,1,,1,US,Telecommunications,,false,
9572-MTILT,Telco-9572-MTILT,,,starter,106.75,,2019-03-12,,2023-12-16,4,87.5,0,2,,2,US,Telecommunications,,true,2024-01-15
7658-UYUQS,Telco-7658-UYUQS,,,starter,86.55,,2022-04-25,,2024-01-15,15,37.5,0,1,,0,US,Telecommunications,,false,
7880-XSOJX,Telco-7880-XSOJX,,,starter,42.4,,2023-09-17,,2024-01-15,8,37.5,0,0,,0,US,Telecommunications,,false,
9611-CTWIH,Telco-9611-CTWIH,,,starter,89.45,,2023-10-17,,2023-12-16,4,37.5,0,0,,2,US,Telecommunications,,true,2024-01-15
4589-IUAJB,Telco-4589-IUAJB,,,enterprise,24.25,24,2018-04-16,2024-03-15,2024-01-15,3,25.0,0,5,,0,US,Telecommunications,,false,
0329-GTIAJ,Telco-0329-GTIAJ,,,starter,97.9,,2023-10-17,,2023-12-16,4,62.5,0,0,,2,US,Telecommunications,,true,2024-01-15
8746-BFOAJ,Telco-8746-BFOAJ,,,growth,20.5,12,2022-04-25,2024-04-14,2024-01-15,3,12.5,0,1,,0,US,Telecommunications,,false,
8457-XIGKN,Telco-8457-XIGKN,,,starter,19.6,,2022-05-25,,2024-01-15,3,12.5,0,1,,0,US,Telecommunications,,false,
6072-NUQCB,Telco-6072-NUQCB,,,growth,20.25,12,2022-03-26,2024-03-15,2024-01-15,3,12.5,0,1,,0,US,Telecommunications,,false,
6629-CZTTH,Telco-6629-CZTTH,,,starter,55.7,,2023-12-16,,2023-12-16,2,25.0,0,0,,1,US,Telecommunications,,true,2024-01-15
8838-GPHZP,Telco-8838-GPHZP,,,enterprise,20.6,24,2018-11-12,2024-10-11,2024-01-15,3,12.5,0,5,,0,US,Telecommunications,,false,
8750-QWZAJ,Telco-8750-QWZAJ,,,enterprise,19.8,24,2018-04-16,2024-03-15,2024-01-15,3,12.5,0,5,,0,US,Telecommunications,,false,
5364-EVNIB,Telco-5364-EVNIB,,,starter,79.8,,2022-12-21,,2023-12-16,4,37.5,0,1,,2,US,Telecommunications,,true,2024-01-15
6918-UMQCG,Telco-6918-UMQCG,,,starter,80.2,,2023-08-18,,2024-01-15,15,25.0,0,0,,1,US,Telecommunications,,false,
0675-NCDYU,Telco-0675-NCDYU,,,enterprise,116.4,24,2018-02-15,2026-01-04,2024-01-15,15,100.0,0,3,,0,US,Telecommunications,,false,
6339-DKLMK,Telco-6339-DKLMK,,,starter,31.65,,2022-12-21,,2024-01-15,8,12.5,0,1,,1,US,Telecommunications,,false,
1346-PJWTK,Telco-1346-PJWTK,,,starter,94.15,,2019-01-11,,2024-01-15,15,62.5,0,2,,0,US,Telecommunications,,false,
5088-QZLRL,Telco-5088-QZLRL,,,starter,20.65,,2023-12-16,,2024-01-15,3,12.5,0,0,,1,US,Telecommunications,,false,
8023-QHAIO,Telco-8023-QHAIO,,,starter,76.85,,2019-06-10,,2024-01-15,15,37.5,0,2,,0,US,Telecommunications,,false,
4397-FRLTA,Telco-4397-FRLTA,,,starter,20.15,,2023-09-17,,2024-01-15,3,12.5,0,0,,0,US,Telecommunications,,false,
3057-VJJQE,Telco-3057-VJJQE,,,enterprise,55.25,24,2021-03-01,2025-02-08,2024-01-15,8,37.5,0,2,,0,US,Telecommunications,,false,
5087-SUURX,Telco-5087-SUURX,,,starter,39.05,,2022-07-24,,2023-12-16,2,25.0,0,1,,2,US,Telecommunications,,true,2024-01-15
2302-OUZXB,Telco-2302-OUZXB,,,enterprise,82.15,24,2018-02-15,2026-01-04,2024-01-15,8,75.0,0,6,,0,US,Telecommunications,,false,
8133-ANHHJ,Telco-8133-ANHHJ,,,growth,103.0,12,2020-01-06,2024-12-10,2024-01-15,15,87.5,0,2,,0,US,Telecommunications,,false,
2270-CHBFN,Telco-2270-CHBFN,,,starter,95.1,,2020-06-04,,2024-01-15,15,75.0,0,1,,0,US,Telecommunications,,false,
0013-EXCHZ,Telco-0013-EXCHZ,,,starter,83.9,,2023-10-17,,2023-12-16,4,37.5,0,0,,1,US,Telecommunications,,true,2024-01-15
5982-FPVQN,Telco-5982-FPVQN,,,starter,95.15,,2020-12-31,,2024-01-15,15,62.5,0,3,,1,US,Telecommunications,,false,
9107-UKCKY,Telco-9107-UKCKY,,,growth,79.8,12,2019-01-11,2024-12-10,2024-01-15,8,75.0,0,5,,1,US,Telecommunications,,false,
4654-ULTTN,Telco-4654-ULTTN,,,enterprise,74.8,24,2018-04-16,2024-03-15,2024-01-15,8,75.0,0,2,,0,US,Telecommunications,,false,
5550-VFRLC,Telco-5550-VFRLC,,,starter,69.85,,2023-12-16,,2023-12-16,4,12.5,0,0,,2,US,Telecommunications,,true,2024-01-15
5546-BYZSM,Telco-5546-BYZSM,,,starter,20.45,,2020-09-02,,2024-01-15,3,12.5,0,3,,1,US,Telecommunications,,false,
1492-KGETH,Telco-1492-KGETH,,,growth,78.35,12,2018-04-16,2024-03-15,2024-01-15,8,87.5,0,2,,0,US,Telecommunications,,false,
4929-BSTRX,Telco-4929-BSTRX,,,starter,53.55,,2023-12-16,,2023-12-16,2,25.0,0,0,,1,US,Telecommunications,,true,2024-01-15
4163-HFTUK,Telco-4163-HFTUK,,,growth,19.1,12,2019-11-07,2024-10-11,2024-01-15,3,12.5,0,4,,1,US,Telecommunications,,false,
8215-NGSPE,Telco-8215-NGSPE,,,enterprise,20.0,24,2020-08-03,2024-07-13,2024-01-15,3,12.5,0,3,,0,US,Telecommunications,,false,
2225-ZRGSG,Telco-2225-ZRGSG,,,enterprise,93.9,24,2018-04-16,2020-04-05,2023-12-16,4,75.0,0,2,,0,US,Telecommunications,,true,2024-01-15
8859-YSTWS,Telco-8859-YSTWS,,,growth,19.95,12,2020-02-05,2025-01-09,2024-01-15,3,12.5,0,4,,0,US,Telecommunications,,false,
5271-YNWVR,Telco-5271-YNWVR,,,enterprise,113.15,24,2018-06-15,2020-06-04,2023-12-16,4,100.0,0,2,,2,US,Telecommunications,,true,2024-01-15
7601-DHFWZ,Telco-7601-DHFWZ,,,enterprise,24.0,24,2020-02-05,2026-01-04,2024-01-15,3,25.0,0,4,,0,US,Telecommunications,,false,
2657-ALMWY,Telco-2657-ALMWY,,,starter,84.95,,2021-11-26,,2023-12-16,4,37.5,0,2,,2,US,Telecommunications,,true,2024-01-15
6330-JKLPC,Telco-6330-JKLPC,,,starter,80.5,,2023-02-19,,2023-12-16,4,37.5,0,0,,0,US,Telecommunications,,true,2024-01-15
4667-OHGKG,Telco-4667-OHGKG,,,starter,19.3,,2023-12-16,,2023-12-16,1,12.5,0,0,,1,US,Telecommunications,,true,2024-01-15
1998-VHJHK,Telco-1998-VHJHK,,,growth,19.15,12,2021-10-27,2024-10-11,2024-01-15,3,12.5,0,2,,0,US,Telecommunications,,false,
1707-HABPF,Telco-1707-HABPF,,,growth,91.3,12,2020-04-05,2024-03-15,2024-01-15,15,50.0,0,3,,0,US,Telecommunications,,false,
1660-HSOOQ,Telco-1660-HSOOQ,,,starter,49.65,,2023-12-16,,2023-12-16,2,25.0,0,0,,1,US,Telecommunications,,true,2024-01-15
7253-UVNDW,Telco-7253-UVNDW,,,enterprise,54.35,24,2020-04-05,2022-03-26,2023-12-16,2,37.5,0,1,,0,US,Telecommunications,,true,2024-01-15
0487-VVUVK,Telco-0487-VVUVK,,,starter,19.15,,2021-12-26,,2024-01-15,3,12.5,0,2,,0,US,Telecommunications,,false,
7228-OMTPN,Telco-7228-OMTPN,,,starter,88.45,,2023-09-17,,2023-12-16,4,37.5,0,0,,2,US,Telecommunications,,true,2024-01-15
5063-IUOKK,Telco-5063-IUOKK,,,enterprise,19.75,24,2022-12-21,2024-12-10,2024-01-15,3,12.5,0,1,,0,US,Telecommunications,,false,
4508-OEBEY,Telco-4508-OEBEY,,,growth,75.5,12,2021-06-29,2024-06-13,2024-01-15,8,75.0,0,1,,0,US,Telecommunications,,false,
0027-KWYKW,Telco-0027-KWYKW,,,starter,83.75,,2022-02-24,,2024-01-15,15,37.5,0,1,,1,US,Telecommunications,,false,
2308-STERM,Telco-2308-STERM,,,starter,19.4,,2023-11-16,,2024-01-15,3,12.5,0,0,,0,US,Telecommunications,,false,
5982-XMDEX,Telco-5982-XMDEX,,,enterprise,26.5,24,2018-09-13,2024-08-12,2024-01-15,3,25.0,0,5,,0,US,Telecommunications,,false,
6284-AHOOQ,Telco-6284-AHOOQ,,,starter,90.5,,2022-03-26,,2023-12-16,4,50.0,0,0,,0,US,Telecommunications,,true,2024-01-15
6051-PTVNS,Telco-6051-PTVNS,,,growth,19.15,12,2019-07-10,2024-06-13,2024-01-15,3,12.5,0,4,,0,US,Telecommunications,,false,
2344-JMOGN,Telco-2344-JMOGN,,,starter,94.85,,2023-04-20,,2023-12-16,4,62.5,0,0,,1,US,Telecommunications,,true,2024-01-15
3799-ISUZQ,Telco-3799-ISUZQ,,,starter,69.95,,2023-06-19,,2023-12-16,4,12.5,0,0,,0,US,Telecommunications,,true,2024-01-15
2877-VDUER,Telco-2877-VDUER,,,growth,40.9,12,2021-03-01,2024-02-14,2024-01-15,8,25.0,0,1,,0,US,Telecommunications,,false,
9152-AMKAK,Telco-9152-AMKAK,,,enterprise,80.25,24,2023-07-19,2025-07-08,2024-01-15,8,75.0,0,0,,0,US,Telecommunications,,false,
1794-HBQTJ,Telco-1794-HBQTJ,,,starter,48.6,,2023-12-16,,2023-12-16,2,25.0,0,0,,0,US,Telecommunications,,true,2024-01-15
9432-VOFYX,Telco-9432-VOFYX,,,starter,70.8,,2022-08-23,,2024-01-15,15,12.5,0,1,,1,US,Telecommunications,,false,
8049-WJCLQ,Telco-8049-WJCLQ,,,starter,60.2,,2023-03-21,,2024-01-15,8,37.5,0,0,,0,US,Telecommunications,,false,
6586-PSJOX,Telco-6586-PSJOX,,,growth,55.2,12,2022-10-22,2024-10-11,2024-01-15,8,37.5,0,0,,0,US,Telecommunications,,false,
2460-FPSYH,Telco-2460-FPSYH,,,starter,55.8,,2020-10-02,,2023-12-16,2,50.0,0,3,,2,US,Telecommunications,,true,2024-01-15
9705-ZJBCG,Telco-9705-ZJBCG,,,growth,54.15,12,2022-12-21,2024-12-10,2024-01-15,8,37.5,0,0,,0,US,Telecommunications,,false,
4818-DRBQT,Telco-4818-DRBQT,,,starter,80.15,,2021-08-28,,2023-12-16,4,37.5,0,2,,0,US,Telecommunications,,true,2024-01-15
1320-HTRDR,Telco-1320-HTRDR,,,starter,75.5,,2023-10-17,,2023-12-16,4,25.0,0,0,,2,US,Telecommunications,,true,2024-01-15
6847-KJLTS,Telco-6847-KJLTS,,,starter,100.4,,2019-04-11,,2024-01-15,15,62.5,0,2,,0,US,Telecommunications,,false,
9670-BPNXF,Telco-9670-BPNXF,,,growth,62.55,12,2020-05-05,2024-04-14,2024-01-15,8,50.0,0,1,,0,US,Telecommunications,,false,
3913-FCUUW,Telco-3913-FCUUW,,,enterprise,70.45,24,2018-02-15,2026-01-04,2024-01-15,8,75.0,0,3,,0,US,Telecommunications,,false,
3301-VKTGC,Telco-3301-VKTGC,,,growth,85.5,12,2018-06-15,2024-05-14,2024-01-15,15,50.0,0,5,,0,US,Telecommunications,,false,
1493-AMTIE,Telco-1493-AMTIE,,,starter,20.2,,2023-12-16,,2023-12-16,1,12.5,0,0,,0,US,Telecommunications,,true,2024-01-15
9555-SAHUZ,Telco-9555-SAHUZ,,,starter,54.5,,2020-12-01,,2024-01-15,8,37.5,0,3,,1,US,Telecommunications,,false,
0816-TSPHQ,Telco-0816-TSPHQ,,,starter,20.75,,2023-11-16,,2024-01-15,3,12.5,0,0,,0,US,Telecommunications,,false,
9932-WBWIK,Telco-9932-WBWIK,,,starter,20.35,,2023-02-19,,2024-01-15,3,12.5,0,0,,0,US,Telecommunications,,false,
4619-EVPHY,Telco-4619-EVPHY,,,growth,91.0,12,2022-05-25,2024-05-14,2024-01-15,15,37.5,0,1,,0,US,Telecommunications,,false,
5286-YHCVC,Telco-5286-YHCVC,,,enterprise,104.8,24,2018-02-15,2026-01-04,2024-01-15,15,75.0,0,6,,0,US,Telecommunications,,false,
6424-ELEYH,Telco-6424-ELEYH,,,starter,74.75,,2023-10-17,,2023-12-16,4,25.0,0,0,,0,US,Telecommunications,,true,2024-01-15
4391-RESHN,Telco-4391-RESHN,,,starter,104.05,,2022-02-24,,2023-12-16,4,75.0,0,0,,1,US,Telecommunications,,true,2024-01-15
9115-YQHGA,Telco-9115-YQHGA,,,starter,51.1,,2020-10-02,,2024-01-15,8,25.0,0,1,,1,US,Telecommunications,,false,
4462-CYWMH,Telco-4462-CYWMH,,,starter,89.8,,2018-12-12,,2024-01-15,15,50.0,0,5,,0,US,Telecommunications,,false,
8963-MQVYN,Telco-8963-MQVYN,,,starter,20.55,,2022-03-26,,2024-01-15,3,12.5,0,1,,1,US,Telecommunications,,false,
2458-EOMRE,Telco-2458-EOMRE,,,starter,64.05,,2023-02-19,,2024-01-15,8,50.0,0,0,,0,US,Telecommunications,,false,
9334-GWGOW,Telco-9334-GWGOW,,,starter,74.85,,2023-06-19,,2024-01-15,15,25.0,0,0,,1,US,Telecommunications,,false,
6821-BUXUX,Telco-6821-BUXUX,,,starter,96.65,,2022-12-21,,2023-12-16,4,62.5,0,1,,2,US,Telecommunications,,true,2024-01-15
5028-HTLJB,Telco-5028-HTLJB,,,starter,20.05,,2023-12-16,,2023-12-16,1,12.5,0,0,,1,US,Telecommunications,,true,2024-01-15
9801-GDWGV,Telco-9801-GDWGV,,,starter,103.45,,2020-11-01,,2023-12-16,4,75.0,0,3,,2,US,Telecommunications,,true,2024-01-15
6542-LWGXJ,Telco-6542-LWGXJ,,,starter,25.0,,2023-10-17,,2024-01-15,8,0.0,0,0,,0,US,Telecommunications,,false,
5567-GZKQY,Telco-5567-GZKQY,,,enterprise,20.3,24,2019-04-11,2025-03-10,2024-01-15,3,12.5,0,4,,0,US,Telecommunications,,false,
1222-LRYKO,Telco-1222-LRYKO,,,starter,26.35,,2023-07-19,,2024-01-15,3,25.0,0,0,,0,US,Telecommunications,,false,
2320-JRSDE,Telco-2320-JRSDE,,,starter,19.9,,2023-12-16,,2023-12-16,1,12.5,0,0,,2,US,Telecommunications,,true,2024-01-15
2087-QAREY,Telco-2087-QAREY,,,starter,54.7,,2022-03-26,,2024-01-15,8,37.5,0,1,,0,US,Telecommunications,,false,
0601-WZHJF,Telco-0601-WZHJF,,,starter,46.35,,2022-11-21,,2023-12-16,2,25.0,0,1,,2,US,Telecommunications,,true,2024-01-15
4423-JWZJN,Telco-4423-JWZJN,,,growth,90.25,12,2018-10-13,2024-09-11,2024-01-15,15,50.0,0,5,,0,US,Telecommunications,,false,
5143-WMWOG,Telco-5143-WMWOG,,,starter,19.95,,2023-12-16,,2023-12-16,1,12.5,0,0,,2,US,Telecommunications,,true,2024-01-15
6490-FGZAT,Telco-6490-FGZAT,,,starter,20.65,,2023-07-19,,2024-01-15,3,12.5,0,0,,0,US,Telecommunications,,false,
5393-RXQSZ,Telco-5393-RXQSZ,,,starter,79.6,,2023-12-16,,2023-12-16,4,25.0,0,0,,2,US,Telecommunications,,true,2024-01-15
7452-FOLON,Telco-7452-FOLON,,,growth,25.45,12,2020-11-01,2024-10-11,2024-01-15,3,25.0,0,3,,0,US,Telecommunications,,false,
2320-TZRRH,Telco-2320-TZRRH,,,growth,19.5,12,2022-05-25,2024-05-14,2024-01-15,3,12.5,0,1,,0,US,Telecommunications,,false,
0231-LXVAP,Telco-0231-LXVAP,,,starter,75.9,,2023-12-16,,2023-12-16,4,25.0,0,0,,2,US,Telecommunications,,true,2024-01-15
9444-JTXHZ,Telco-9444-JTXHZ,,,starter,76.2,,2023-12-16,,2023-12-16,4,25.0,0,0,,2,US,Telecommunications,,true,2024-01-15
4942-VZZOM,Telco-4942-VZZOM,,,growth,66.15,12,2018-10-13,2024-09-11,2024-01-15,8,50.0,0,5,,0,US,Telecommunications,,false,
5510-BOIUJ,Telco-5510-BOIUJ,,,starter,19.25,,2023-12-16,,2023-12-16,1,12.5,0,0,,1,US,Telecommunications,,true,2024-01-15
7502-BNYGS,Telco-7502-BNYGS,,,starter,69.1,,2020-04-05,,2024-01-15,8,50.0,0,3,,0,US,Telecommunications,,false,
4291-HYEBC,Telco-4291-HYEBC,,,growth,39.1,12,2021-09-27,2024-09-11,2024-01-15,8,25.0,0,2,,1,US,Telecommunications,,false,
6147-CBCRA,Telco-6147-CBCRA,,,starter,20.05,,2021-04-30,,2024-01-15,3,12.5,0,2,,0,US,Telecommunications,,false,
6047-SUHPR,Telco-6047-SUHPR,,,growth,59.8,12,2020-11-01,2024-10-11,2024-01-15,8,50.0,0,3,,1,US,Telecommunications,,false,
4471-KXAUH,Telco-4471-KXAUH,,,starter,84.3,,2020-08-03,,2023-12-16,4,50.0,0,1,,2,US,Telecommunications,,true,2024-01-15
9752-ZNQUT,Telco-9752-ZNQUT,,,starter,48.6,,2023-12-16,,2024-01-15,8,25.0,0,0,,1,US,Telecommunications,,false,
7638-QVMVY,Telco-7638-QVMVY,,,starter,79.0,,2023-06-19,,2023-12-16,4,25.0,0,0,,2,US,Telecommunications,,true,2024-01-15
1576-PFZIW,Telco-1576-PFZIW,,,enterprise,105.35,24,2018-04-16,2024-03-15,2024-01-15,15,75.0,0,5,,0,US,Telecommunications,,false,
5666-MBJPT,Telco-5666-MBJPT,,,enterprise,25.1,24,2018-09-13,2024-08-12,2024-01-15,3,25.0,0,5,,0,US,Telecommunications,,false,
7312-XSBAT,Telco-7312-XSBAT,,,starter,49.75,,2023-12-16,,2024-01-15,8,25.0,0,0,,1,US,Telecommunications,,false,
3096-GKWEB,Telco-3096-GKWEB,,,starter,94.75,,2022-07-24,,2024-01-15,15,50.0,0,1,,1,US,Telecommunications,,false,
2371-JQHZZ,Telco-2371-JQHZZ,,,starter,93.0,,2022-01-25,,2024-01-15,15,50.0,0,2,,1,US,Telecommunications,,false,
0674-GCDXG,Telco-0674-GCDXG,,,enterprise,71.9,24,2018-11-12,2024-10-11,2024-01-15,8,75.0,0,2,,0,US,Telecommunications,,false,
1121-QSIVB,Telco-1121-QSIVB,,,growth,77.55,12,2020-06-04,2024-05-14,2024-01-15,8,62.5,0,3,,0,US,Telecommunications,,false,
4396-KLSEH,Telco-4396-KLSEH,,,starter,19.85,,2023-09-17,,2024-01-15,3,12.5,0,0,,1,US,Telecommunications,,false,
3244-DCJWY,Telco-3244-DCJWY,,,starter,70.25,,2023-12-16,,2023-12-16,4,12.5,0,0,,2,US,Telecommunications,,true,2024-01-15
2824-MYYBN,Telco-2824-MYYBN,,,starter,95.25,,2020-12-31,,2024-01-15,15,50.0,0,3,,1,US,Telecommunications,,false,
0875-CABNR,Telco-0875-CABNR,,,starter,84.6,,2023-03-21,,2023-12-16,4,37.5,0,0,,0,US,Telecommunications,,true,2024-01-15
6345-HOVES,Telco-6345-HOVES,,,starter,25.05,,2021-03-31,,2024-01-15,8,0.0,0,2,,0,US,Telecommunications,,false,
8318-LCNBW,Telco-8318-LCNBW,,,growth,53.15,12,2021-03-01,2024-02-14,2024-01-15,8,50.0,0,2,,0,US,Telecommunications,,false,
6469-QJKZW,Telco-6469-QJKZW,,,starter,20.15,,2023-09-17,,2024-01-15,3,12.5,0,0,,1,US,Telecommunications,,false,
0147-ESWWR,Telco-0147-ESWWR,,,starter,101.25,,2020-11-01,,2024-01-15,15,62.5,0,1,,1,US,Telecommunications,,false,
1217-VASWC,Telco-1217-VASWC,,,growth,100.55,12,2020-07-04,2024-06-13,2024-01-15,15,62.5,0,3,,0,US,Telecommunications,,false,
7812-FZHPE,Telco-7812-FZHPE,,,starter,24.1,,2022-08-23,,2023-12-16,1,25.0,0,1,,1,US,Telecommunications,,true,2024-01-15
6370-ZVHDV,Telco-6370-ZVHDV,,,enterprise,25.3,24,2019-01-11,2024-12-10,2024-01-15,3,25.0,0,5,,0,US,Telecommunications,,false,
5915-DGNVC,Telco-5915-DGNVC,,,growth,71.8,12,2020-01-06,2024-12-10,2024-01-15,8,75.0,0,4,,1,US,Telecommunications,,false,
6260-XLACS,Telco-6260-XLACS,,,growth,19.7,12,2023-09-17,2024-09-11,2024-01-15,3,12.5,0,0,,0,US,Telecommunications,,false,
3566-CAAYU,Telco-3566-CAAYU,,,enterprise,49.85,24,2018-10-13,2024-09-11,2024-01-15,8,50.0,0,2,,1,US,Telecommunications,,false,
4983-CCWMC,Telco-4983-CCWMC,,,starter,69.6,,2023-10-17,,2024-01-15,15,12.5,0,0,,0,US,Telecommunications,,false,
9103-CXVOK,Telco-9103-CXVOK,,,starter,19.75,,2023-12-16,,2024-01-15,3,12.5,0,0,,1,US,Telecommunications,,false,
2896-TBNBE,Telco-2896-TBNBE,,,growth,80.8,12,2020-10-02,2024-09-11,2024-01-15,15,37.5,0,3,,1,US,Telecommunications,,false,
4797-AXPXK,Telco-4797-AXPXK,,,starter,60.0,,2023-12-16,,2023-12-16,2,50.0,0,0,,2,US,Telecommunications,,true,2024-01-15
5229-PRWKT,Telco-5229-PRWKT,,,starter,86.55,,2023-05-20,,2023-12-16,4,37.5,0,0,,2,US,Telecommunications,,true,2024-01-15
6982-UQZLY,Telco-6982-UQZLY,,,starter,20.85,,2023-12-16,,2023-12-16,1,12.5,0,0,,1,US,Telecommunications,,true,2024-01-15
2522-WLNSF,Telco-2522-WLNSF,,,growth,64.2,12,2021-03-31,2024-03-15,2024-01-15,8,50.0,0,1,,0,US,Telecommunications,,false,
3841-CONLJ,Telco-3841-CONLJ,,,starter,35.0,,2023-12-16,,2024-01-15,8,12.5,0,0,,1,US,Telecommunications,,false,
5057-LCOUI,Telco-5057-LCOUI,,,starter,50.75,,2020-11-01,,2023-12-16,2,37.5,0,3,,2,US,Telecommunications,,true,2024-01-15
0193-ESZXP,Telco-0193-ESZXP,,,growth,105.5,12,2019-04-11,2020-04-05,2023-12-16,4,75.0,0,2,,0,US,Telecommunications,,true,2024-01-15
4475-NVTLU,Telco-4475-NVTLU,,,enterprise,19.2,24,2020-05-05,2024-04-14,2024-01-15,3,12.5,0,3,,1,US,Telecommunications,,false,
4369-HTUIF,Telco-4369-HTUIF,,,starter,85.15,,2023-07-19,,2023-12-16,4,37.5,0,0,,0,US,Telecommunications,,true,2024-01-15
9386-LDCZR,Telco-9386-LDCZR,,,growth,90.65,12,2020-07-04,2024-06-13,2024-01-15,15,62.5,0,1,,0,US,Telecommunications,,false,
9585-KKMFD,Telco-9585-KKMFD,,,enterprise,20.0,24,2020-09-02,2024-08-12,2024-01-15,3,12.5,0,3,,0,US,Telecommunications,,false,
5399-ZIMKF,Telco-5399-ZIMKF,,,starter,74.65,,2023-08-18,,2024-01-15,15,25.0,0,0,,1,US,Telecommunications,,false,
0336-KXKFK,Telco-0336-KXKFK,,,enterprise,61.2,24,2018-02-15,2026-01-04,2024-01-15,8,62.5,0,3,,0,US,Telecommunications,,false,
5619-XZZKR,Telco-5619-XZZKR,,,growth,19.95,12,2023-09-17,2024-09-11,2024-01-15,3,12.5,0,0,,0,US,Telecommunications,,false,
3948-FVVRP,Telco-3948-FVVRP,,,starter,54.8,,2023-04-20,,2024-01-15,8,37.5,0,0,,0,US,Telecommunications,,false,
5327-XOKKY,Telco-5327-XOKKY,,,enterprise,73.45,24,2018-02-15,2026-01-04,2024-01-15,8,62.5,0,6,,0,US,Telecommunications,,false,
0983-TATYJ,Telco-0983-TATYJ,,,growth,51.45,12,2021-04-30,2024-04-14,2024-01-15,8,25.0,0,1,,0,US,Telecommunications,,false,
1813-JYWTO,Telco-1813-JYWTO,,,enterprise,80.45,24,2018-02-15,2026-01-04,2024-01-15,15,37.5,0,6,,0,US,Telecommunications,,false,
0156-FVPTA,Telco-0156-FVPTA,,,starter,54.2,,2022-03-26,,2023-12-16,2,37.5,0,0,,2,US,Telecommunications,,true,2024-01-15
1984-FCOWB,Telco-1984-FCOWB,,,growth,109.5,12,2018-04-16,2019-04-11,2023-12-16,4,87.5,0,2,,2,US,Telecommunications,,true,2024-01-15
0654-HMSHN,Telco-0654-HMSHN,,,starter,104.4,,2022-04-25,,2023-12-16,4,75.0,0,1,,2,US,Telecommunications,,true,2024-01-15
6719-OXYBR,Telco-6719-OXYBR,,,starter,85.3,,2022-10-22,,2024-01-15,15,37.5,0,1,,1,US,Telecommunications,,false,
3312-ZWLGF,Telco-3312-ZWLGF,,,starter,79.3,,2021-08-28,,2024-01-15,15,37.5,0,1,,1,US,Telecommunications,,false,
6476-YHMGA,Telco-6476-YHMGA,,,starter,76.5,,2022-10-22,,2024-01-15,8,75.0,0,0,,0,US,Telecommunications,,false,
5287-QWLKY,Telco-5287-QWLKY,,,starter,105.1,,2018-03-17,,2023-12-16,4,75.0,0,5,,0,US,Telecommunications,,true,2024-01-15
0795-XCCTE,Telco-0795-XCCTE,,,enterprise,25.4,24,2018-02-15,2026-01-04,2024-01-15,3,25.0,0,6,,0,US,Telecommunications,,false,
0168-XZKBB,Telco-0168-XZKBB,,,starter,86.85,,2022-06-24,,2024-01-15,15,37.5,0,1,,1,US,Telecommunications,,false,
3785-NRHYR,Telco-3785-NRHYR,,,starter,19.65,,2023-12-16,,2024-01-15,3,12.5,0,0,,0,US,Telecommunications,,false,
5196-SGOAK,Telco-5196-SGOAK,,,starter,75.7,,2023-12-16,,2023-12-16,4,25.0,0,0,,2,US,Telecommunications,,true,2024-01-15
4537-DKTAL,Telco-4537-DKTAL,,,starter,45.55,,2023-11-16,,2024-01-15,8,12.5,0,0,,1,US,Telecommunications,,false,
7072-MBHEV,Telco-7072-MBHEV,,,starter,78.1,,2023-02-19,,2024-01-15,15,37.5,0,0,,0,US,Telecommunications,,false,
5602-BVFMK,Telco-5602-BVFMK,,,growth,19.3,12,2023-01-20,2025-01-09,2024-01-15,3,12.5,0,1,,0,US,Telecommunications,,false,
6297-NOOPG,Telco-6297-NOOPG,,,enterprise,110.5,24,2018-04-16,2024-03-15,2024-01-15,15,87.5,0,2,,1,US,Telecommunications,,false,
1891-UAWWU,Telco-1891-UAWWU,,,starter,90.8,,2022-05-25,,2023-12-16,4,50.0,0,1,,2,US,Telecommunications,,true,2024-01-15
8204-TIFGJ,Telco-8204-TIFGJ,,,starter,20.3,,2022-02-24,,2024-01-15,3,12.5,0,1,,0,US,Telecommunications,,false,
8050-DVOJX,Telco-8050-DVOJX,,,enterprise,81.35,24,2020-01-06,2025-12-05,2024-01-15,8,87.5,0,2,,0,US,Telecommunications,,false,
6108-OQZDQ,Telco-6108-OQZDQ,,,starter,97.95,,2023-09-17,,2023-12-16,4,62.5,0,0,,2,US,Telecommunications,,true,2024-01-15
0363-QJVFX,Telco-0363-QJVFX,,,starter,108.15,,2021-05-30,,2023-12-16,4,87.5,0,1,,0,US,Telecommunications,,true,2024-01-15
8903-XEBGX,Telco-8903-XEBGX,,,starter,55.3,,2023-11-16,,2024-01-15,8,25.0,0,0,,1,US,Telecommunications,,false,
8169-SAEJD,Telco-8169-SAEJD,,,enterprise,56.55,24,2018-05-16,2024-04-14,2024-01-15,8,50.0,0,5,,0,US,Telecommunications,,false,
9840-DVNDC,Telco-9840-DVNDC,,,starter,80.5,,2023-07-19,,2023-12-16,4,25.0,0,0,,0,US,Telecommunications,,true,2024-01-15
1089-XZWHH,Telco-1089-XZWHH,,,enterprise,19.7,24,2022-01-25,2026-01-04,2024-01-15,3,12.5,0,2,,0,US,Telecommunications,,false,
2325-WINES,Telco-2325-WINES,,,growth,104.05,12,2021-05-30,2024-05-14,2024-01-15,15,75.0,0,2,,0,US,Telecommunications,,false,
6064-ZATLR,Telco-6064-ZATLR,,,enterprise,52.85,24,2021-10-27,2025-10-06,2024-01-15,8,37.5,0,2,,0,US,Telecommunications,,false,
3096-JRDSO,Telco-3096-JRDSO,,,starter,104.3,,2021-10-27,,2023-12-16,4,75.0,0,1,,0,US,Telecommunications,,true,2024-01-15
7824-PANSQ,Telco-7824-PANSQ,,,starter,80.65,,2019-04-11,,2024-01-15,15,37.5,0,2,,0,US,Telecommunications,,false,
8042-JVNFH,Telco-8042-JVNFH,,,starter,71.35,,2023-12-16,,2023-12-16,4,12.5,0,0,,1,US,Telecommunications,,true,2024-01-15
9648-BCHKM,Telco-9648-BCHKM,,,enterprise,24.65,24,2022-07-24,2024-07-13,2024-01-15,3,25.0,0,1,,0,US,Telecommunications,,false,
2888-ADFAO,Telco-2888-ADFAO,,,enterprise,21.3,24,2020-03-06,2024-02-14,2024-01-15,3,12.5,0,3,,0,US,Telecommunications,,false,
8707-HOEDG,Telco-8707-HOEDG,,,enterprise,110.2,24,2018-04-16,2024-03-15,2024-01-15,15,87.5,0,2,,1,US,Telecommunications,,false,
3374-LXDEV,Telco-3374-LXDEV,,,starter,89.4,,2022-12-21,,2023-12-16,4,62.5,0,0,,2,US,Telecommunications,,true,2024-01-15
4072-IPYLT,Telco-4072-IPYLT,,,starter,51.05,,2021-01-30,,2024-01-15,8,25.0,0,3,,0,US,Telecommunications,,false,
7167-PCEYD,Telco-7167-PCEYD,,,enterprise,19.8,24,2018-07-15,2024-06-13,2024-01-15,3,12.5,0,5,,0,US,Telecommunications,,false,
4936-YPJNK,Telco-4936-YPJNK,,,starter,19.9,,2023-03-21,,2024-01-15,3,12.5,0,0,,0,US,Telecommunications,,false,
1580-BMCMR,Telco-1580-BMCMR,,,starter,87.3,,2022-06-24,,2024-01-15,15,37.5,0,1,,1,US,Telecommunications,,false,
4817-KEQSP,Telco-4817-KEQSP,,,enterprise,19.85,24,2018-03-17,2024-02-14,2024-01-15,3,12.5,0,5,,0,US,Telecommunications,,false,
6408-WHTEF,Telco-6408-WHTEF,,,enterprise,89.4,24,2018-02-15,2026-01-04,2024-01-15,8,100.0,0,3,,0,US,Telecommunications,,false,
9251-AWQGT,Telco-9251-AWQGT,,,enterprise,20.0,24,2020-02-05,2026-01-04,2024-01-15,3,12.5,0,4,,0,US,Telecommunications,,false,
8749-CLJXC,Telco-8749-CLJXC,,,starter,20.05,,2023-12-16,,2024-01-15,3,12.5,0,0,,0,US,Telecommunications,,false,
7989-VCQOH,Telco-7989-VCQOH,,,starter,83.25,,2022-07-24,,2024-01-15,8,75.0,0,0,,1,US,Telecommunications,,false,
5049-GLYVG,Telco-5049-GLYVG,,,starter,20.6,,2023-12-16,,2023-12-16,1,12.5,0,0,,1,US,Telecommunications,,true,2024-01-15
4199-QHJNM,Telco-4199-QHJNM,,,enterprise,102.9,24,2018-07-15,2024-06-13,2024-01-15,15,75.0,0,2,,0,US,Telecommunications,,false,
8882-TLVRW,Telco-8882-TLVRW,,,enterprise,39.1,24,2018-05-16,2024-04-14,2024-01-15,8,37.5,0,2,,0,US,Telecommunications,,false,
5883-GTGVD,Telco-5883-GTGVD,,,starter,99.95,,2022-06-24,,2023-12-16,4,62.5,0,1,,2,US,Telecommunications,,true,2024-01-15
5135-GRQJV,Telco-5135-GRQJV,,,enterprise,114.5,24,2018-02-15,2026-01-04,2024-01-15,15,100.0,0,3,,0,US,Telecommunications,,false,
2384-OVPSA,Telco-2384-OVPSA,,,enterprise,20.2,24,2020-12-01,2024-11-10,2024-01-15,3,12.5,0,3,,0,US,Telecommunications,,false,
1371-WEPDS,Telco-1371-WEPDS,,,growth,55.8,12,2020-10-02,2024-09-11,2024-01-15,8,25.0,0,3,,1,US,Telecommunications,,false,
3580-GICBM,Telco-3580-GICBM,,,enterprise,24.2,24,2019-01-11,2024-12-10,2024-01-15,3,25.0,0,5,,0,US,Telecommunications,,false,
4817-QRJSX,Telco-4817-QRJSX,,,starter,81.0,,2023-03-21,,2023-12-16,4,37.5,0,0,,0,US,Telecommunications,,true,2024-01-15
9730-DRTMJ,Telco-9730-DRTMJ,,,growth,72.8,12,2021-05-30,2024-05-14,2024-01-15,8,62.5,0,1,,0,US,Telecommunications,,false,
4686-UXDML,Telco-4686-UXDML,,,starter,99.85,,2022-04-25,,2024-01-15,15,62.5,0,1,,0,US,Telecommunications,,false,
3349-ANQNH,Telco-3349-ANQNH,,,growth,99.5,12,2019-03-12,2024-02-14,2024-01-15,15,62.5,0,4,,1,US,Telecommunications,,false,
2398-YPMUR,Telco-2398-YPMUR,,,starter,70.15,,2022-12-21,,2023-12-16,4,12.5,0,1,,2,US,Telecommunications,,true,2024-01-15
0932-YIXYU,Telco-0932-YIXYU,,,enterprise,20.25,24,2020-03-06,2024-02-14,2024-01-15,3,12.5,0,3,,0,US,Telecommunications,,false,
7480-SPLEF,Telco-7480-SPLEF,,,enterprise,26.0,24,2018-05-16,2024-04-14,2024-01-15,3,25.0,0,5,,0,US,Telecommunications,,false,
7636-XUHWW,Telco-7636-XUHWW,,,starter,19.9,,2023-11-16,,2024-01-15,3,12.5,0,0,,0,US,Telecommunications,,false,
1431-CYWMH,Telco-1431-CYWMH,,,starter,19.05,,2022-03-26,,2024-01-15,3,12.5,0,1,,0,US,Telecommunications,,false,
5937-EORGB,Telco-5937-EORGB,,,starter,96.5,,2022-10-22,,2024-01-15,15,62.5,0,1,,1,US,Telecommunications,,false,
6349-JDHQP,Telco-6349-JDHQP,,,enterprise,19.85,24,2019-09-08,2025-08-07,2024-01-15,3,12.5,0,4,,0,US,Telecommunications,,false,
5539-HIVAK,Telco-5539-HIVAK,,,starter,25.7,,2021-09-27,,2024-01-15,3,25.0,0,2,,0,US,Telecommunications,,false,
5847-MXBEO,Telco-5847-MXBEO,,,growth,20.3,12,2022-03-26,2024-03-15,2024-01-15,3,12.5,0,1,,0,US,Telecommunications,,false,
9985-MWVIX,Telco-9985-MWVIX,,,starter,70.15,,2023-12-16,,2023-12-16,4,12.5,0,0,,1,US,Telecommunications,,true,2024-01-15
4583-PARNH,Telco-4583-PARNH,,,starter,91.55,,2022-09-22,,2024-01-15,15,50.0,0,0,,1,US,Telecommunications,,false,
1116-FRYVH,Telco-1116-FRYVH,,,enterprise,39.4,24,2020-02-05,2026-01-04,2024-01-15,8,37.5,0,2,,0,US,Telecommunications,,false,
1421-HCERK,Telco-1421-HCERK,,,starter,105.7,,2021-07-29,,2024-01-15,15,87.5,0,1,,0,US,Telecommunications,,false,
9633-XQABV,Telco-9633-XQABV,,,starter,70.25,,2023-10-17,,2024-01-15,15,12.5,0,0,,1,US,Telecommunications,,false,
0716-BQNDX,Telco-0716-BQNDX,,,enterprise,93.75,24,2019-05-11,2025-04-09,2024-01-15,15,62.5,0,2,,1,US,Telecommunications,,false,
1265-XTECC,Telco-1265-XTECC,,,growth,96.55,12,2018-06-15,2019-06-10,2023-12-16,4,62.5,0,5,,0,US,Telecommunications,,true,2024-01-15
1183-CANVH,Telco-1183-CANVH,,,growth,60.0,12,2022-02-24,2024-02-14,2024-01-15,8,37.5,0,0,,0,US,Telecommunications,,false,
1972-XMUWV,Telco-1972-XMUWV,,,enterprise,59.8,24,2018-09-13,2024-08-12,2024-01-15,8,37.5,0,2,,0,US,Telecommunications,,false,
8679-LZBMD,Telco-8679-LZBMD,,,growth,90.65,12,2020-06-04,2024-05-14,2024-01-15,15,37.5,0,3,,0,US,Telecommunications,,false,
3407-JMJQQ,Telco-3407-JMJQQ,,,enterprise,109.0,24,2018-03-17,2024-02-14,2024-01-15,15,87.5,0,5,,0,US,Telecommunications,,false,
6252-DFGTK,Telco-6252-DFGTK,,,growth,68.1,12,2020-12-31,2024-12-10,2024-01-15,8,62.5,0,1,,0,US,Telecommunications,,false,
1539-LNKHM,Telco-1539-LNKHM,,,starter,20.4,,2023-01-20,,2024-01-15,3,12.5,0,1,,0,US,Telecommunications,,false,
8645-KOMJQ,Telco-8645-KOMJQ,,,enterprise,81.95,24,2018-05-16,2024-04-14,2024-01-15,8,87.5,0,2,,0,US,Telecommunications,,false,
0289-IVARM,Telco-0289-IVARM,,,starter,60.55,,2021-03-01,,2024-01-15,8,50.0,0,2,,1,US,Telecommunications,,false,
9761-XUJWD,Telco-9761-XUJWD,,,starter,65.6,,2023-08-18,,2024-01-15,8,50.0,0,0,,0,US,Telecommunications,,false,
4057-FKCZK,Telco-4057-FKCZK,,,enterprise,82.5,24,2019-04-11,2025-03-10,2024-01-15,15,37.5,0,4,,0,US,Telecommunications,,false,
4291-TPNFG,Telco-4291-TPNFG,,,enterprise,82.3,24,2018-02-15,2026-01-04,2024-01-15,8,87.5,0,3,,0,US,Telecommunications,,false,
6087-YPWHO,Telco-6087-YPWHO,,,enterprise,68.15,24,2018-02-15,2026-01-04,2024-01-15,8,75.0,0,3,,0,US,Telecommunications,,false,
3090-QFUVD,Telco-3090-QFUVD,,,starter,20.3,,2023-12-16,,2024-01-15,3,12.5,0,0,,0,US,Telecommunications,,false,
2237-ZFSMY,Telco-2237-ZFSMY,,,growth,95.55,12,2020-11-01,2021-10-27,2023-12-16,4,62.5,0,1,,2,US,Telecommunications,,true,2024-01-15
1722-LDZJS,Telco-1722-LDZJS,,,growth,20.2,12,2019-09-08,2024-08-12,2024-01-15,3,12.5,0,4,,0,US,Telecommunications,,false,
1818-ESQMW,Telco-1818-ESQMW,,,starter,89.2,,2021-10-27,,2024-01-15,15,50.0,0,1,,1,US,Telecommunications,,false,
4871-JTKJF,Telco-4871-JTKJF,,,starter,69.65,,2023-12-16,,2023-12-16,4,12.5,0,0,,2,US,Telecommunications,,true,2024-01-15
1415-YFWLT,Telco-1415-YFWLT,,,starter,89.3,,2023-12-16,,2023-12-16,4,37.5,0,0,,2,US,Telecommunications,,true,2024-01-15
7401-RUBNK,Telco-7401-RUBNK,,,starter,74.8,,2022-07-24,,2024-01-15,15,25.0,0,1,,1,US,Telecommunications,,false,
0506-YLVKJ,Telco-0506-YLVKJ,,,enterprise,20.2,24,2020-04-05,2024-03-15,2024-01-15,3,12.5,0,3,,0,US,Telecommunications,,false,
8661-BOYNW,Telco-8661-BOYNW,,,enterprise,84.4,24,2018-02-15,2026-01-04,2024-01-15,8,87.5,0,3,,0,US,Telecommunications,,false,
6711-VTNRE,Telco-6711-VTNRE,,,starter,87.55,,2021-01-30,,2023-12-16,4,50.0,0,1,,2,US,Telecommunications,,true,2024-01-15
4815-GBTCD,Telco-4815-GBTCD,,,starter,25.15,,2023-09-17,,2024-01-15,8,0.0,0,0,,1,US,Telecommunications,,false,
2805-AUFQN,Telco-2805-AUFQN,,,enterprise,19.8,24,2021-12-26,2025-12-05,2024-01-15,3,12.5,0,2,,0,US,Telecommunications,,false,
0980-PVMRC,Telco-0980-PVMRC,,,starter,50.85,,2020-10-02,,2024-01-15,8,37.5,0,3,,1,US,Telecommunications,,false,
7233-DRTRF,Telco-7233-DRTRF,,,starter,102.4,,2018-11-12,,2024-01-15,15,75.0,0,5,,1,US,Telecommunications,,false,
3500-RMZLT,Telco-3500-RMZLT,,,starter,96.3,,2022-10-22,,2023-12-16,4,62.5,0,0,,1,US,Telecommunications,,true,2024-01-15
3873-NFTGI,Telco-3873-NFTGI,,,starter,55.5,,2022-11-21,,2024-01-15,8,37.5,0,1,,0,US,Telecommunications,,false,
1162-ECVII,Telco-1162-ECVII,,,enterprise,109.75,24,2018-02-15,2026-01-04,2024-01-15,15,87.5,0,3,,0,US,Telecommunications,,false,
7048-GXDAY,Telco-7048-GXDAY,,,starter,106.4,,2020-11-01,,2024-01-15,15,75.0,0,3,,1,US,Telecommunications,,false,
8571-ZCMCX,Telco-8571-ZCMCX,,,enterprise,60.0,24,2020-03-06,2024-02-14,2024-01-15,8,62.5,0,3,,0,US,Telecommunications,,false,
1169-WCVAK,Telco-1169-WCVAK,,,starter,88.8,,2022-06-24,,2024-01-15,15,62.5,0,0,,0,US,Telecommunications,,false,
4548-SDBKE,Telco-4548-SDBKE,,,starter,85.2,,2023-08-18,,2023-12-16,4,37.5,0,0,,2,US,Telecommunications,,true,2024-01-15
8066-POXGX,Telco-8066-POXGX,,,starter,35.1,,2022-12-21,,2023-12-16,2,12.5,0,1,,2,US,Telecommunications,,true,2024-01-15
7129-CAKJW,Telco-7129-CAKJW,,,starter,80.05,,2022-08-23,,2024-01-15,15,37.5,0,1,,0,US,Telecommunications,,false,
8695-ARGXZ,Telco-8695-ARGXZ,,,starter,75.55,,2021-03-31,,2024-01-15,15,25.0,0,2,,1,US,Telecommunications,,false,
3570-YUEKJ,Telco-3570-YUEKJ,,,starter,49.55,,2020-08-03,,2024-01-15,8,25.0,0,3,,1,US,Telecommunications,,false,
4143-OOBWZ,Telco-4143-OOBWZ,,,starter,81.3,,2023-08-18,,2023-12-16,4,37.5,0,0,,2,US,Telecommunications,,true,2024-01-15
1555-HAPSU,Telco-1555-HAPSU,,,enterprise,23.9,24,2018-03-17,2024-02-14,2024-01-15,3,25.0,0,5,,0,US,Telecommunications,,false,
1697-NVVGY,Telco-1697-NVVGY,,,starter,66.4,,2022-06-24,,2024-01-15,8,50.0,0,1,,0,US,Telecommunications,,false,
7854-EKTJL,Telco-7854-EKTJL,,,starter,19.6,,2023-11-16,,2023-12-16,1,12.5,0,0,,2,US,Telecommunications,,true,2024-01-15
8464-EETCQ,Telco-8464-EETCQ,,,enterprise,18.8,24,2019-05-11,2025-04-09,2024-01-15,3,12.5,0,4,,0,US,Telecommunications,,false,
2419-FSORS,Telco-2419-FSORS,,,enterprise,108.4,24,2018-02-15,2026-01-04,2024-01-15,15,87.5,0,3,,1,US,Telecommunications,,false,
8132-YPVBX,Telco-8132-YPVBX,,,starter,85.95,,2023-07-19,,2024-01-15,15,37.5,0,0,,0,US,Telecommunications,,false,
9102-IAYHT,Telco-9102-IAYHT,,,starter,85.45,,2022-08-23,,2023-12-16,4,37.5,0,1,,2,US,Telecommunications,,true,2024-01-15
6754-LZUKA,Telco-6754-LZUKA,,,enterprise,80.9,24,2019-01-11,2024-12-10,2024-01-15,8,75.0,0,5,,0,US,Telecommunications,,false,
3422-LYEPQ,Telco-3422-LYEPQ,,,starter,71.0,,2023-12-16,,2023-12-16,4,12.5,0,0,,2,US,Telecommunications,,true,2024-01-15
8099-MZPUJ,Telco-8099-MZPUJ,,,enterprise,111.8,24,2020-02-05,2026-01-04,2024-01-15,15,100.0,0,2,,0,US,Telecommunications,,false,
0787-LHDYT,Telco-0787-LHDYT,,,starter,20.6,,2022-09-22,,2024-01-15,3,12.5,0,1,,0,US,Telecommunications,,false,
2642-DTVCO,Telco-2642-DTVCO,,,starter,85.05,,2023-04-20,,2023-12-16,4,37.5,0,0,,2,US,Telecommunications,,true,2024-01-15
0374-IOEGQ,Telco-0374-IOEGQ,,,starter,44.6,,2023-10-17,,2024-01-15,8,12.5,0,0,,1,US,Telecommunications,,false,
4361-JEIVL,Telco-4361-JEIVL,,,starter,44.4,,2023-12-16,,2023-12-16,2,12.5,0,0,,2,US,Telecommunications,,true,2024-01-15
3197-NNYNB,Telco-3197-NNYNB,,,enterprise,105.1,24,2018-09-13,2024-08-12,2024-01-15,15,75.0,0,5,,0,US,Telecommunications,,false,
3396-DKDEL,Telco-3396-DKDEL,,,enterprise,115.15,24,2018-04-16,2024-03-15,2024-01-15,15,100.0,0,2,,0,US,Telecommunications,,false,
1752-OZXFY,Telco-1752-OZXFY,,,growth,59.8,12,2019-02-10,2025-01-09,2024-01-15,8,37.5,0,5,,0,US,Telecommunications,,false,
9066-QRSDU,Telco-9066-QRSDU,,,growth,26.3,12,2018-05-16,2024-04-14,2024-01-15,3,25.0,0,5,,1,US,Telecommunications,,false,
9112-WSNPU,Telco-9112-WSNPU,,,starter,70.55,,2021-03-01,,2024-01-15,15,12.5,0,2,,1,US,Telecommunications,,false,
9867-NNXLC,Telco-9867-NNXLC,,,starter,20.05,,2022-03-26,,2024-01-15,3,12.5,0,1,,0,US,Telecommunications,,false,
5321-NTRKC,Telco-5321-NTRKC,,,enterprise,79.85,24,2018-08-14,2024-07-13,2024-01-15,8,75.0,0,5,,0,US,Telecommunications,,false,
1363-TXLSL,Telco-1363-TXLSL,,,starter,70.3,,2023-12-16,,2023-12-16,4,12.5,0,0,,2,US,Telecommunications,,true,2024-01-15
9507-EXLTT,Telco-9507-EXLTT,,,starter,79.35,,2023-12-16,,2023-12-16,4,25.0,0,0,,0,US,Telecommunications,,true,2024-01-15
3161-GETRM,Telco-3161-GETRM,,,starter,90.05,,2021-03-31,,2024-01-15,15,50.0,0,2,,0,US,Telecommunications,,false,
0402-OAMEN,Telco-0402-OAMEN,,,enterprise,24.45,24,2018-02-15,2026-01-04,2024-01-15,3,25.0,0,6,,0,US,Telecommunications,,false,
6933-VLYFX,Telco-6933-VLYFX,,,growth,59.95,12,2021-06-29,2024-06-13,2024-01-15,8,62.5,0,1,,1,US,Telecommunications,,false,
6754-WKSHP,Telco-6754-WKSHP,,,growth,25.35,12,2021-07-29,2024-07-13,2024-01-15,3,25.0,0,2,,0,US,Telecommunications,,false,
9846-GKXAS,Telco-9846-GKXAS,,,starter,90.8,,2023-04-20,,2023-12-16,4,37.5,0,0,,0,US,Telecommunications,,true,2024-01-15
6017-PPLPX,Telco-6017-PPLPX,,,starter,70.45,,2022-05-25,,2023-12-16,4,12.5,0,1,,2,US,Telecommunications,,true,2024-01-15
4976-LNFVV,Telco-4976-LNFVV,,,starter,34.3,,2022-06-24,,2024-01-15,8,25.0,0,1,,0,US,Telecommunications,,false,
5055-MGMGF,Telco-5055-MGMGF,,,starter,105.05,,2018-09-13,,2024-01-15,15,75.0,0,5,,1,US,Telecommunications,,false,
4641-FROLU,Telco-4641-FROLU,,,enterprise,19.3,24,2021-07-29,2025-07-08,2024-01-15,3,12.5,0,2,,0,US,Telecommunications,,false,
2862-JVEOY,Telco-2862-JVEOY,,,growth,19.15,12,2023-07-19,2024-07-13,2024-01-15,3,12.5,0,0,,0,US,Telecommunications,,false,
2969-QWUBZ,Telco-2969-QWUBZ,,,starter,51.4,,2023-11-16,,2024-01-15,8,37.5,0,0,,1,US,Telecommunications,,false,
9822-BIIGN,Telco-9822-BIIGN,,,starter,71.85,,2019-09-08,,2024-01-15,8,62.5,0,2,,1,US,Telecommunications,,false,
2077-MPJQO,Telco-2077-MPJQO,,,starter,75.4,,2023-06-19,,2024-01-15,15,25.0,0,0,,1,US,Telecommunications,,false,
1534-OULXE,Telco-1534-OULXE,,,growth,49.7,12,2019-01-11,2024-12-10,2024-01-15,8,25.0,0,5,,0,US,Telecommunications,,false,
7136-RVDTZ,Telco-7136-RVDTZ,,,growth,45.25,12,2018-04-16,2019-04-11,2023-12-16,2,25.0,0,5,,2,US,Telecommunications,,true,2024-01-15
2971-SGAFL,Telco-2971-SGAFL,,,starter,78.75,,2022-12-21,,2024-01-15,8,75.0,0,1,,1,US,Telecommunications,,false,
1480-IVEVR,Telco-1480-IVEVR,,,growth,81.6,12,2021-03-01,2024-02-14,2024-01-15,15,37.5,0,2,,0,US,Telecommunications,,false,
2905-KFQUV,Telco-2905-KFQUV,,,starter,70.4,,2023-11-16,,2024-01-15,15,12.5,0,0,,0,US,Telecommunications,,false,
4581-SSPWD,Telco-4581-SSPWD,,,starter,75.8,,2023-10-17,,2023-12-16,4,25.0,0,0,,2,US,Telecommunications,,true,2024-01-15
3370-HXOPH,Telco-3370-HXOPH,,,starter,76.1,,2023-10-17,,2024-01-15,15,25.0,0,0,,1,US,Telecommunications,,false,
9391-YZEJW,Telco-9391-YZEJW,,,growth,94.0,12,2018-12-12,2024-11-10,2024-01-15,15,50.0,0,5,,0,US,Telecommunications,,false,
9958-MEKUC,Telco-9958-MEKUC,,,enterprise,103.95,24,2018-02-15,2026-01-04,2024-01-15,15,87.5,0,3,,0,US,Telecommunications,,false,
0281-CNTZX,Telco-0281-CNTZX,,,enterprise,19.95,24,2018-11-12,2024-10-11,2024-01-15,3,12.5,0,5,,0,US,Telecommunications,,false,
6927-WTFIV,Telco-6927-WTFIV,,,starter,71.3,,2022-05-25,,2023-12-16,4,12.5,0,1,,0,US,Telecommunications,,true,2024-01-15
4118-CEVPF,Telco-4118-CEVPF,,,growth,110.8,12,2021-03-01,2024-02-14,2024-01-15,15,100.0,0,1,,0,US,Telecommunications,,false,
3398-ZOUAA,Telco-3398-ZOUAA,,,starter,69.1,,2022-04-25,,2023-12-16,4,12.5,0,1,,2,US,Telecommunications,,true,2024-01-15
9114-VEPUF,Telco-9114-VEPUF,,,growth,96.1,12,2018-12-12,2024-11-10,2024-01-15,15,62.5,0,5,,1,US,Telecommunications,,false,
7876-BEUTG,Telco-7876-BEUTG,,,starter,48.8,,2022-10-22,,2024-01-15,8,25.0,0,1,,0,US,Telecommunications,,false,
2338-BQEZT,Telco-2338-BQEZT,,,starter,50.55,,2019-07-10,,2024-01-15,8,25.0,0,4,,0,US,Telecommunications,,false,
9873-MNDKV,Telco-9873-MNDKV,,,starter,44.65,,2023-02-19,,2024-01-15,8,12.5,0,0,,0,US,Telecommunications,,false,
0378-NHQXU,Telco-0378-NHQXU,,,starter,88.25,,2022-08-23,,2023-12-16,4,50.0,0,1,,2,US,Telecommunications,,true,2024-01-15
8241-JUIQO,Telco-8241-JUIQO,,,growth,19.45,12,2019-01-11,2024-12-10,2024-01-15,3,12.5,0,5,,0,US,Telecommunications,,false,
2194-IIQOF,Telco-2194-IIQOF,,,enterprise,89.3,24,2018-03-17,2024-02-14,2024-01-15,8,100.0,0,2,,0,US,Telecommunications,,false,
4512-ZUIYL,Telco-4512-ZUIYL,,,starter,70.0,,2023-11-16,,2023-12-16,4,12.5,0,0,,0,US,Telecommunications,,true,2024-01-15
9631-RXVJM,Telco-9631-RXVJM,,,enterprise,19.25,24,2021-03-01,2025-02-08,2024-01-15,3,12.5,0,2,,0,US,Telecommunications,,false,
9584-EXCDZ,Telco-9584-EXCDZ,,,starter,70.5,,2022-08-23,,2024-01-15,15,12.5,0,1,,0,US,Telecommunications,,false,
7969-AULMZ,Telco-7969-AULMZ,,,starter,97.35,,2022-04-25,,2023-12-16,4,50.0,0,1,,2,US,Telecommunications,,true,2024-01-15
5093-FEGLU,Telco-5093-FEGLU,,,enterprise,19.65,24,2020-03-06,2024-02-14,2024-01-15,3,12.5,0,3,,0,US,Telecommunications,,false,
2621-UDNLU,Telco-2621-UDNLU,,,starter,20.85,,2023-10-17,,2024-01-15,3,12.5,0,0,,0,US,Telecommunications,,false,
7526-IVLYU,Telco-7526-IVLYU,,,starter,19.65,,2023-10-17,,2024-01-15,3,12.5,0,0,,0,US,Telecommunications,,false,
2428-HYUNX,Telco-2428-HYUNX,,,enterprise,19.35,24,2020-06-04,2024-05-14,2024-01-15,3,12.5,0,3,,0,US,Telecommunications,,false,
9214-EKVXR,Telco-9214-EKVXR,,,starter,44.0,,2023-12-16,,2024-01-15,8,12.5,0,0,,0,US,Telecommunications,,false,
3410-MHHUM,Telco-3410-MHHUM,,,growth,94.4,12,2020-06-04,2024-05-14,2024-01-15,15,62.5,0,3,,1,US,Telecommunications,,false,
0568-ONFPC,Telco-0568-ONFPC,,,starter,25.9,,2023-08-18,,2023-12-16,1,25.0,0,0,,0,US,Telecommunications,,true,2024-01-15
0733-VUNUW,Telco-0733-VUNUW,,,starter,55.65,,2022-01-25,,2023-12-16,2,37.5,0,2,,0,US,Telecommunications,,true,2024-01-15
4550-EVXNY,Telco-4550-EVXNY,,,starter,69.65,,2023-12-16,,2023-12-16,4,12.5,0,0,,2,US,Telecommunications,,true,2024-01-15
2122-YWVYA,Telco-2122-YWVYA,,,starter,75.4,,2022-07-24,,2024-01-15,15,25.0,0,1,,1,US,Telecommunications,,false,
2968-SSGAA,Telco-2968-SSGAA,,,starter,100.6,,2023-03-21,,2023-12-16,4,62.5,0,0,,2,US,Telecommunications,,true,2024-01-15
2296-DKZFP,Telco-2296-DKZFP,,,enterprise,71.0,24,2018-09-13,2024-08-12,2024-01-15,8,62.5,0,5,,0,US,Telecommunications,,false,
4844-JJWUY,Telco-4844-JJWUY,,,starter,86.0,,2023-12-16,,2023-12-16,4,37.5,0,0,,2,US,Telecommunications,,true,2024-01-15
6777-TGHTM,Telco-6777-TGHTM,,,growth,106.95,12,2019-09-08,2020-09-02,2023-12-16,4,75.0,0,4,,0,US,Telecommunications,,true,2024-01-15
8909-BOLNL,Telco-8909-BOLNL,,,growth,21.2,12,2023-10-17,2024-10-11,2024-01-15,3,12.5,0,0,,0,US,Telecommunications,,false,
6603-YRDCJ,Telco-6603-YRDCJ,,,enterprise,61.05,24,2021-04-30,2025-04-09,2024-01-15,8,50.0,0,1,,0,US,Telecommunications,,false,
3538-WZPHD,Telco-3538-WZPHD,,,starter,29.6,,2023-10-17,,2023-12-16,2,12.5,0,0,,2,US,Telecommunications,,true,2024-01-15
3229-USWAR,Telco-3229-USWAR,,,growth,79.95,12,2021-03-31,2024-03-15,2024-01-15,8,75.0,0,1,,0,US,Telecommunications,,false,
2138-VFAPZ,Telco-2138-VFAPZ,,,enterprise,19.7,24,2022-11-21,2024-11-10,2024-01-15,3,12.5,0,1,,0,US,Telecommunications,,false,
6131-JLWZM,Telco-6131-JLWZM,,,starter,20.3,,2022-12-21,,2024-01-15,3,12.5,0,1,,0,US,Telecommunications,,false,
4785-QRJHC,Telco-4785-QRJHC,,,growth,59.9,12,2020-04-05,2021-03-31,2023-12-16,2,62.5,0,1,,0,US,Telecommunications,,true,2024-01-15
0269-XFESX,Telco-0269-XFESX,,,growth,24.35,12,2022-02-24,2024-02-14,2024-01-15,3,25.0,0,1,,0,US,Telecommunications,,false,
1709-EJDOX,Telco-1709-EJDOX,,,enterprise,19.75,24,2020-03-06,2024-02-14,2024-01-15,3,12.5,0,3,,0,US,Telecommunications,,false,
4316-XCSLJ,Telco-4316-XCSLJ,,,starter,50.3,,2022-08-23,,2024-01-15,8,25.0,0,1,,0,US,Telecommunications,,false,
8610-WFCJF,Telco-8610-WFCJF,,,starter,95.6,,2020-01-06,,2023-12-16,4,50.0,0,4,,2,US,Telecommunications,,true,2024-01-15
9693-XMUOB,Telco-9693-XMUOB,,,starter,50.25,,2019-03-12,,2024-01-15,8,37.5,0,4,,1,US,Telecommunications,,false,
0383-CLDDA,Telco-0383-CLDDA,,,enterprise,85.35,24,2018-05-16,2024-04-14,2024-01-15,8,87.5,0,2,,0,US,Telecommunications,,false,
4905-JEFDW,Telco-4905-JEFDW,,,growth,41.6,12,2023-02-19,2024-02-14,2023-12-16,2,25.0,0,0,,2,US,Telecommunications,,true,2024-01-15
2709-UQGNP,Telco-2709-UQGNP,,,starter,51.65,,2023-03-21,,2024-01-15,8,25.0,0,0,,0,US,Telecommunications,,false,
3549-ZTMNH,Telco-3549-ZTMNH,,,enterprise,24.0,24,2023-01-20,2025-01-09,2024-01-15,3,25.0,0,1,,0,US,Telecommunications,,false,
7881-INRLC,Telco-7881-INRLC,,,starter,100.85,,2020-05-05,,2023-12-16,4,62.5,0,3,,0,US,Telecommunications,,true,2024-01-15
8033-ATFAS,Telco-8033-ATFAS,,,starter,59.85,,2020-11-01,,2024-01-15,8,37.5,0,3,,0,US,Telecommunications,,false,
1635-NZATJ,Telco-1635-NZATJ,,,enterprise,25.45,24,2018-03-17,2024-02-14,2024-01-15,3,25.0,0,5,,0,US,Telecommunications,,false,
0562-HKHML,Telco-0562-HKHML,,,enterprise,23.9,24,2018-03-17,2024-02-14,2024-01-15,3,25.0,0,5,,0,US,Telecommunications,,false,
8277-RVRSV,Telco-8277-RVRSV,,,growth,24.15,12,2021-04-30,2024-04-14,2024-01-15,3,25.0,0,2,,0,US,Telecommunications,,false,
9943-VSZUV,Telco-9943-VSZUV,,,starter,75.7,,2018-07-15,,2024-01-15,15,25.0,0,5,,0,US,Telecommunications,,false,
0117-LFRMW,Telco-0117-LFRMW,,,starter,40.2,,2020-12-31,,2023-12-16,2,37.5,0,3,,0,US,Telecommunications,,true,2024-01-15
6172-FECYY,Telco-6172-FECYY,,,starter,84.5,,2020-01-06,,2023-12-16,4,37.5,0,4,,2,US,Telecommunications,,true,2024-01-15
7054-ENNGU,Telco-7054-ENNGU,,,starter,50.85,,2023-04-20,,2024-01-15,8,25.0,0,0,,0,US,Telecommunications,,false,
1455-HFBXA,Telco-1455-HFBXA,,,enterprise,91.6,24,2019-10-08,2025-09-06,2024-01-15,15,62.5,0,2,,0,US,Telecommunications,,false,
9402-CXWPL,Telco-9402-CXWPL,,,growth,98.9,12,2018-04-16,2024-03-15,2024-01-15,15,62.5,0,5,,1,US,Telecommunications,,false,
1628-BIZYP,Telco-1628-BIZYP,,,starter,85.0,,2023-12-16,,2024-01-15,15,37.5,0,0,,1,US,Telecommunications,,false,
1965-AKTSX,Telco-1965-AKTSX,,,starter,78.95,,2022-11-21,,2023-12-16,4,37.5,0,1,,2,US,Telecommunications,,true,2024-01-15
0082-LDZUE,Telco-0082-LDZUE,,,starter,44.3,,2023-12-16,,2024-01-15,8,12.5,0,0,,0,US,Telecommunications,,false,
4786-UKSNZ,Telco-4786-UKSNZ,,,starter,20.2,,2023-12-16,,2023-12-16,1,12.5,0,0,,1,US,Telecommunications,,true,2024-01-15
5343-SGUBI,Telco-5343-SGUBI,,,growth,80.2,12,2019-10-08,2024-09-11,2024-01-15,15,37.5,0,4,,0,US,Telecommunications,,false,
0856-NAOES,Telco-0856-NAOES,,,starter,60.9,,2023-07-19,,2024-01-15,8,37.5,0,0,,0,US,Telecommunications,,false,
1976-AZZPJ,Telco-1976-AZZPJ,,,starter,34.2,,2023-06-19,,2024-01-15,8,25.0,0,0,,0,US,Telecommunications,,false,
7248-VZQLC,Telco-7248-VZQLC,,,starter,85.2,,2020-03-06,,2023-12-16,4,50.0,0,3,,0,US,Telecommunications,,true,2024-01-15
6156-UZDLF,Telco-6156-UZDLF,,,growth,87.15,12,2021-11-26,2024-11-10,2024-01-15,15,50.0,0,1,,0,US,Telecommunications,,false,
3099-OONVS,Telco-3099-OONVS,,,starter,54.3,,2021-12-26,,2024-01-15,8,37.5,0,1,,1,US,Telecommunications,,false,
9500-WBGRP,Telco-9500-WBGRP,,,enterprise,19.1,24,2018-05-16,2024-04-14,2024-01-15,3,12.5,0,5,,0,US,Telecommunications,,false,
5183-KLYEM,Telco-5183-KLYEM,,,enterprise,112.75,24,2018-02-15,2026-01-04,2024-01-15,15,100.0,0,3,,0,US,Telecommunications,,false,
5144-PQCDZ,Telco-5144-PQCDZ,,,starter,19.95,,2023-09-17,,2024-01-15,3,12.5,0,0,,0,US,Telecommunications,,false,
8514-VZHEB,Telco-8514-VZHEB,,,enterprise,19.5,24,2019-03-12,2025-02-08,2024-01-15,3,12.5,0,4,,0,US,Telecommunications,,false,
6625-IUTTT,Telco-6625-IUTTT,,,enterprise,65.55,24,2018-07-15,2024-06-13,2024-01-15,8,50.0,0,5,,0,US,Telecommunications,,false,
9355-NPPFS,Telco-9355-NPPFS,,,starter,78.8,,2021-11-26,,2024-01-15,15,25.0,0,2,,1,US,Telecommunications,,false,
0068-FIGTF,Telco-0068-FIGTF,,,growth,78.2,12,2021-10-27,2024-10-11,2024-01-15,8,75.0,0,1,,0,US,Telecommunications,,false,
5965-GGPRW,Telco-5965-GGPRW,,,enterprise,105.25,24,2018-02-15,2026-01-04,2024-01-15,15,75.0,0,6,,0,US,Telecommunications,,false,
8035-PWSEV,Telco-8035-PWSEV,,,starter,89.25,,2023-07-19,,2024-01-15,15,50.0,0,0,,1,US,Telecommunications,,false,
2236-HILPA,Telco-2236-HILPA,,,enterprise,20.65,24,2018-12-12,2024-11-10,2024-01-15,3,12.5,0,5,,0,US,Telecommunications,,false,
1840-BIUOG,Telco-1840-BIUOG,,,growth,68.7,12,2022-05-25,2024-05-14,2024-01-15,8,62.5,0,0,,1,US,Telecommunications,,false,
1356-MKYSK,Telco-1356-MKYSK,,,starter,78.65,,2023-07-19,,2024-01-15,8,75.0,0,0,,0,US,Telecommunications,,false,
6080-LNESI,Telco-6080-LNESI,,,enterprise,24.75,24,2019-11-07,2025-10-06,2024-01-15,3,25.0,0,4,,0,US,Telecommunications,,false,
1830-IPXVJ,Telco-1830-IPXVJ,,,enterprise,19.75,24,2019-01-11,2024-12-10,2024-01-15,3,12.5,0,5,,0,US,Telecommunications,,false,
5828-DWPIL,Telco-5828-DWPIL,,,starter,89.1,,2018-12-12,,2024-01-15,15,62.5,0,5,,1,US,Telecommunications,,false,
8398-TBIYD,Telco-8398-TBIYD,,,enterprise,84.7,24,2018-02-15,2026-01-04,2024-01-15,15,50.0,0,3,,0,US,Telecommunications,,false,
0011-IGKFF,Telco-0011-IGKFF,,,starter,98.0,,2022-12-21,,2023-12-16,4,62.5,0,1,,2,US,Telecommunications,,true,2024-01-15
4192-GORJT,Telco-4192-GORJT,,,starter,94.45,,2023-08-18,,2023-12-16,4,50.0,0,0,,2,US,Telecommunications,,true,2024-01-15
6496-SLWHQ,Telco-6496-SLWHQ,,,starter,105.0,,2023-10-17,,2023-12-16,4,75.0,0,0,,2,US,Telecommunications,,true,2024-01-15
9912-GVSEQ,Telco-9912-GVSEQ,,,starter,93.85,,2021-11-26,,2023-12-16,4,62.5,0,2,,2,US,Telecommunications,,true,2024-01-15
2931-FSOHN,Telco-2931-FSOHN,,,starter,59.9,,2022-12-21,,2024-01-15,8,37.5,0,1,,1,US,Telecommunications,,false,
9418-RUKPH,Telco-9418-RUKPH,,,enterprise,19.95,24,2020-12-01,2024-11-10,2024-01-15,3,12.5,0,3,,0,US,Telecommunications,,false,
5383-MMTWC,Telco-5383-MMTWC,,,starter,84.0,,2023-05-20,,2023-12-16,4,37.5,0,0,,2,US,Telecommunications,,true,2024-01-15
9971-ZWPBF,Telco-9971-ZWPBF,,,starter,108.9,,2021-03-31,,2024-01-15,15,87.5,0,1,,1,US,Telecommunications,,false,
4712-AUQZO,Telco-4712-AUQZO,,,starter,33.6,,2022-07-24,,2024-01-15,8,25.0,0,1,,0,US,Telecommunications,,false,
9711-FJTBX,Telco-9711-FJTBX,,,growth,85.85,12,2019-06-10,2024-05-14,2024-01-15,15,50.0,0,2,,0,US,Telecommunications,,false,
2908-ZTPNF,Telco-2908-ZTPNF,,,starter,34.85,,2021-01-30,,2024-01-15,8,25.0,0,1,,0,US,Telecommunications,,false,
7240-ETPTR,Telco-7240-ETPTR,,,starter,48.75,,2023-04-20,,2023-12-16,2,37.5,0,0,,2,US,Telecommunications,,true,2024-01-15
2202-CUYXZ,Telco-2202-CUYXZ,,,starter,84.85,,2023-12-16,,2023-12-16,4,37.5,0,0,,2,US,Telecommunications,,true,2024-01-15
5995-OIGLP,Telco-5995-OIGLP,,,starter,56.65,,2023-01-20,,2023-12-16,2,37.5,0,0,,1,US,Telecommunications,,true,2024-01-15
8421-WZOOW,Telco-8421-WZOOW,,,starter,95.3,,2019-05-11,,2024-01-15,15,62.5,0,2,,0,US,Telecommunications,,false,
6261-RCVNS,Telco-6261-RCVNS,,,growth,73.9,12,2020-08-03,2021-07-29,2023-12-16,2,75.0,0,1,,0,US,Telecommunications,,true,2024-01-15
7951-QKZPL,Telco-7951-QKZPL,,,enterprise,24.5,24,2021-04-30,2023-04-20,2023-12-16,1,25.0,0,2,,1,US,Telecommunications,,true,2024-01-15
1414-YADCW,Telco-1414-YADCW,,,enterprise,84.6,24,2018-04-16,2024-03-15,2024-01-15,15,50.0,0,2,,0,US,Telecommunications,,false,
8756-RDDLT,Telco-8756-RDDLT,,,starter,44.95,,2018-06-15,,2024-01-15,8,37.5,0,2,,1,US,Telecommunications,,false,
2862-PFNIK,Telco-2862-PFNIK,,,starter,24.7,,2023-12-16,,2024-01-15,8,0.0,0,0,,1,US,Telecommunications,,false,
5816-QVHRX,Telco-5816-QVHRX,,,starter,100.3,,2020-12-31,,2024-01-15,15,62.5,0,1,,0,US,Telecommunications,,false,
4430-YHXGG,Telco-4430-YHXGG,,,starter,25.45,,2023-09-17,,2024-01-15,3,25.0,0,0,,0,US,Telecommunications,,false,
6888-SBYAI,Telco-6888-SBYAI,,,starter,50.7,,2023-12-16,,2024-01-15,8,25.0,0,0,,0,US,Telecommunications,,false,
7395-XWZOY,Telco-7395-XWZOY,,,starter,55.0,,2022-05-25,,2024-01-15,8,62.5,0,0,,0,US,Telecommunications,,false,
7169-YWAMK,Telco-7169-YWAMK,,,enterprise,68.4,24,2018-02-15,2026-01-04,2024-01-15,8,62.5,0,3,,0,US,Telecommunications,,false,
3640-PHQXK,Telco-3640-PHQXK,,,starter,89.9,,2021-06-29,,2023-12-16,4,50.0,0,2,,2,US,Telecommunications,,true,2024-01-15
6877-LGWXO,Telco-6877-LGWXO,,,starter,78.55,,2022-07-24,,2023-12-16,4,25.0,0,1,,2,US,Telecommunications,,true,2024-01-15
6859-RKMZJ,Telco-6859-RKMZJ,,,starter,55.05,,2023-02-19,,2024-01-15,8,25.0,0,0,,0,US,Telecommunications,,false,
2729-VNVAP,Telco-2729-VNVAP,,,enterprise,19.8,24,2021-04-30,2025-04-09,2024-01-15,3,12.5,0,2,,0,US,Telecommunications,,false,
2957-JIRMN,Telco-2957-JIRMN,,,growth,84.45,12,2018-12-12,2024-11-10,2024-01-15,15,37.5,0,5,,1,US,Telecommunications,,false,
2049-BAFNW,Telco-2049-BAFNW,,,starter,35.9,,2023-12-16,,2024-01-15,8,25.0,0,0,,0,US,Telecommunications,,false,
3842-QTGDL,Telco-3842-QTGDL,,,starter,80.75,,2022-09-22,,2024-01-15,15,37.5,0,1,,0,US,Telecommunications,,false,
7163-OCEQI,Telco-7163-OCEQI,,,growth,78.65,12,2022-03-26,2024-03-15,2024-01-15,8,75.0,0,0,,0,US,Telecommunications,,false,
9782-LGXMC,Telco-9782-LGXMC,,,starter,61.75,,2020-01-06,,2024-01-15,8,50.0,0,2,,0,US,Telecommunications,,false,
5975-BAICR,Telco-5975-BAICR,,,growth,63.7,12,2021-01-30,2025-01-09,2024-01-15,8,50.0,0,3,,0,US,Telecommunications,,false,
8019-ENHXU,Telco-8019-ENHXU,,,starter,99.45,,2020-08-03,,2023-12-16,4,75.0,0,1,,2,US,Telecommunications,,true,2024-01-15
5167-GBFRE,Telco-5167-GBFRE,,,starter,25.2,,2023-09-17,,2023-12-16,2,0.0,0,0,,0,US,Telecommunications,,true,2024-01-15
9033-EOXWV,Telco-9033-EOXWV,,,growth,74.05,12,2023-01-20,2024-01-15,2023-12-16,2,62.5,0,0,,1,US,Telecommunications,,true,2024-01-15
4673-KKSLS,Telco-4673-KKSLS,,,starter,87.6,,2021-06-29,,2024-01-15,15,50.0,0,1,,1,US,Telecommunications,,false,
4853-OITSN,Telco-4853-OITSN,,,starter,89.15,,2023-08-18,,2024-01-15,15,50.0,0,0,,1,US,Telecommunications,,false,
9800-OUIGR,Telco-9800-OUIGR,,,enterprise,20.0,24,2018-08-14,2024-07-13,2024-01-15,3,12.5,0,5,,0,US,Telecommunications,,false,
1324-NLTJE,Telco-1324-NLTJE,,,starter,55.0,,2022-10-22,,2023-12-16,2,37.5,0,0,,0,US,Telecommunications,,true,2024-01-15
2324-EFHVG,Telco-2324-EFHVG,,,enterprise,104.4,24,2018-10-13,2024-09-11,2024-01-15,15,75.0,0,5,,0,US,Telecommunications,,false,
7094-MSZAO,Telco-7094-MSZAO,,,starter,20.05,,2023-03-21,,2024-01-15,3,12.5,0,0,,0,US,Telecommunications,,false,
1522-VVDMG,Telco-1522-VVDMG,,,starter,89.75,,2023-06-19,,2023-12-16,4,50.0,0,0,,2,US,Telecommunications,,true,2024-01-15
6907-CQGPN,Telco-6907-CQGPN,,,starter,34.3,,2021-08-28,,2024-01-15,8,25.0,0,1,,1,US,Telecommunications,,false,
0780-XNZFN,Telco-0780-XNZFN,,,enterprise,20.65,24,2019-05-11,2025-04-09,2024-01-15,3,12.5,0,4,,0,US,Telecommunications,,false,
0239-OXEXL,Telco-0239-OXEXL,,,starter,84.25,,2020-04-05,,2024-01-15,15,50.0,0,3,,0,US,Telecommunications,,false,
2675-IJRGJ,Telco-2675-IJRGJ,,,enterprise,19.65,24,2019-09-08,2025-08-07,2024-01-15,3,12.5,0,4,,0,US,Telecommunications,,false,
7049-GKVZY,Telco-7049-GKVZY,,,growth,79.85,12,2022-08-23,2024-08-12,2024-01-15,8,75.0,0,0,,0,US,Telecommunications,,false,
8577-QSOCG,Telco-8577-QSOCG,,,enterprise,20.2,24,2020-12-01,2024-11-10,2024-01-15,3,12.5,0,3,,0,US,Telecommunications,,false,
3721-CNZHX,Telco-3721-CNZHX,,,growth,19.8,12,2022-10-22,2024-10-11,2024-01-15,3,12.5,0,1,,0,US,Telecommunications,,false,
0212-ISBBF,Telco-0212-ISBBF,,,starter,50.35,,2022-03-26,,2024-01-15,8,37.5,0,1,,1,US,Telecommunications,,false,
9185-TQCVP,Telco-9185-TQCVP,,,starter,85.15,,2022-11-21,,2023-12-16,4,37.5,0,1,,2,US,Telecommunications,,true,2024-01-15
3585-YNADK,Telco-3585-YNADK,,,growth,74.6,12,2019-05-11,2024-04-14,2024-01-15,8,75.0,0,2,,0,US,Telecommunications,,false,
5271-DBYSJ,Telco-5271-DBYSJ,,,starter,79.15,,2023-02-19,,2024-01-15,15,25.0,0,0,,0,US,Telecommunications,,false,
1099-GODLO,Telco-1099-GODLO,,,enterprise,20.35,24,2023-12-16,2025-12-05,2024-01-15,3,12.5,0,0,,0,US,Telecommunications,,false,
6828-HMKWP,Telco-6828-HMKWP,,,enterprise,21.05,24,2023-01-20,2025-01-09,2024-01-15,3,12.5,0,1,,0,US,Telecommunications,,false,
5567-WSELE,Telco-5567-WSELE,,,starter,94.6,,2023-10-17,,2023-12-16,4,50.0,0,0,,2,US,Telecommunications,,true,2024-01-15
1472-TNCWL,Telco-1472-TNCWL,,,starter,94.7,,2021-01-30,,2024-01-15,15,50.0,0,3,,1,US,Telecommunications,,false,
8063-RJYNF,Telco-8063-RJYNF,,,starter,94.25,,2022-09-22,,2023-12-16,4,50.0,0,1,,2,US,Telecommunications,,true,2024-01-15
0687-ZVTHB,Telco-0687-ZVTHB,,,growth,72.45,12,2018-09-13,2019-09-08,2023-12-16,2,75.0,0,5,,0,US,Telecommunications,,true,2024-01-15
2080-GKCWQ,Telco-2080-GKCWQ,,,starter,74.95,,2023-11-16,,2024-01-15,15,25.0,0,0,,1,US,Telecommunications,,false,
9661-ACXBS,Telco-9661-ACXBS,,,starter,105.2,,2020-08-03,,2023-12-16,4,75.0,0,3,,2,US,Telecommunications,,true,2024-01-15
2193-SFWQW,Telco-2193-SFWQW,,,enterprise,111.95,24,2018-02-15,2026-01-04,2024-01-15,15,87.5,0,3,,0,US,Telecommunications,,false,
5656-JAMLX,Telco-5656-JAMLX,,,enterprise,19.85,24,2018-12-12,2024-11-10,2024-01-15,3,12.5,0,5,,0,US,Telecommunications,,false,
3462-BJQQA,Telco-3462-BJQQA,,,starter,89.75,,2023-07-19,,2024-01-15,15,50.0,0,0,,1,US,Telecommunications,,false,
0442-TDYUO,Telco-0442-TDYUO,,,enterprise,20.05,24,2020-02-05,2026-01-04,2024-01-15,3,12.5,0,4,,0,US,Telecommunications,,false,
6733-LRIZX,Telco-6733-LRIZX,,,enterprise,108.95,24,2021-03-01,2025-02-08,2024-01-15,15,87.5,0,1,,1,US,Telecommunications,,false,
9503-XJUME,Telco-9503-XJUME,,,growth,19.65,12,2019-10-08,2024-09-11,2024-01-15,3,12.5,0,4,,0,US,Telecommunications,,false,
4367-NHWMM,Telco-4367-NHWMM,,,starter,24.9,,2023-12-16,,2024-01-15,8,0.0,0,0,,0,US,Telecommunications,,false,
3727-RJMEO,Telco-3727-RJMEO,,,starter,82.85,,2023-07-19,,2023-12-16,4,37.5,0,0,,2,US,Telecommunications,,true,2024-01-15
3779-OSWCF,Telco-3779-OSWCF,,,enterprise,93.2,24,2018-03-17,2024-02-14,2024-01-15,8,100.0,0,2,,0,US,Telecommunications,,false,
6736-DHUQI,Telco-6736-DHUQI,,,growth,84.8,12,2018-07-15,2024-06-13,2024-01-15,15,50.0,0,5,,0,US,Telecommunications,,false,
3915-ODIYG,Telco-3915-ODIYG,,,growth,71.75,12,2019-02-10,2025-01-09,2024-01-15,8,62.5,0,5,,1,US,Telecommunications,,false,
1360-RCYRT,Telco-1360-RCYRT,,,starter,30.35,,2022-02-24,,2024-01-15,8,12.5,0,0,,0,US,Telecommunications,,false,
2724-FJDYW,Telco-2724-FJDYW,,,growth,54.85,12,2020-11-01,2024-10-11,2024-01-15,8,50.0,0,1,,0,US,Telecommunications,,false,
4451-RWASJ,Telco-4451-RWASJ,,,growth,19.5,12,2022-10-22,2024-10-11,2024-01-15,3,12.5,0,1,,0,US,Telecommunications,,false,
6646-VRFOL,Telco-6646-VRFOL,,,starter,103.85,,2019-09-08,,2023-12-16,4,75.0,0,4,,2,US,Telecommunications,,true,2024-01-15
3460-TJBWI,Telco-3460-TJBWI,,,enterprise,24.2,24,2022-01-25,2026-01-04,2024-01-15,3,25.0,0,2,,0,US,Telecommunications,,false,
5917-HBSDW,Telco-5917-HBSDW,,,starter,19.35,,2020-12-31,,2024-01-15,3,12.5,0,3,,1,US,Telecommunications,,false,
5685-IIXLY,Telco-5685-IIXLY,,,starter,83.6,,2023-08-18,,2023-12-16,4,37.5,0,0,,2,US,Telecommunications,,true,2024-01-15
5671-UUNXD,Telco-5671-UUNXD,,,growth,100.65,12,2019-12-07,2024-11-10,2024-01-15,15,62.5,0,2,,1,US,Telecommunications,,false,
0956-ACVZC,Telco-0956-ACVZC,,,growth,94.1,12,2019-08-09,2024-07-13,2024-01-15,15,50.0,0,4,,0,US,Telecommunications,,false,
2325-NBPZG,Telco-2325-NBPZG,,,starter,74.55,,2023-10-17,,2024-01-15,15,25.0,0,0,,1,US,Telecommunications,,false,
4250-ZBWLV,Telco-4250-ZBWLV,,,growth,108.45,12,2018-06-15,2019-06-10,2023-12-16,4,87.5,0,2,,2,US,Telecommunications,,true,2024-01-15
4482-FTFFX,Telco-4482-FTFFX,,,starter,56.15,,2023-08-18,,2024-01-15,8,37.5,0,0,,1,US,Telecommunications,,false,
8859-DZTGQ,Telco-8859-DZTGQ,,,enterprise,20.35,24,2021-04-30,2025-04-09,2024-01-15,3,12.5,0,2,,0,US,Telecommunications,,false,
0440-MOGPM,Telco-0440-MOGPM,,,growth,80.55,12,2020-09-02,2024-08-12,2024-01-15,8,75.0,0,3,,1,US,Telecommunications,,false,
0020-JDNXP,Telco-0020-JDNXP,,,growth,61.25,12,2021-03-31,2024-03-15,2024-01-15,8,62.5,0,1,,0,US,Telecommunications,,false,
3752-CQSJI,Telco-3752-CQSJI,,,starter,20.45,,2022-12-21,,2024-01-15,3,12.5,0,1,,0,US,Telecommunications,,false,
5025-GOOKI,Telco-5025-GOOKI,,,starter,18.9,,2022-05-25,,2024-01-15,3,12.5,0,1,,0,US,Telecommunications,,false,
4698-KVLLG,Telco-4698-KVLLG,,,enterprise,19.6,24,2019-11-07,2025-10-06,2024-01-15,3,12.5,0,4,,0,US,Telecommunications,,false,
5095-AESKG,Telco-5095-AESKG,,,starter,91.5,,2023-10-17,,2023-12-16,4,50.0,0,0,,0,US,Telecommunications,,true,2024-01-15
2887-JPYLU,Telco-2887-JPYLU,,,starter,45.2,,2020-09-02,,2024-01-15,8,12.5,0,3,,0,US,Telecommunications,,false,
4770-QAZXN,Telco-4770-QAZXN,,,starter,19.45,,2022-12-21,,2024-01-15,3,12.5,0,1,,0,US,Telecommunications,,false,
4896-CPRPF,Telco-4896-CPRPF,,,enterprise,25.45,24,2021-03-01,2025-02-08,2024-01-15,3,25.0,0,2,,0,US,Telecommunications,,false,
1871-MOWRM,Telco-1871-MOWRM,,,starter,80.85,,2023-01-20,,2023-12-16,4,37.5,0,0,,0,US,Telecommunications,,true,2024-01-15
9714-EDSUC,Telco-9714-EDSUC,,,starter,94.9,,2023-09-17,,2024-01-15,15,62.5,0,0,,0,US,Telecommunications,,false,
2027-OAQQC,Telco-2027-OAQQC,,,starter,49.05,,2020-07-04,,2023-12-16,2,37.5,0,3,,0,US,Telecommunications,,true,2024-01-15
0282-NVSJS,Telco-0282-NVSJS,,,starter,29.3,,2023-01-20,,2024-01-15,8,12.5,0,0,,0,US,Telecommunications,,false,
9090-SGQXL,Telco-9090-SGQXL,,,starter,105.3,,2018-06-15,,2023-12-16,4,75.0,0,5,,2,US,Telecommunications,,true,2024-01-15
6595-YGXIT,Telco-6595-YGXIT,,,starter,88.95,,2021-12-26,,2023-12-16,4,50.0,0,2,,2,US,Telecommunications,,true,2024-01-15
7353-YOWFP,Telco-7353-YOWFP,,,growth,20.25,12,2023-06-19,2024-06-13,2024-01-15,3,12.5,0,0,,0,US,Telecommunications,,false,
9835-ZIITK,Telco-9835-ZIITK,,,growth,110.85,12,2018-08-14,2019-08-09,2023-12-16,4,87.5,0,2,,2,US,Telecommunications,,true,2024-01-15
8008-ESFLK,Telco-8008-ESFLK,,,growth,110.5,12,2019-09-08,2024-08-12,2024-01-15,15,87.5,0,2,,1,US,Telecommunications,,false,
7537-CBQUZ,Telco-7537-CBQUZ,,,starter,109.4,,2018-11-12,,2024-01-15,15,87.5,0,5,,0,US,Telecommunications,,false,
1555-DJEQW,Telco-1555-DJEQW,,,enterprise,114.2,24,2018-04-16,2020-04-05,2023-12-16,4,100.0,0,2,,0,US,Telecommunications,,true,2024-01-15
5649-TJHOV,Telco-5649-TJHOV,,,starter,36.5,,2021-10-27,,2023-12-16,2,12.5,0,2,,0,US,Telecommunications,,true,2024-01-15
0519-XUZJU,Telco-0519-XUZJU,,,starter,70.75,,2023-12-16,,2023-12-16,4,12.5,0,0,,1,US,Telecommunications,,true,2024-01-15
3363-EWLGO,Telco-3363-EWLGO,,,starter,19.95,,2023-08-18,,2024-01-15,3,12.5,0,0,,0,US,Telecommunications,,false,
4750-UKWJK,Telco-4750-UKWJK,,,growth,19.6,12,2020-12-31,2024-12-10,2024-01-15,3,12.5,0,3,,0,US,Telecommunications,,false,
6338-AVWCY,Telco-6338-AVWCY,,,starter,40.15,,2023-10-17,,2023-12-16,2,25.0,0,0,,1,US,Telecommunications,,true,2024-01-15
1689-YQBYY,Telco-1689-YQBYY,,,starter,76.6,,2023-01-20,,2024-01-15,15,25.0,0,1,,1,US,Telecommunications,,false,
4487-ZYJZK,Telco-4487-ZYJZK,,,growth,19.6,12,2020-12-01,2024-11-10,2024-01-15,3,12.5,0,3,,0,US,Telecommunications,,false,
2959-FENLU,Telco-2959-FENLU,,,starter,85.3,,2023-04-20,,2024-01-15,15,37.5,0,0,,0,US,Telecommunications,,false,
0708-LGSMF,Telco-0708-LGSMF,,,starter,65.85,,2022-12-21,,2024-01-15,8,50.0,0,1,,1,US,Telecommunications,,false,
9253-QXKBE,Telco-9253-QXKBE,,,starter,94.45,,2021-08-28,,2023-12-16,4,50.0,0,2,,2,US,Telecommunications,,true,2024-01-15
7634-HLQJR,Telco-7634-HLQJR,,,enterprise,20.05,24,2020-03-06,2024-02-14,2024-01-15,3,12.5,0,3,,0,US,Telecommunications,,false,
0487-RPVUM,Telco-0487-RPVUM,,,starter,99.4,,2019-01-11,,2024-01-15,15,75.0,0,2,,0,US,Telecommunications,,false,
4079-ULGFR,Telco-4079-ULGFR,,,starter,20.0,,2022-09-22,,2024-01-15,3,12.5,0,1,,0,US,Telecommunications,,false,
2516-XSJKX,Telco-2516-XSJKX,,,enterprise,78.45,24,2020-09-02,2024-08-12,2024-01-15,8,75.0,0,1,,1,US,Telecommunications,,false,
0057-QBUQH,Telco-0057-QBUQH,,,enterprise,25.1,24,2020-07-04,2024-06-13,2024-01-15,3,25.0,0,3,,1,US,Telecommunications,,false,
9445-SZLCH,Telco-9445-SZLCH,,,starter,97.35,,2021-01-30,,2023-12-16,4,62.5,0,3,,0,US,Telecommunications,,true,2024-01-15
6599-SFQVE,Telco-6599-SFQVE,,,starter,55.0,,2023-07-19,,2024-01-15,8,25.0,0,0,,1,US,Telecommunications,,false,
8331-ZXFOE,Telco-8331-ZXFOE,,,growth,71.1,12,2019-04-11,2024-03-15,2024-01-15,8,75.0,0,2,,0,US,Telecommunications,,false,
4003-FUSHP,Telco-4003-FUSHP,,,starter,61.55,,2022-06-24,,2024-01-15,8,37.5,0,0,,0,US,Telecommunications,,false,
0356-ERHVT,Telco-0356-ERHVT,,,starter,45.9,,2023-02-19,,2024-01-15,8,12.5,0,0,,0,US,Telecommunications,,false,
7325-ENZFI,Telco-7325-ENZFI,,,growth,40.3,12,2020-11-01,2024-10-11,2024-01-15,8,37.5,0,1,,0,US,Telecommunications,,false,
4884-ZTHVF,Telco-4884-ZTHVF,,,starter,87.1,,2023-05-20,,2024-01-15,15,37.5,0,0,,1,US,Telecommunications,,false,
3920-HIHMQ,Telco-3920-HIHMQ,,,starter,49.5,,2021-11-26,,2024-01-15,8,25.0,0,2,,0,US,Telecommunications,,false,
3055-OYMSE,Telco-3055-OYMSE,,,starter,73.8,,2019-09-08,,2024-01-15,15,25.0,0,4,,0,US,Telecommunications,,false,
0613-WUXUM,Telco-0613-WUXUM,,,enterprise,19.2,24,2018-04-16,2024-03-15,2024-01-15,3,12.5,0,5,,0,US,Telecommunications,,false,
7568-PODML,Telco-7568-PODML,,,starter,45.3,,2023-12-16,,2023-12-16,2,25.0,0,0,,1,US,Telecommunications,,true,2024-01-15
4458-KVRBJ,Telco-4458-KVRBJ,,,enterprise,25.0,24,2019-03-12,2025-02-08,2024-01-15,3,25.0,0,4,,0,US,Telecommunications,,false,
5349-IECLD,Telco-5349-IECLD,,,starter,94.95,,2023-11-16,,2023-12-16,4,50.0,0,0,,2,US,Telecommunications,,true,2024-01-15
1397-XKKWR,Telco-1397-XKKWR,,,growth,35.3,12,2023-06-19,2024-06-13,2024-01-15,8,25.0,0,0,,0,US,Telecommunications,,false,
3945-GFWQL,Telco-3945-GFWQL,,,starter,44.55,,2023-01-20,,2023-12-16,2,12.5,0,1,,2,US,Telecommunications,,true,2024-01-15
8097-OMULG,Telco-8097-OMULG,,,growth,76.75,12,2019-03-12,2024-02-14,2024-01-15,8,75.0,0,2,,0,US,Telecommunications,,false,
6013-BHCAW,Telco-6013-BHCAW,,,enterprise,81.0,24,2019-01-11,2024-12-10,2024-01-15,8,75.0,0,2,,0,US,Telecommunications,,false,
0401-WDBXM,Telco-0401-WDBXM,,,enterprise,105.55,24,2018-02-15,2026-01-04,2024-01-15,15,75.0,0,6,,0,US,Telecommunications,,false,
3387-PLKUI,Telco-3387-PLKUI,,,starter,18.8,,2022-12-21,,2024-01-15,3,12.5,0,1,,0,US,Telecommunications,,false,
6096-EGVTU,Telco-6096-EGVTU,,,growth,24.9,12,2018-10-13,2024-09-11,2024-01-15,3,25.0,0,5,,0,US,Telecommunications,,false,
3797-VTIDR,Telco-3797-VTIDR,,,starter,23.45,,2023-12-16,,2023-12-16,2,0.0,0,0,,2,US,Telecommunications,,true,2024-01-15
5081-NWSUP,Telco-5081-NWSUP,,,growth,64.9,12,2023-03-21,2024-03-15,2024-01-15,8,50.0,0,0,,0,US,Telecommunications,,false,
2580-ATZSQ,Telco-2580-ATZSQ,,,growth,61.35,12,2018-09-13,2024-08-12,2024-01-15,8,50.0,0,5,,0,US,Telecommunications,,false,
8085-MSNLK,Telco-8085-MSNLK,,,enterprise,113.95,24,2018-12-12,2024-11-10,2024-01-15,15,100.0,0,2,,0,US,Telecommunications,,false,
9691-HKOVS,Telco-9691-HKOVS,,,growth,90.15,12,2019-07-10,2024-06-13,2024-01-15,8,100.0,0,2,,1,US,Telecommunications,,false,
9881-VCZEP,Telco-9881-VCZEP,,,starter,54.1,,2021-12-26,,2024-01-15,8,37.5,0,2,,1,US,Telecommunications,,false,
9526-BIHHD,Telco-9526-BIHHD,,,starter,29.7,,2023-12-16,,2023-12-16,2,12.5,0,0,,1,US,Telecommunications,,true,2024-01-15
8757-TFHHJ,Telco-8757-TFHHJ,,,starter,49.8,,2023-12-16,,2024-01-15,8,25.0,0,0,,0,US,Telecommunications,,false,
4523-WXCEF,Telco-4523-WXCEF,,,starter,101.1,,2019-03-12,,2023-12-16,4,62.5,0,4,,2,US,Telecommunications,,true,2024-01-15
1468-DEFNC,Telco-1468-DEFNC,,,enterprise,24.4,24,2018-10-13,2024-09-11,2024-01-15,3,25.0,0,5,,0,US,Telecommunications,,false,
5119-KEPFY,Telco-5119-KEPFY,,,starter,95.0,,2021-01-30,,2024-01-15,15,50.0,0,3,,0,US,Telecommunications,,false,
8364-TRMMK,Telco-8364-TRMMK,,,starter,50.65,,2023-10-17,,2023-12-16,2,25.0,0,0,,1,US,Telecommunications,,true,2024-01-15
0916-KNFAJ,Telco-0916-KNFAJ,,,enterprise,69.9,24,2019-01-11,2024-12-10,2024-01-15,8,62.5,0,5,,0,US,Telecommunications,,false,
8319-QBEHW,Telco-8319-QBEHW,,,growth,39.95,12,2021-11-26,2024-11-10,2024-01-15,8,25.0,0,2,,0,US,Telecommunications,,false,
3063-QFSZL,Telco-3063-QFSZL,,,starter,55.4,,2023-12-16,,2023-12-16,2,25.0,0,0,,2,US,Telecommunications,,true,2024-01-15
8775-LHDJH,Telco-8775-LHDJH,,,starter,90.6,,2023-12-16,,2023-12-16,4,50.0,0,0,,2,US,Telecommunications,,true,2024-01-15
9625-QNLUX,Telco-9625-QNLUX,,,enterprise,103.25,24,2018-06-15,2024-05-14,2024-01-15,15,75.0,0,5,,0,US,Telecommunications,,false,
3097-NQYSN,Telco-3097-NQYSN,,,starter,86.85,,2023-11-16,,2023-12-16,4,37.5,0,0,,1,US,Telecommunications,,true,2024-01-15
4024-CSNBY,Telco-4024-CSNBY,,,enterprise,94.25,24,2018-02-15,2026-01-04,2024-01-15,15,75.0,0,3,,0,US,Telecommunications,,false,
7110-BDTWG,Telco-7110-BDTWG,,,enterprise,47.05,24,2018-03-17,2024-02-14,2024-01-15,8,37.5,0,2,,1,US,Telecommunications,,false,
7493-GVFIO,Telco-7493-GVFIO,,,enterprise,20.55,24,2019-05-11,2025-04-09,2024-01-15,3,12.5,0,4,,0,US,Telecommunications,,false,
0690-SRQID,Telco-0690-SRQID,,,starter,19.65,,2023-09-17,,2024-01-15,3,12.5,0,0,,0,US,Telecommunications,,false,
9605-WGJVW,Telco-9605-WGJVW,,,starter,70.2,,2023-12-16,,2024-01-15,15,12.5,0,0,,1,US,Telecommunications,,false,
9114-DPSIA,Telco-9114-DPSIA,,,enterprise,81.0,24,2018-02-15,2026-01-04,2024-01-15,8,87.5,0,3,,0,US,Telecommunications,,false,
4700-UBQMV,Telco-4700-UBQMV,,,growth,75.9,12,2022-04-25,2024-04-14,2024-01-15,8,62.5,0,1,,0,US,Telecommunications,,false,
7711-GQBZC,Telco-7711-GQBZC,,,enterprise,24.7,24,2018-03-17,2024-02-14,2024-01-15,3,25.0,0,5,,0,US,Telecommunications,,false,
3565-UNOCC,Telco-3565-UNOCC,,,starter,99.05,,2021-08-28,,2023-12-16,4,62.5,0,2,,0,US,Telecommunications,,true,2024-01-15
4627-MIHJH,Telco-4627-MIHJH,,,enterprise,110.25,24,2018-05-16,2024-04-14,2024-01-15,15,87.5,0,2,,0,US,Telecommunications,,false,
9795-NREXC,Telco-9795-NREXC,,,enterprise,85.0,24,2018-10-13,2024-09-11,2024-01-15,8,87.5,0,2,,0,US,Telecommunications,,false,
8573-CGOCC,Telco-8573-CGOCC,,,starter,19.75,,2022-09-22,,2024-01-15,3,12.5,0,1,,0,US,Telecommunications,,false,
7356-AYNJP,Telco-7356-AYNJP,,,growth,23.9,12,2023-09-17,2024-09-11,2024-01-15,3,25.0,0,0,,1,US,Telecommunications,,false,
9249-FXSCK,Telco-9249-FXSCK,,,growth,111.25,12,2019-10-08,2020-10-02,2023-12-16,4,87.5,0,2,,0,US,Telecommunications,,true,2024-01-15
5493-SDRDQ,Telco-5493-SDRDQ,,,starter,55.1,,2023-11-16,,2023-12-16,2,37.5,0,0,,1,US,Telecommunications,,true,2024-01-15
6286-SUUWT,Telco-6286-SUUWT,,,starter,19.95,,2023-12-16,,2024-01-15,3,12.5,0,0,,0,US,Telecommunications,,false,
4819-HJPIW,Telco-4819-HJPIW,,,starter,25.15,,2022-07-24,,2024-01-15,8,0.0,0,1,,0,US,Telecommunications,,false,
8654-DHAOW,Telco-8654-DHAOW,,,starter,54.15,,2023-11-16,,2024-01-15,8,37.5,0,0,,0,US,Telecommunications,,false,
5438-QMDDL,Telco-5438-QMDDL,,,starter,59.8,,2022-06-24,,2024-01-15,8,37.5,0,1,,0,US,Telecommunications,,false,
9812-GHVRI,Telco-9812-GHVRI,,,starter,83.85,,2020-10-02,,2024-01-15,15,37.5,0,3,,0,US,Telecommunications,,false,
5553-AOINX,Telco-5553-AOINX,,,growth,104.9,12,2018-08-14,2024-07-13,2024-01-15,15,75.0,0,5,,1,US,Telecommunications,,false,
1228-ZLNBX,Telco-1228-ZLNBX,,,starter,75.3,,2022-04-25,,2024-01-15,15,25.0,0,1,,0,US,Telecommunications,,false,
4226-KKDON,Telco-4226-KKDON,,,starter,66.65,,2023-05-20,,2024-01-15,8,50.0,0,0,,1,US,Telecommunications,,false,
3831-YCPUO,Telco-3831-YCPUO,,,enterprise,109.5,24,2018-02-15,2026-01-04,2024-01-15,15,87.5,0,3,,0,US,Telecommunications,,false,
7445-WMRBW,Telco-7445-WMRBW,,,growth,73.85,12,2020-02-05,2025-01-09,2024-01-15,8,75.0,0,2,,0,US,Telecommunications,,false,
3308-DGHKL,Telco-3308-DGHKL,,,enterprise,19.3,24,2018-05-16,2024-04-14,2024-01-15,3,12.5,0,5,,0,US,Telecommunications,,false,
9924-JPRMC,Telco-9924-JPRMC,,,enterprise,118.2,24,2018-02-15,2026-01-04,2024-01-15,15,100.0,0,3,,1,US,Telecommunications,,false,
0080-EMYVY,Telco-0080-EMYVY,,,growth,51.45,12,2022-11-21,2024-11-10,2024-01-15,8,25.0,0,1,,0,US,Telecommunications,,false,
6218-KNUBD,Telco-6218-KNUBD,,,starter,59.45,,2023-07-19,,2024-01-15,8,37.5,0,0,,1,US,Telecommunications,,false,
7337-CINUD,Telco-7337-CINUD,,,enterprise,19.5,24,2023-05-20,2025-05-09,2024-01-15,3,12.5,0,0,,0,US,Telecommunications,,false,
7609-NRNCA,Telco-7609-NRNCA,,,growth,19.55,12,2022-08-23,2024-08-12,2024-01-15,3,12.5,0,1,,0,US,Telecommunications,,false,
0623-EJQEG,Telco-0623-EJQEG,,,growth,93.55,12,2018-09-13,2024-08-12,2024-01-15,15,62.5,0,2,,1,US,Telecommunications,,false,
7153-CHRBV,Telco-7153-CHRBV,,,growth,59.3,12,2019-05-11,2024-04-14,2024-01-15,8,50.0,0,2,,0,US,Telecommunications,,false,
0871-URUWO,Telco-0871-URUWO,,,starter,102.25,,2022-12-21,,2023-12-16,4,62.5,0,1,,0,US,Telecommunications,,true,2024-01-15
9190-MFJLN,Telco-9190-MFJLN,,,starter,95.9,,2022-06-24,,2023-12-16,4,50.0,0,1,,0,US,Telecommunications,,true,2024-01-15
6198-PNNSZ,Telco-6198-PNNSZ,,,growth,109.8,12,2019-06-10,2024-05-14,2024-01-15,15,87.5,0,4,,0,US,Telecommunications,,false,
3317-VLGQT,Telco-3317-VLGQT,,,starter,78.1,,2022-11-21,,2024-01-15,15,25.0,0,1,,1,US,Telecommunications,,false,
4132-POCZS,Telco-4132-POCZS,,,starter,39.9,,2019-10-08,,2024-01-15,8,25.0,0,4,,1,US,Telecommunications,,false,
5614-DNZCE,Telco-5614-DNZCE,,,enterprise,64.9,24,2019-04-11,2025-03-10,2024-01-15,8,62.5,0,2,,0,US,Telecommunications,,false,
1095-JUDTC,Telco-1095-JUDTC,,,starter,95.05,,2020-03-06,,2023-12-16,4,62.5,0,1,,2,US,Telecommunications,,true,2024-01-15
3896-RCYYE,Telco-3896-RCYYE,,,starter,53.4,,2018-07-15,,2024-01-15,8,50.0,0,2,,0,US,Telecommunications,,false,
9638-JIQYA,Telco-9638-JIQYA,,,starter,24.9,,2023-11-16,,2024-01-15,8,0.0,0,0,,0,US,Telecommunications,,false,
3258-SANFR,Telco-3258-SANFR,,,starter,44.7,,2023-07-19,,2024-01-15,8,12.5,0,0,,0,US,Telecommunications,,false,
3726-TBHQT,Telco-3726-TBHQT,,,enterprise,114.0,24,2018-03-17,2024-02-14,2024-01-15,15,100.0,0,2,,0,US,Telecommunications,,false,
3190-ITQXP,Telco-3190-ITQXP,,,enterprise,20.25,24,2020-04-05,2024-03-15,2024-01-15,3,12.5,0,3,,0,US,Telecommunications,,false,
0870-VEMYL,Telco-0870-VEMYL,,,starter,53.85,,2023-08-18,,2023-12-16,2,37.5,0,0,,0,US,Telecommunications,,true,2024-01-15
4833-QTJNO,Telco-4833-QTJNO,,,starter,83.85,,2018-07-15,,2024-01-15,15,50.0,0,5,,0,US,Telecommunications,,false,
3039-MJSLN,Telco-3039-MJSLN,,,starter,20.2,,2023-10-17,,2024-01-15,3,12.5,0,0,,0,US,Telecommunications,,false,
0178-CIIKR,Telco-0178-CIIKR,,,starter,19.95,,2023-10-17,,2024-01-15,3,12.5,0,0,,0,US,Telecommunications,,false,
5385-SUIRI,Telco-5385-SUIRI,,,starter,104.2,,2019-10-08,,2023-12-16,4,75.0,0,4,,2,US,Telecommunications,,true,2024-01-15
3982-XWFZQ,Telco-3982-XWFZQ,,,starter,50.25,,2020-08-03,,2023-12-16,2,25.0,0,3,,2,US,Telecommunications,,true,2024-01-15
5774-QPLTF,Telco-5774-QPLTF,,,growth,20.35,12,2019-12-07,2024-11-10,2024-01-15,3,12.5,0,4,,0,US,Telecommunications,,false,
2322-VCZHZ,Telco-2322-VCZHZ,,,starter,90.0,,2022-02-24,,2024-01-15,15,50.0,0,1,,1,US,Telecommunications,,false,
5010-IPEAQ,Telco-5010-IPEAQ,,,enterprise,54.2,24,2018-07-15,2024-06-13,2024-01-15,8,62.5,0,2,,0,US,Telecommunications,,false,
4009-ALQFH,Telco-4009-ALQFH,,,starter,99.5,,2021-12-26,,2023-12-16,4,62.5,0,2,,2,US,Telecommunications,,true,2024-01-15
6383-ZTSIW,Telco-6383-ZTSIW,,,growth,99.1,12,2020-11-01,2024-10-11,2024-01-15,15,62.5,0,3,,0,US,Telecommunications,,false,
8990-YOZLV,Telco-8990-YOZLV,,,enterprise,66.9,24,2018-05-16,2024-04-14,2024-01-15,8,62.5,0,2,,0,US,Telecommunications,,false,
3069-SSVSN,Telco-3069-SSVSN,,,growth,25.85,12,2023-12-16,2024-12-10,2024-01-15,8,0.0,0,0,,0,US,Telecommunications,,false,
5222-IMUKT,Telco-5222-IMUKT,,,starter,91.05,,2021-05-30,,2024-01-15,15,37.5,0,2,,1,US,Telecommunications,,false,
3627-FCRDW,Telco-3627-FCRDW,,,starter,71.0,,2023-04-20,,2023-12-16,4,12.5,0,0,,2,US,Telecommunications,,true,2024-01-15
7562-GSUHK,Telco-7562-GSUHK,,,starter,93.2,,2022-09-22,,2023-12-16,4,50.0,0,1,,0,US,Telecommunications,,true,2024-01-15
6685-XSHHU,Telco-6685-XSHHU,,,enterprise,20.95,24,2019-02-10,2025-01-09,2024-01-15,3,12.5,0,5,,0,US,Telecommunications,,false,
8901-UPRHR,Telco-8901-UPRHR,,,enterprise,109.2,24,2018-02-15,2026-01-04,2024-01-15,15,87.5,0,3,,0,US,Telecommunications,,false,
4903-UYAVB,Telco-4903-UYAVB,,,starter,19.35,,2023-08-18,,2023-12-16,1,12.5,0,0,,1,US,Telecommunications,,true,2024-01-15
0118-JPNOY,Telco-0118-JPNOY,,,starter,85.8,,2021-11-26,,2024-01-15,15,37.5,0,2,,0,US,Telecommunications,,false,
6776-TLWOI,Telco-6776-TLWOI,,,starter,19.85,,2023-10-17,,2023-12-16,1,12.5,0,0,,1,US,Telecommunications,,true,2024-01-15
3845-FXCYS,Telco-3845-FXCYS,,,starter,19.65,,2023-11-16,,2024-01-15,3,12.5,0,0,,1,US,Telecommunications,,false,
5857-XRECV,Telco-5857-XRECV,,,growth,20.5,12,2023-11-16,2024-11-10,2024-01-15,3,12.5,0,0,,0,US,Telecommunications,,false,
0725-CXOTM,Telco-0725-CXOTM,,,growth,89.65,12,2021-01-30,2025-01-09,2024-01-15,8,87.5,0,1,,0,US,Telecommunications,,false,
4343-EJVQB,Telco-4343-EJVQB,,,starter,74.35,,2023-06-19,,2024-01-15,15,25.0,0,0,,0,US,Telecommunications,,false,
9000-PLFUZ,Telco-9000-PLFUZ,,,enterprise,49.45,24,2019-02-10,2025-01-09,2024-01-15,8,37.5,0,5,,0,US,Telecommunications,,false,
3427-GGZZI,Telco-3427-GGZZI,,,starter,89.1,,2022-06-24,,2024-01-15,15,50.0,0,1,,1,US,Telecommunications,,false,
7779-ORAEL,Telco-7779-ORAEL,,,enterprise,75.15,24,2020-05-05,2024-04-14,2024-01-15,8,75.0,0,1,,0,US,Telecommunications,,false,
0644-OQMDK,Telco-0644-OQMDK,,,starter,70.65,,2023-09-17,,2024-01-15,15,12.5,0,0,,1,US,Telecommunications,,false,
4077-CROMM,Telco-4077-CROMM,,,starter,104.2,,2021-06-29,,2023-12-16,4,75.0,0,1,,2,US,Telecommunications,,true,2024-01-15
3154-CFSZG,Telco-3154-CFSZG,,,starter,90.05,,2020-03-06,,2024-01-15,15,50.0,0,3,,1,US,Telecommunications,,false,
2868-MZAGQ,Telco-2868-MZAGQ,,,starter,79.25,,2023-12-16,,2023-12-16,4,25.0,0,0,,2,US,Telecommunications,,true,2024-01-15
4847-QNOKA,Telco-4847-QNOKA,,,starter,44.9,,2023-12-16,,2023-12-16,2,12.5,0,0,,0,US,Telecommunications,,true,2024-01-15
2220-IAHLS,Telco-2220-IAHLS,,,starter,19.4,,2023-12-16,,2024-01-15,3,12.5,0,0,,0,US,Telecommunications,,false,
1658-XUHBX,Telco-1658-XUHBX,,,starter,88.75,,2019-03-12,,2024-01-15,15,50.0,0,4,,0,US,Telecommunications,,false,
6379-RXJRQ,Telco-6379-RXJRQ,,,starter,70.1,,2023-03-21,,2023-12-16,4,12.5,0,0,,2,US,Telecommunications,,true,2024-01-15
2378-HTWFW,Telco-2378-HTWFW,,,starter,91.0,,2021-03-01,,2024-01-15,15,50.0,0,2,,0,US,Telecommunications,,false,
8650-RHRKE,Telco-8650-RHRKE,,,starter,29.65,,2023-09-17,,2023-12-16,2,12.5,0,0,,2,US,Telecommunications,,true,2024-01-15
4377-VDHYI,Telco-4377-VDHYI,,,growth,90.8,12,2021-05-30,2024-05-14,2024-01-15,15,50.0,0,2,,1,US,Telecommunications,,false,
0475-RIJEP,Telco-0475-RIJEP,,,starter,77.85,,2020-07-04,,2023-12-16,4,37.5,0,3,,2,US,Telecommunications,,true,2024-01-15
1260-TTRXI,Telco-1260-TTRXI,,,starter,54.3,,2023-09-17,,2023-12-16,2,25.0,0,0,,2,US,Telecommunications,,true,2024-01-15
3719-TDVQB,Telco-3719-TDVQB,,,enterprise,18.95,24,2019-08-09,2025-07-08,2024-01-15,3,12.5,0,4,,0,US,Telecommunications,,false,
6328-ZPBGN,Telco-6328-ZPBGN,,,starter,95.15,,2023-02-19,,2023-12-16,4,50.0,0,0,,0,US,Telecommunications,,true,2024-01-15
0201-MIBOL,Telco-0201-MIBOL,,,enterprise,102.4,24,2018-08-14,2024-07-13,2024-01-15,15,62.5,0,5,,0,US,Telecommunications,,false,
4937-QPZPO,Telco-4937-QPZPO,,,growth,99.9,12,2019-01-11,2024-12-10,2024-01-15,15,62.5,0,5,,1,US,Telecommunications,,false,
2925-VDZHY,Telco-2925-VDZHY,,,enterprise,88.7,24,2018-02-15,2026-01-04,2024-01-15,8,100.0,0,3,,0,US,Telecommunications,,false,
6981-TDRFT,Telco-6981-TDRFT,,,growth,54.3,12,2020-06-04,2024-05-14,2024-01-15,8,50.0,0,1,,1,US,Telecommunications,,false,
3413-CSSTH,Telco-3413-CSSTH,,,starter,55.7,,2020-09-02,,2024-01-15,8,37.5,0,3,,0,US,Telecommunications,,false,
8033-VCZGH,Telco-8033-VCZGH,,,growth,103.95,12,2019-12-07,2024-11-10,2024-01-15,15,75.0,0,4,,1,US,Telecommunications,,false,
4789-KWMXN,Telco-4789-KWMXN,,,growth,110.85,12,2020-03-06,2021-03-01,2023-12-16,4,87.5,0,1,,0,US,Telecommunications,,true,2024-01-15
0224-NIJLP,Telco-0224-NIJLP,,,enterprise,20.15,24,2023-05-20,2025-05-09,2024-01-15,3,12.5,0,0,,0,US,Telecommunications,,false,
7542-CYDDM,Telco-7542-CYDDM,,,starter,20.05,,2022-07-24,,2024-01-15,3,12.5,0,1,,0,US,Telecommunications,,false,
4718-WXBGI,Telco-4718-WXBGI,,,enterprise,91.95,24,2018-02-15,2026-01-04,2024-01-15,8,100.0,0,3,,0,US,Telecommunications,,false,
2867-UIMSS,Telco-2867-UIMSS,,,starter,80.5,,2023-12-16,,2023-12-16,4,25.0,0,0,,2,US,Telecommunications,,true,2024-01-15
8495-PRWFH,Telco-8495-PRWFH,,,starter,55.65,,2020-08-03,,2024-01-15,8,37.5,0,3,,1,US,Telecommunications,,false,
0439-IFYUN,Telco-0439-IFYUN,,,starter,74.7,,2022-07-24,,2024-01-15,15,25.0,0,1,,1,US,Telecommunications,,false,
5716-LIBJC,Telco-5716-LIBJC,,,growth,104.15,12,2022-12-21,2024-12-10,2024-01-15,15,75.0,0,1,,0,US,Telecommunications,,false,
2868-LLSKM,Telco-2868-LLSKM,,,growth,83.65,12,2018-06-15,2024-05-14,2024-01-15,15,50.0,0,2,,0,US,Telecommunications,,false,
8111-RKSPX,Telco-8111-RKSPX,,,starter,72.2,,2023-09-17,,2023-12-16,4,25.0,0,0,,0,US,Telecommunications,,true,2024-01-15
2988-QRAJY,Telco-2988-QRAJY,,,enterprise,110.05,24,2018-05-16,2024-04-14,2024-01-15,15,87.5,0,5,,0,US,Telecommunications,,false,
1585-MQSSU,Telco-1585-MQSSU,,,starter,51.5,,2022-08-23,,2023-12-16,2,25.0,0,0,,1,US,Telecommunications,,true,2024-01-15
0071-NDAFP,Telco-0071-NDAFP,,,enterprise,25.5,24,2021-12-26,2025-12-05,2024-01-15,3,25.0,0,2,,0,US,Telecommunications,,false,
2856-NNASM,Telco-2856-NNASM,,,starter,89.55,,2020-07-04,,2023-12-16,4,37.5,0,3,,1,US,Telecommunications,,true,2024-01-15
7328-ZJAJO,Telco-7328-ZJAJO,,,enterprise,19.5,24,2019-03-12,2025-02-08,2024-01-15,3,12.5,0,4,,0,US,Telecommunications,,false,
6458-CYIDZ,Telco-6458-CYIDZ,,,starter,80.7,,2023-08-18,,2024-01-15,15,37.5,0,0,,1,US,Telecommunications,,false,
8559-CIZFV,Telco-8559-CIZFV,,,growth,77.5,12,2022-04-25,2023-04-20,2023-12-16,2,75.0,0,0,,1,US,Telecommunications,,true,2024-01-15
1090-PYKCI,Telco-1090-PYKCI,,,growth,105.1,12,2018-05-16,2024-04-14,2024-01-15,15,87.5,0,2,,0,US,Telecommunications,,false,
3058-WQDRE,Telco-3058-WQDRE,,,starter,25.15,,2022-12-21,,2024-01-15,8,0.0,0,1,,0,US,Telecommunications,,false,
7547-EKNFS,Telco-7547-EKNFS,,,starter,95.25,,2020-08-03,,2023-12-16,4,62.5,0,3,,0,US,Telecommunications,,true,2024-01-15
2279-AXJJK,Telco-2279-AXJJK,,,starter,95.65,,2019-10-08,,2024-01-15,15,62.5,0,2,,0,US,Telecommunications,,false,
6769-DYBQN,Telco-6769-DYBQN,,,starter,85.0,,2020-04-05,,2023-12-16,4,37.5,0,3,,2,US,Telecommunications,,true,2024-01-15
0909-SELIE,Telco-0909-SELIE,,,enterprise,80.8,24,2019-01-11,2024-12-10,2024-01-15,8,87.5,0,2,,0,US,Telecommunications,,false,
3417-TSCIC,Telco-3417-TSCIC,,,growth,24.85,12,2021-08-28,2024-08-12,2024-01-15,8,0.0,0,2,,0,US,Telecommunications,,false,
1042-HFUCW,Telco-1042-HFUCW,,,growth,54.75,12,2021-12-26,2024-12-10,2024-01-15,8,37.5,0,1,,0,US,Telecommunications,,false,
4439-JMPMT,Telco-4439-JMPMT,,,starter,85.75,,2023-08-18,,2023-12-16,4,37.5,0,0,,2,US,Telecommunications,,true,2024-01-15
6537-OTKMY,Telco-6537-OTKMY,,,growth,50.75,12,2022-10-22,2024-10-11,2024-01-15,8,37.5,0,1,,1,US,Telecommunications,,false,
8999-EXMNO,Telco-8999-EXMNO,,,enterprise,20.15,24,2022-06-24,2024-06-13,2024-01-15,3,12.5,0,1,,0,US,Telecommunications,,false,
6725-TPKJO,Telco-6725-TPKJO,,,enterprise,20.05,24,2020-06-04,2024-05-14,2024-01-15,3,12.5,0,3,,0,US,Telecommunications,,false,
2446-BEGGB,Telco-2446-BEGGB,,,starter,98.25,,2023-07-19,,2023-12-16,4,62.5,0,0,,2,US,Telecommunications,,true,2024-01-15
7162-WPHPM,Telco-7162-WPHPM,,,enterprise,71.6,24,2019-04-11,2025-03-10,2024-01-15,8,75.0,0,2,,0,US,Telecommunications,,false,
1599-MMYRQ,Telco-1599-MMYRQ,,,growth,81.45,12,2018-12-12,2024-11-10,2024-01-15,15,37.5,0,5,,0,US,Telecommunications,,false,
8821-KVZKQ,Telco-8821-KVZKQ,,,growth,58.4,12,2018-04-16,2024-03-15,2024-01-15,8,62.5,0,2,,0,US,Telecommunications,,false,
1496-GGSUK,Telco-1496-GGSUK,,,starter,25.7,,2023-12-16,,2023-12-16,2,0.0,0,0,,1,US,Telecommunications,,true,2024-01-15
6434-TTGJP,Telco-6434-TTGJP,,,enterprise,53.7,24,2023-03-21,2025-03-10,2024-01-15,8,62.5,0,0,,0,US,Telecommunications,,false,
0042-JVWOJ,Telco-0042-JVWOJ,,,growth,19.6,12,2021-11-26,2024-11-10,2024-01-15,3,12.5,0,2,,0,US,Telecommunications,,false,
0130-SXOUN,Telco-0130-SXOUN,,,starter,89.4,,2018-08-14,,2024-01-15,15,50.0,0,5,,0,US,Telecommunications,,false,
2575-GFSOE,Telco-2575-GFSOE,,,starter,69.0,,2023-06-19,,2023-12-16,4,12.5,0,0,,2,US,Telecommunications,,true,2024-01-15
2330-PQGDQ,Telco-2330-PQGDQ,,,growth,84.2,12,2019-11-07,2024-10-11,2024-01-15,15,50.0,0,2,,0,US,Telecommunications,,false,
1452-UZOSF,Telco-1452-UZOSF,,,enterprise,106.1,24,2018-02-15,2026-01-04,2024-01-15,15,87.5,0,3,,0,US,Telecommunications,,false,
2097-YVPKN,Telco-2097-YVPKN,,,enterprise,25.75,24,2018-09-13,2024-08-12,2024-01-15,3,25.0,0,5,,0,US,Telecommunications,,false,
2842-JTCCU,Telco-2842-JTCCU,,,starter,46.05,,2023-11-16,,2023-12-16,2,12.5,0,0,,0,US,Telecommunications,,true,2024-01-15
8597-CTXVJ,Telco-8597-CTXVJ,,,growth,64.95,12,2018-04-16,2024-03-15,2024-01-15,8,62.5,0,2,,0,US,Telecommunications,,false,
6631-HMANX,Telco-6631-HMANX,,,enterprise,85.45,24,2018-02-15,2026-01-04,2024-01-15,8,87.5,0,3,,0,US,Telecommunications,,false,
9962-BFPDU,Telco-9962-BFPDU,,,starter,20.05,,2023-12-16,,2024-01-15,3,12.5,0,0,,0,US,Telecommunications,,false,
3296-SILRA,Telco-3296-SILRA,,,starter,76.4,,2023-12-16,,2023-12-16,4,25.0,0,0,,1,US,Telecommunications,,true,2024-01-15
9681-OXGVC,Telco-9681-OXGVC,,,starter,100.5,,2023-08-18,,2023-12-16,4,62.5,0,0,,2,US,Telecommunications,,true,2024-01-15
6394-HHHZM,Telco-6394-HHHZM,,,starter,20.7,,2023-10-17,,2024-01-15,3,12.5,0,0,,0,US,Telecommunications,,false,
5995-LFTLE,Telco-5995-LFTLE,,,enterprise,25.3,24,2019-04-11,2025-03-10,2024-01-15,3,25.0,0,4,,0,US,Telecommunications,,false,
5180-UCIIQ,Telco-5180-UCIIQ,,,starter,40.05,,2022-03-26,,2023-12-16,2,25.0,0,1,,1,US,Telecommunications,,true,2024-01-15
1932-UEDCX,Telco-1932-UEDCX,,,starter,100.6,,2021-04-30,,2024-01-15,15,62.5,0,2,,0,US,Telecommunications,,false,
7153-OANIO,Telco-7153-OANIO,,,starter,69.95,,2023-12-16,,2023-12-16,4,12.5,0,0,,2,US,Telecommunications,,true,2024-01-15
5188-HGMLP,Telco-5188-HGMLP,,,starter,74.0,,2019-08-09,,2024-01-15,15,25.0,0,4,,0,US,Telecommunications,,false,
0665-XHDJU,Telco-0665-XHDJU,,,enterprise,99.4,24,2018-02-15,2026-01-04,2024-01-15,15,62.5,0,6,,1,US,Telecommunications,,false,
6521-YYTYI,Telco-6521-YYTYI,,,starter,93.3,,2023-12-16,,2023-12-16,4,50.0,0,0,,2,US,Telecommunications,,true,2024-01-15
8878-HMWBV,Telco-8878-HMWBV,,,starter,49.15,,2023-10-17,,2023-12-16,2,25.0,0,0,,2,US,Telecommunications,,true,2024-01-15
8265-HKSOW,Telco-8265-HKSOW,,,enterprise,107.45,24,2018-02-15,2026-01-04,2024-01-15,15,87.5,0,3,,0,US,Telecommunications,,false,
3544-FBCAS,Telco-3544-FBCAS,,,enterprise,83.6,24,2018-02-15,2026-01-04,2024-01-15,8,87.5,0,6,,0,US,Telecommunications,,false,
5331-RGMTT,Telco-5331-RGMTT,,,starter,99.05,,2019-08-09,,2024-01-15,15,62.5,0,4,,0,US,Telecommunications,,false,
4759-PXTAN,Telco-4759-PXTAN,,,growth,80.1,12,2019-03-12,2024-02-14,2024-01-15,8,75.0,0,2,,1,US,Telecommunications,,false,
7054-DMVAS,Telco-7054-DMVAS,,,enterprise,65.3,24,2019-08-09,2025-07-08,2024-01-15,8,50.0,0,4,,0,US,Telecommunications,,false,
3428-MMGUB,Telco-3428-MMGUB,,,enterprise,89.55,24,2019-02-10,2025-01-09,2024-01-15,15,50.0,0,5,,1,US,Telecommunications,,false,
6549-BTYPG,Telco-6549-BTYPG,,,enterprise,60.8,24,2019-02-10,2025-01-09,2024-01-15,8,62.5,0,2,,0,US,Telecommunications,,false,
7823-JSOAG,Telco-7823-JSOAG,,,starter,74.5,,2023-10-17,,2024-01-15,15,25.0,0,0,,1,US,Telecommunications,,false,
3705-RHRFR,Telco-3705-RHRFR,,,enterprise,99.15,24,2018-05-16,2024-04-14,2024-01-15,15,62.5,0,5,,0,US,Telecommunications,,false,
9374-YOLBJ,Telco-9374-YOLBJ,,,starter,19.25,,2023-12-16,,2024-01-15,3,12.5,0,0,,1,US,Telecommunications,,false,
9074-KGVOX,Telco-9074-KGVOX,,,starter,39.45,,2019-12-07,,2024-01-15,8,25.0,0,4,,0,US,Telecommunications,,false,
6128-DAFVY,Telco-6128-DAFVY,,,starter,44.85,,2019-06-10,,2024-01-15,8,25.0,0,4,,0,US,Telecommunications,,false,
9933-QRGTX,Telco-9933-QRGTX,,,enterprise,97.2,24,2019-02-10,2025-01-09,2024-01-15,15,62.5,0,2,,1,US,Telecommunications,,false,
4476-OSWTN,Telco-4476-OSWTN,,,growth,110.55,12,2018-05-16,2024-04-14,2024-01-15,15,87.5,0,2,,0,US,Telecommunications,,false,
3751-KTZEL,Telco-3751-KTZEL,,,starter,35.05,,2023-12-16,,2023-12-16,2,12.5,0,0,,1,US,Telecommunications,,true,2024-01-15
1977-STDKI,Telco-1977-STDKI,,,starter,73.0,,2023-12-16,,2023-12-16,4,25.0,0,0,,2,US,Telecommunications,,true,2024-01-15
5066-GFJMM,Telco-5066-GFJMM,,,starter,19.9,,2023-10-17,,2024-01-15,3,12.5,0,0,,0,US,Telecommunications,,false,
2661-GKBTK,Telco-2661-GKBTK,,,enterprise,76.95,24,2019-02-10,2025-01-09,2024-01-15,8,62.5,0,2,,0,US,Telecommunications,,false,
0458-HEUZG,Telco-0458-HEUZG,,,enterprise,35.4,24,2022-12-21,2024-12-10,2024-01-15,8,25.0,0,0,,0,US,Telecommunications,,false,
7268-WNTCP,Telco-7268-WNTCP,,,enterprise,20.45,24,2018-12-12,2024-11-10,2024-01-15,3,12.5,0,5,,0,US,Telecommunications,,false,
0824-VWDPO,Telco-0824-VWDPO,,,growth,96.75,12,2020-05-05,2024-04-14,2024-01-15,15,62.5,0,3,,0,US,Telecommunications,,false,
8409-WQJUX,Telco-8409-WQJUX,,,growth,54.2,12,2021-12-26,2024-12-10,2024-01-15,8,50.0,0,1,,1,US,Telecommunications,,false,
2578-JQPHZ,Telco-2578-JQPHZ,,,enterprise,100.1,24,2020-06-04,2024-05-14,2024-01-15,15,62.5,0,1,,0,US,Telecommunications,,false,
3278-FSIXX,Telco-3278-FSIXX,,,starter,45.25,,2023-11-16,,2024-01-15,8,12.5,0,0,,0,US,Telecommunications,,false,
5813-UECBU,Telco-5813-UECBU,,,starter,83.85,,2021-04-30,,2023-12-16,4,50.0,0,2,,0,US,Telecommunications,,true,2024-01-15
0328-GRPMV,Telco-0328-GRPMV,,,starter,70.1,,2023-12-16,,2023-12-16,4,12.5,0,0,,2,US,Telecommunications,,true,2024-01-15
9746-UGFAC,Telco-9746-UGFAC,,,growth,20.85,12,2022-03-26,2024-03-15,2024-01-15,3,12.5,0,1,,0,US,Telecommunications,,false,
2946-KIQSP,Telco-2946-KIQSP,,,starter,33.45,,2021-03-01,,2024-01-15,8,25.0,0,1,,0,US,Telecommunications,,false,
0625-AFOHS,Telco-0625-AFOHS,,,enterprise,20.2,24,2021-08-28,2025-08-07,2024-01-15,3,12.5,0,2,,0,US,Telecommunications,,false,
6726-WEXXK,Telco-6726-WEXXK,,,growth,85.9,12,2021-10-27,2024-10-11,2024-01-15,15,50.0,0,2,,1,US,Telecommunications,,false,
4636-OLWOE,Telco-4636-OLWOE,,,growth,61.0,12,2019-08-09,2024-07-13,2024-01-15,8,50.0,0,2,,1,US,Telecommunications,,false,
4342-HENTK,Telco-4342-HENTK,,,starter,70.65,,2023-11-16,,2023-12-16,4,12.5,0,0,,2,US,Telecommunications,,true,2024-01-15
4685-ERGHK,Telco-4685-ERGHK,,,growth,86.9,12,2019-05-11,2024-04-14,2024-01-15,15,37.5,0,4,,1,US,Telecommunications,,false,
0885-HMGPY,Telco-0885-HMGPY,,,enterprise,69.4,24,2018-12-12,2024-11-10,2024-01-15,8,75.0,0,2,,0,US,Telecommunications,,false,
5003-OKNNK,Telco-5003-OKNNK,,,growth,20.35,12,2022-10-22,2024-10-11,2024-01-15,3,12.5,0,1,,0,US,Telecommunications,,false,
4195-SMMNX,Telco-4195-SMMNX,,,starter,20.35,,2023-11-16,,2023-12-16,1,12.5,0,0,,1,US,Telecommunications,,true,2024-01-15
7208-PSIHR,Telco-7208-PSIHR,,,enterprise,104.3,24,2018-04-16,2024-03-15,2024-01-15,15,75.0,0,2,,0,US,Telecommunications,,false,
4012-ZTHBR,Telco-4012-ZTHBR,,,starter,44.95,,2022-04-25,,2024-01-15,8,12.5,0,1,,1,US,Telecommunications,,false,
0489-WMEMG,Telco-0489-WMEMG,,,growth,49.45,12,2022-02-24,2024-02-14,2024-01-15,8,25.0,0,0,,1,US,Telecommunications,,false,
7435-ZNUYY,Telco-7435-ZNUYY,,,growth,20.6,12,2023-07-19,2024-07-13,2024-01-15,3,12.5,0,0,,0,US,Telecommunications,,false,
1354-YZFNB,Telco-1354-YZFNB,,,enterprise,19.55,24,2023-09-17,2025-09-06,2024-01-15,3,12.5,0,0,,0,US,Telecommunications,,false,
6956-SMUCM,Telco-6956-SMUCM,,,starter,99.0,,2023-10-17,,2023-12-16,4,62.5,0,0,,0,US,Telecommunications,,true,2024-01-15
2985-FMWYF,Telco-2985-FMWYF,,,starter,93.5,,2022-02-24,,2024-01-15,15,50.0,0,1,,1,US,Telecommunications,,false,
2812-ENYMO,Telco-2812-ENYMO,,,growth,54.55,12,2021-11-26,2024-11-10,2024-01-15,8,50.0,0,1,,0,US,Telecommunications,,false,
2717-HVIZY,Telco-2717-HVIZY,,,starter,20.05,,2023-05-20,,2024-01-15,3,12.5,0,0,,0,US,Telecommunications,,false,
3223-WZWJM,Telco-3223-WZWJM,,,starter,83.95,,2021-11-26,,2023-12-16,4,37.5,0,2,,2,US,Telecommunications,,true,2024-01-15
3422-GALYP,Telco-3422-GALYP,,,starter,79.45,,2023-11-16,,2024-01-15,15,37.5,0,0,,1,US,Telecommunications,,false,
9053-JZFKV,Telco-9053-JZFKV,,,enterprise,116.2,24,2018-07-15,2020-07-04,2023-12-16,4,100.0,0,2,,0,US,Telecommunications,,true,2024-01-15
2530-ENDWQ,Telco-2530-ENDWQ,,,enterprise,93.7,24,2018-03-17,2020-03-06,2023-12-16,4,50.0,0,5,,0,US,Telecommunications,,true,2024-01-15
2890-WFBHU,Telco-2890-WFBHU,,,growth,79.85,12,2019-03-12,2024-02-14,2024-01-15,8,87.5,0,2,,0,US,Telecommunications,,false,
0327-WFZSY,Telco-0327-WFZSY,,,growth,100.0,12,2020-11-01,2024-10-11,2024-01-15,15,62.5,0,3,,1,US,Telecommunications,,false,
7977-HXJKU,Telco-7977-HXJKU,,,enterprise,19.6,24,2022-04-25,2024-04-14,2024-01-15,3,12.5,0,1,,0,US,Telecommunications,,false,
6615-ZGEDR,Telco-6615-ZGEDR,,,starter,19.7,,2023-12-16,,2023-12-16,1,12.5,0,0,,1,US,Telecommunications,,true,2024-01-15
7033-CLAMM,Telco-7033-CLAMM,,,enterprise,20.2,24,2020-02-05,2026-01-04,2024-01-15,3,12.5,0,4,,0,US,Telecommunications,,false,
4023-RTIQM,Telco-4023-RTIQM,,,growth,50.4,12,2021-06-29,2024-06-13,2024-01-15,8,50.0,0,2,,0,US,Telecommunications,,false,
0864-FVJNJ,Telco-0864-FVJNJ,,,growth,113.35,12,2018-10-13,2024-09-11,2024-01-15,15,100.0,0,2,,1,US,Telecommunications,,false,
7356-IWLFW,Telco-7356-IWLFW,,,starter,80.0,,2020-04-05,,2024-01-15,15,37.5,0,3,,0,US,Telecommunications,,false,
9541-PWTWO,Telco-9541-PWTWO,,,enterprise,80.95,24,2019-10-08,2025-09-06,2024-01-15,8,75.0,0,2,,0,US,Telecommunications,,false,
3967-VQOGC,Telco-3967-VQOGC,,,enterprise,24.9,24,2018-07-15,2024-06-13,2024-01-15,3,25.0,0,5,,0,US,Telecommunications,,false,
7872-RDDLZ,Telco-7872-RDDLZ,,,starter,54.9,,2018-07-15,,2024-01-15,8,37.5,0,5,,1,US,Telecommunications,,false,
9250-WYPLL,Telco-9250-WYPLL,,,starter,75.55,,2023-08-18,,2023-12-16,4,25.0,0,0,,2,US,Telecommunications,,true,2024-01-15
6308-CQRBU,Telco-6308-CQRBU,,,enterprise,109.25,24,2018-03-17,2024-02-14,2024-01-15,15,87.5,0,2,,1,US,Telecommunications,,false,
2754-XBHTB,Telco-2754-XBHTB,,,starter,77.65,,2023-04-20,,2023-12-16,4,25.0,0,0,,0,US,Telecommunications,,true,2024-01-15
1597-LHYNC,Telco-1597-LHYNC,,,starter,95.0,,2021-11-26,,2023-12-16,4,62.5,0,2,,2,US,Telecommunications,,true,2024-01-15
0186-CAERR,Telco-0186-CAERR,,,growth,116.3,12,2018-03-17,2024-02-14,2024-01-15,15,100.0,0,2,,0,US,Telecommunications,,false,
3043-SUDUA,Telco-3043-SUDUA,,,starter,19.9,,2021-05-30,,2024-01-15,3,12.5,0,2,,0,US,Telecommunications,,false,
5442-BHQNG,Telco-5442-BHQNG,,,starter,70.35,,2023-11-16,,2024-01-15,15,12.5,0,0,,1,US,Telecommunications,,false,
2169-RRLFW,Telco-2169-RRLFW,,,enterprise,25.6,24,2018-03-17,2024-02-14,2024-01-15,3,25.0,0,5,,0,US,Telecommunications,,false,
5872-OEQNH,Telco-5872-OEQNH,,,growth,44.45,12,2019-02-10,2025-01-09,2024-01-15,8,37.5,0,5,,1,US,Telecommunications,,false,
3162-KKZXO,Telco-3162-KKZXO,,,growth,100.15,12,2019-07-10,2024-06-13,2024-01-15,15,62.5,0,4,,1,US,Telecommunications,,false,
7055-VKGDA,Telco-7055-VKGDA,,,growth,105.4,12,2019-08-09,2020-08-03,2023-12-16,4,75.0,0,2,,0,US,Telecommunications,,true,2024-01-15
0754-UKWQP,Telco-0754-UKWQP,,,starter,95.85,,2023-11-16,,2023-12-16,4,50.0,0,0,,2,US,Telecommunications,,true,2024-01-15
8873-GLDMH,Telco-8873-GLDMH,,,starter,73.85,,2023-07-19,,2024-01-15,15,25.0,0,0,,0,US,Telecommunications,,false,
5696-JVVQY,Telco-5696-JVVQY,,,enterprise,70.1,24,2020-02-05,2026-01-04,2024-01-15,8,62.5,0,4,,0,US,Telecommunications,,false,
8946-BFWSG,Telco-8946-BFWSG,,,enterprise,25.25,24,2018-11-12,2024-10-11,2024-01-15,3,25.0,0,5,,0,US,Telecommunications,,false,
7493-TPUWZ,Telco-7493-TPUWZ,,,starter,79.15,,2023-12-16,,2023-12-16,4,37.5,0,0,,2,US,Telecommunications,,true,2024-01-15
0547-HURJB,Telco-0547-HURJB,,,starter,21.05,,2023-01-20,,2024-01-15,3,12.5,0,1,,0,US,Telecommunications,,false,
8904-OPDCK,Telco-8904-OPDCK,,,starter,24.95,,2019-08-09,,2024-01-15,8,0.0,0,4,,0,US,Telecommunications,,false,
8845-LWKGE,Telco-8845-LWKGE,,,growth,64.5,12,2021-07-29,2024-07-13,2024-01-15,8,50.0,0,1,,1,US,Telecommunications,,false,
1577-HKTFG,Telco-1577-HKTFG,,,starter,19.65,,2021-07-29,,2023-12-16,1,12.5,0,2,,0,US,Telecommunications,,true,2024-01-15
8752-STIVR,Telco-8752-STIVR,,,starter,79.0,,2023-09-17,,2023-12-16,4,25.0,0,0,,2,US,Telecommunications,,true,2024-01-15
0691-NIKRI,Telco-0691-NIKRI,,,growth,105.95,12,2020-10-02,2024-09-11,2024-01-15,15,75.0,0,1,,0,US,Telecommunications,,false,
5022-JNQEQ,Telco-5022-JNQEQ,,,starter,75.85,,2023-04-20,,2024-01-15,15,25.0,0,0,,1,US,Telecommunications,,false,
4558-FANTW,Telco-4558-FANTW,,,starter,91.85,,2022-08-23,,2023-12-16,4,50.0,0,0,,2,US,Telecommunications,,true,2024-01-15
3249-VHRIP,Telco-3249-VHRIP,,,enterprise,43.6,24,2018-12-12,2024-11-10,2024-01-15,8,37.5,0,5,,0,US,Telecommunications,,false,
3736-BLEPA,Telco-3736-BLEPA,,,growth,91.25,12,2021-09-27,2024-09-11,2024-01-15,15,50.0,0,1,,0,US,Telecommunications,,false,
4701-LKOZD,Telco-4701-LKOZD,,,enterprise,89.75,24,2018-04-16,2024-03-15,2024-01-15,8,100.0,0,2,,0,US,Telecommunications,,false,
6603-QWSPR,Telco-6603-QWSPR,,,enterprise,104.4,24,2020-04-05,2024-03-15,2024-01-15,15,75.0,0,1,,0,US,Telecommunications,,false,
9921-QFQUL,Telco-9921-QFQUL,,,starter,90.15,,2022-02-24,,2024-01-15,15,50.0,0,1,,0,US,Telecommunications,,false,
1929-ZCBHE,Telco-1929-ZCBHE,,,growth,40.3,12,2020-03-06,2024-02-14,2024-01-15,8,37.5,0,1,,1,US,Telecommunications,,false,
4378-MYPGO,Telco-4378-MYPGO,,,enterprise,105.25,24,2018-06-15,2024-05-14,2024-01-15,15,75.0,0,5,,0,US,Telecommunications,,false,
8651-ENBZX,Telco-8651-ENBZX,,,growth,106.0,12,2019-02-10,2020-02-05,2023-12-16,4,75.0,0,2,,2,US,Telecommunications,,true,2024-01-15
4129-LYCOI,Telco-4129-LYCOI,,,enterprise,104.0,24,2018-07-15,2024-06-13,2024-01-15,15,75.0,0,2,,1,US,Telecommunications,,false,
7798-JVXYM,Telco-7798-JVXYM,,,starter,69.65,,2022-11-21,,2024-01-15,8,50.0,0,0,,1,US,Telecommunications,,false,
8647-SDTWQ,Telco-8647-SDTWQ,,,starter,74.3,,2019-05-11,,2024-01-15,15,25.0,0,4,,1,US,Telecommunications,,false,
2696-ECXKC,Telco-2696-ECXKC,,,growth,100.9,12,2019-07-10,2024-06-13,2024-01-15,15,62.5,0,4,,0,US,Telecommunications,,false,
2081-KJSQF,Telco-2081-KJSQF,,,starter,20.25,,2023-12-16,,2024-01-15,3,12.5,0,0,,0,US,Telecommunications,,false,
7623-TRNQN,Telco-7623-TRNQN,,,starter,49.9,,2023-12-16,,2023-12-16,2,25.0,0,0,,1,US,Telecommunications,,true,2024-01-15
3323-CPBWR,Telco-3323-CPBWR,,,starter,96.9,,2022-02-24,,2024-01-15,15,62.5,0,0,,0,US,Telecommunications,,false,
9330-IJWIO,Telco-9330-IJWIO,,,starter,100.35,,2022-12-21,,2023-12-16,4,62.5,0,1,,2,US,Telecommunications,,true,2024-01-15
3384-CTMSF,Telco-3384-CTMSF,,,starter,104.1,,2020-03-06,,2024-01-15,15,75.0,0,3,,1,US,Telecommunications,,false,
0902-RFHOF,Telco-0902-RFHOF,,,growth,20.1,12,2020-12-01,2024-11-10,2024-01-15,3,12.5,0,3,,0,US,Telecommunications,,false,
9286-DOJGF,Telco-9286-DOJGF,,,starter,74.95,,2020-12-01,,2023-12-16,4,25.0,0,3,,0,US,Telecommunications,,true,2024-01-15
6048-QBXKL,Telco-6048-QBXKL,,,starter,56.55,,2023-11-16,,2024-01-15,8,37.5,0,0,,0,US,Telecommunications,,false,
9661-MHUMO,Telco-9661-MHUMO,,,starter,49.25,,2023-12-16,,2023-12-16,2,25.0,0,0,,0,US,Telecommunications,,true,2024-01-15
7718-RXDGG,Telco-7718-RXDGG,,,starter,68.6,,2022-10-22,,2024-01-15,15,12.5,0,1,,0,US,Telecommunications,,false,
1025-FALIX,Telco-1025-FALIX,,,starter,69.05,,2021-11-26,,2024-01-15,15,12.5,0,2,,0,US,Telecommunications,,false,
3451-VAWLI,Telco-3451-VAWLI,,,enterprise,19.7,24,2021-03-01,2025-02-08,2024-01-15,3,12.5,0,2,,0,US,Telecommunications,,false,
3407-QGWLG,Telco-3407-QGWLG,,,starter,20.05,,2023-10-17,,2024-01-15,3,12.5,0,0,,0,US,Telecommunications,,false,
1842-EZJMK,Telco-1842-EZJMK,,,starter,103.7,,2019-12-07,,2023-12-16,4,75.0,0,2,,2,US,Telecommunications,,true,2024-01-15
2347-WKKAE,Telco-2347-WKKAE,,,starter,94.4,,2020-08-03,,2024-01-15,15,62.5,0,3,,1,US,Telecommunications,,false,
8735-DCXNF,Telco-8735-DCXNF,,,starter,54.95,,2023-03-21,,2024-01-15,8,37.5,0,0,,0,US,Telecommunications,,false,
3214-IYUUQ,Telco-3214-IYUUQ,,,growth,93.7,12,2019-01-11,2024-12-10,2024-01-15,15,62.5,0,2,,0,US,Telecommunications,,false,
1936-UAFEH,Telco-1936-UAFEH,,,enterprise,110.25,24,2018-06-15,2024-05-14,2024-01-15,15,87.5,0,2,,0,US,Telecommunications,,false,
3587-PMCOY,Telco-3587-PMCOY,,,growth,98.9,12,2023-03-21,2024-03-15,2024-01-15,15,62.5,0,0,,1,US,Telecommunications,,false,
8079-XRJRS,Telco-8079-XRJRS,,,growth,89.75,12,2018-09-13,2019-09-08,2023-12-16,4,62.5,0,5,,2,US,Telecommunications,,true,2024-01-15
1027-LKKQQ,Telco-1027-LKKQQ,,,enterprise,80.45,24,2018-02-15,2026-01-04,2024-01-15,8,75.0,0,3,,0,US,Telecommunications,,false,
7148-XZPHA,Telco-7148-XZPHA,,,starter,79.4,,2019-07-10,,2024-01-15,15,37.5,0,2,,1,US,Telecommunications,,false,
8073-IJDCM,Telco-8073-IJDCM,,,starter,20.3,,2023-12-16,,2023-12-16,1,12.5,0,0,,1,US,Telecommunications,,true,2024-01-15
5309-TAIKL,Telco-5309-TAIKL,,,starter,62.8,,2023-06-19,,2024-01-15,8,50.0,0,0,,0,US,Telecommunications,,false,
6856-RAURS,Telco-6856-RAURS,,,starter,74.9,,2023-11-16,,2024-01-15,15,25.0,0,0,,0,US,Telecommunications,,false,
8778-LMWTJ,Telco-8778-LMWTJ,,,starter,74.85,,2023-04-20,,2024-01-15,15,25.0,0,0,,1,US,Telecommunications,,false,
9717-IOAAF,Telco-9717-IOAAF,,,enterprise,25.85,24,2021-10-27,2025-10-06,2024-01-15,3,25.0,0,2,,0,US,Telecommunications,,false,
8884-ADFVN,Telco-8884-ADFVN,,,starter,101.95,,2023-06-19,,2023-12-16,4,62.5,0,0,,2,US,Telecommunications,,true,2024-01-15
2845-KDHVX,Telco-2845-KDHVX,,,enterprise,68.3,24,2018-10-13,2024-09-11,2024-01-15,8,62.5,0,2,,0,US,Telecommunications,,false,
0848-SOMKO,Telco-0848-SOMKO,,,enterprise,48.4,24,2018-04-16,2024-03-15,2024-01-15,8,50.0,0,2,,0,US,Telecommunications,,false,
2720-WGKHP,Telco-2720-WGKHP,,,starter,94.0,,2023-11-16,,2023-12-16,4,50.0,0,0,,2,US,Telecommunications,,true,2024-01-15
6734-FQAJX,Telco-6734-FQAJX,,,enterprise,105.05,24,2018-07-15,2024-06-13,2024-01-15,15,75.0,0,2,,1,US,Telecommunications,,false,
2869-ADAWR,Telco-2869-ADAWR,,,starter,89.3,,2020-05-05,,2023-12-16,4,50.0,0,3,,0,US,Telecommunications,,true,2024-01-15
1535-VTJOQ,Telco-1535-VTJOQ,,,enterprise,25.15,24,2022-01-25,2026-01-04,2024-01-15,3,25.0,0,2,,0,US,Telecommunications,,false,
6368-TZZDT,Telco-6368-TZZDT,,,enterprise,19.5,24,2023-09-17,2025-09-06,2024-01-15,3,12.5,0,0,,0,US,Telecommunications,,false,
0943-ZQPXH,Telco-0943-ZQPXH,,,starter,92.95,,2020-06-04,,2024-01-15,15,50.0,0,3,,0,US,Telecommunications,,false,
1293-BSEUN,Telco-1293-BSEUN,,,enterprise,20.7,24,2018-02-15,2026-01-04,2024-01-15,3,12.5,0,6,,0,US,Telecommunications,,false,
9894-EZEWG,Telco-9894-EZEWG,,,starter,74.3,,2023-12-16,,2023-12-16,4,25.0,0,0,,0,US,Telecommunications,,true,2024-01-15
1302-TPUBN,Telco-1302-TPUBN,,,enterprise,19.35,24,2018-08-14,2024-07-13,2024-01-15,3,12.5,0,5,,0,US,Telecommunications,,false,
7851-FLGGQ,Telco-7851-FLGGQ,,,starter,44.65,,2023-12-16,,2023-12-16,2,37.5,0,0,,1,US,Telecommunications,,true,2024-01-15
0637-UBJRP,Telco-0637-UBJRP,,,starter,84.05,,2022-12-21,,2023-12-16,4,37.5,0,1,,2,US,Telecommunications,,true,2024-01-15
0940-OUQEC,Telco-0940-OUQEC,,,starter,80.7,,2023-03-21,,2023-12-16,4,37.5,0,0,,0,US,Telecommunications,,true,2024-01-15
2378-VTKDH,Telco-2378-VTKDH,,,starter,104.35,,2018-09-13,,2024-01-15,15,75.0,0,5,,1,US,Telecommunications,,false,
0927-CNGRH,Telco-0927-CNGRH,,,starter,19.55,,2023-12-16,,2024-01-15,3,12.5,0,0,,0,US,Telecommunications,,false,
8608-OZTLB,Telco-8608-OZTLB,,,growth,74.05,12,2020-12-01,2024-11-10,2024-01-15,8,75.0,0,1,,1,US,Telecommunications,,false,
2335-GSODA,Telco-2335-GSODA,,,enterprise,40.1,24,2022-02-24,2024-02-14,2024-01-15,8,37.5,0,0,,0,US,Telecommunications,,false,
1952-DVVSW,Telco-1952-DVVSW,,,growth,20.1,12,2023-03-21,2024-03-15,2024-01-15,3,12.5,0,0,,0,US,Telecommunications,,false,
0702-PGIBZ,Telco-0702-PGIBZ,,,starter,101.7,,2023-09-17,,2023-12-16,4,62.5,0,0,,2,US,Telecommunications,,true,2024-01-15
6656-GULJQ,Telco-6656-GULJQ,,,enterprise,83.55,24,2018-02-15,2026-01-04,2024-01-15,8,87.5,0,3,,0,US,Telecommunications,,false,
9853-JFZDU,Telco-9853-JFZDU,,,starter,56.85,,2021-03-01,,2024-01-15,8,37.5,0,1,,1,US,Telecommunications,,false,
1963-VAUKV,Telco-1963-VAUKV,,,starter,20.4,,2023-12-16,,2023-12-16,1,12.5,0,0,,1,US,Telecommunications,,true,2024-01-15
3777-XROBG,Telco-3777-XROBG,,,enterprise,19.55,24,2019-04-11,2025-03-10,2024-01-15,3,12.5,0,4,,0,US,Telecommunications,,false,
6994-FGRHH,Telco-6994-FGRHH,,,growth,106.15,12,2018-04-16,2024-03-15,2024-01-15,15,75.0,0,2,,1,US,Telecommunications,,false,
4000-VGMQP,Telco-4000-VGMQP,,,growth,78.95,12,2020-12-01,2024-11-10,2024-01-15,8,75.0,0,3,,0,US,Telecommunications,,false,
3999-WRNGR,Telco-3999-WRNGR,,,starter,49.75,,2019-02-10,,2024-01-15,8,37.5,0,5,,1,US,Telecommunications,,false,
3466-RITXD,Telco-3466-RITXD,,,starter,92.4,,2021-11-26,,2024-01-15,15,62.5,0,2,,0,US,Telecommunications,,false,
2680-XKKNJ,Telco-2680-XKKNJ,,,growth,58.2,12,2023-05-20,2024-05-14,2024-01-15,8,50.0,0,0,,0,US,Telecommunications,,false,
3058-HJCUY,Telco-3058-HJCUY,,,growth,102.6,12,2020-09-02,2021-08-28,2023-12-16,4,75.0,0,1,,2,US,Telecommunications,,true,2024-01-15
2974-GGUXS,Telco-2974-GGUXS,,,starter,91.95,,2021-01-30,,2024-01-15,15,50.0,0,3,,0,US,Telecommunications,,false,
7994-XIRTR,Telco-7994-XIRTR,,,growth,65.25,12,2019-08-09,2024-07-13,2024-01-15,8,50.0,0,2,,0,US,Telecommunications,,false,
3259-FDWOY,Telco-3259-FDWOY,,,enterprise,106.0,24,2018-03-17,2020-03-06,2023-12-16,4,75.0,0,5,,0,US,Telecommunications,,true,2024-01-15
2101-RANCD,Telco-2101-RANCD,,,starter,73.1,,2019-07-10,,2024-01-15,15,25.0,0,4,,1,US,Telecommunications,,false,
7921-BEPCI,Telco-7921-BEPCI,,,enterprise,59.75,24,2018-02-15,2026-01-04,2024-01-15,8,50.0,0,6,,0,US,Telecommunications,,false,
0807-ZABDG,Telco-0807-ZABDG,,,starter,55.1,,2023-10-17,,2023-12-16,2,37.5,0,0,,1,US,Telecommunications,,true,2024-01-15
8510-TMWYB,Telco-8510-TMWYB,,,enterprise,59.8,24,2019-08-09,2025-07-08,2024-01-15,8,50.0,0,4,,0,US,Telecommunications,,false,
3258-ZKPAI,Telco-3258-ZKPAI,,,enterprise,116.6,24,2018-02-15,2026-01-04,2024-01-15,15,100.0,0,3,,0,US,Telecommunications,,false,
1428-IEDPR,Telco-1428-IEDPR,,,enterprise,109.3,24,2019-10-08,2025-09-06,2024-01-15,15,87.5,0,2,,1,US,Telecommunications,,false,
5298-GSTLM,Telco-5298-GSTLM,,,growth,101.4,12,2019-02-10,2025-01-09,2024-01-15,15,62.5,0,5,,0,US,Telecommunications,,false,
4450-YOOHP,Telco-4450-YOOHP,,,starter,50.65,,2020-11-01,,2024-01-15,8,37.5,0,3,,0,US,Telecommunications,,false,
6728-CZFEI,Telco-6728-CZFEI,,,growth,56.15,12,2022-10-22,2024-10-11,2024-01-15,8,25.0,0,1,,0,US,Telecommunications,,false,
5748-RNCJT,Telco-5748-RNCJT,,,enterprise,106.5,24,2018-05-16,2020-05-05,2023-12-16,4,75.0,0,2,,0,US,Telecommunications,,true,2024-01-15
3653-NCRDJ,Telco-3653-NCRDJ,,,growth,19.2,12,2020-07-04,2024-06-13,2024-01-15,3,12.5,0,3,,0,US,Telecommunications,,false,
6121-TNHBO,Telco-6121-TNHBO,,,growth,83.0,12,2018-11-12,2024-10-11,2024-01-15,8,87.5,0,2,,0,US,Telecommunications,,false,
5119-NZPTV,Telco-5119-NZPTV,,,starter,70.1,,2023-11-16,,2024-01-15,15,12.5,0,0,,1,US,Telecommunications,,false,
6519-ZHPXP,Telco-6519-ZHPXP,,,enterprise,108.3,24,2018-02-15,2026-01-04,2024-01-15,15,87.5,0,3,,0,US,Telecommunications,,false,
7739-LAXOG,Telco-7739-LAXOG,,,starter,91.05,,2021-05-30,,2023-12-16,4,50.0,0,2,,0,US,Telecommunications,,true,2024-01-15
3472-QPRCH,Telco-3472-QPRCH,,,enterprise,25.25,24,2020-10-02,2024-09-11,2024-01-15,3,25.0,0,3,,0,US,Telecommunications,,false,
8224-UAXBZ,Telco-8224-UAXBZ,,,growth,45.35,12,2019-04-11,2024-03-15,2024-01-15,8,37.5,0,4,,1,US,Telecommunications,,false,
9610-WCESF,Telco-9610-WCESF,,,enterprise,43.9,24,2018-07-15,2024-06-13,2024-01-15,8,37.5,0,2,,1,US,Telecommunications,,false,
9776-CLUJA,Telco-9776-CLUJA,,,starter,77.5,,2019-11-07,,2023-12-16,4,37.5,0,4,,2,US,Telecommunications,,true,2024-01-15
2486-WYVVE,Telco-2486-WYVVE,,,growth,79.3,12,2021-06-29,2024-06-13,2024-01-15,8,75.0,0,1,,0,US,Telecommunications,,false,
3865-ZYKAD,Telco-3865-ZYKAD,,,starter,84.9,,2018-05-16,,2024-01-15,15,50.0,0,5,,0,US,Telecommunications,,false,
1422-DGUBX,Telco-1422-DGUBX,,,growth,79.25,12,2021-05-30,2024-05-14,2024-01-15,15,37.5,0,1,,1,US,Telecommunications,,false,
2999-AANRQ,Telco-2999-AANRQ,,,enterprise,71.05,24,2022-04-25,2024-04-14,2024-01-15,8,62.5,0,0,,0,US,Telecommunications,,false,
8668-KNZTI,Telco-8668-KNZTI,,,growth,53.75,12,2019-10-08,2024-09-11,2024-01-15,8,37.5,0,4,,1,US,Telecommunications,,false,
0480-KYJVA,Telco-0480-KYJVA,,,enterprise,24.25,24,2018-02-15,2026-01-04,2024-01-15,3,25.0,0,6,,0,US,Telecommunications,,false,
6034-ZRYCV,Telco-6034-ZRYCV,,,enterprise,54.2,24,2018-02-15,2020-02-05,2023-12-16,2,50.0,0,6,,2,US,Telecommunications,,true,2024-01-15
9746-YKGXB,Telco-9746-YKGXB,,,growth,44.25,12,2019-10-08,2024-09-11,2024-01-15,8,37.5,0,4,,0,US,Telecommunications,,false,
3926-YZVVX,Telco-3926-YZVVX,,,growth,50.05,12,2020-09-02,2024-08-12,2024-01-15,8,25.0,0,1,,0,US,Telecommunications,,false,
6000-UKLWI,Telco-6000-UKLWI,,,enterprise,20.15,24,2020-09-02,2024-08-12,2024-01-15,3,12.5,0,3,,0,US,Telecommunications,,false,
2079-FBMZK,Telco-2079-FBMZK,,,starter,69.25,,2023-07-19,,2023-12-16,4,12.5,0,0,,1,US,Telecommunications,,true,2024-01-15
6332-FBZRI,Telco-6332-FBZRI,,,growth,69.35,12,2018-07-15,2024-06-13,2024-01-15,8,75.0,0,2,,0,US,Telecommunications,,false,
2096-XOTMO,Telco-2096-XOTMO,,,starter,19.35,,2022-09-22,,2024-01-15,3,12.5,0,1,,0,US,Telecommunications,,false,
3266-FTKHB,Telco-3266-FTKHB,,,enterprise,19.15,24,2022-08-23,2024-08-12,2024-01-15,3,12.5,0,1,,0,US,Telecommunications,,false,
8221-EQDGL,Telco-8221-EQDGL,,,starter,61.0,,2021-03-01,,2024-01-15,8,50.0,0,2,,0,US,Telecommunications,,false,
2346-LOCWC,Telco-2346-LOCWC,,,enterprise,20.5,24,2019-04-11,2025-03-10,2024-01-15,3,12.5,0,4,,0,US,Telecommunications,,false,
6608-QQLVK,Telco-6608-QQLVK,,,starter,50.5,,2023-12-16,,2023-12-16,2,25.0,0,0,,2,US,Telecommunications,,true,2024-01-15
0298-XACET,Telco-0298-XACET,,,enterprise,50.2,24,2019-10-08,2025-09-06,2024-01-15,8,50.0,0,2,,0,US,Telecommunications,,false,
7560-QJAVJ,Telco-7560-QJAVJ,,,enterprise,79.6,24,2018-04-16,2024-03-15,2024-01-15,8,75.0,0,2,,0,US,Telecommunications,,false,
2995-YWTCD,Telco-2995-YWTCD,,,enterprise,24.9,24,2022-06-24,2024-06-13,2024-01-15,3,25.0,0,1,,0,US,Telecommunications,,false,
3551-HUAZH,Telco-3551-HUAZH,,,starter,74.4,,2023-12-16,,2023-12-16,4,25.0,0,0,,2,US,Telecommunications,,true,2024-01-15
9137-UIYPG,Telco-9137-UIYPG,,,starter,106.9,,2021-03-01,,2024-01-15,15,75.0,0,1,,1,US,Telecommunications,,false,
2809-ZMYOQ,Telco-2809-ZMYOQ,,,starter,101.35,,2021-05-30,,2024-01-15,15,62.5,0,2,,1,US,Telecommunications,,false,
5084-OOVCJ,Telco-5084-OOVCJ,,,starter,55.35,,2022-08-23,,2024-01-15,8,37.5,0,0,,0,US,Telecommunications,,false,
0254-WWRKD,Telco-0254-WWRKD,,,growth,50.55,12,2018-07-15,2024-06-13,2024-01-15,8,25.0,0,5,,0,US,Telecommunications,,false,
7727-SHVZV,Telco-7727-SHVZV,,,starter,19.5,,2023-04-20,,2024-01-15,3,12.5,0,0,,0,US,Telecommunications,,false,
6302-JGYRJ,Telco-6302-JGYRJ,,,growth,79.45,12,2021-06-29,2022-06-24,2023-12-16,2,75.0,0,1,,1,US,Telecommunications,,true,2024-01-15
5339-PXDVH,Telco-5339-PXDVH,,,starter,90.65,,2023-09-17,,2024-01-15,15,50.0,0,0,,1,US,Telecommunications,,false,
2205-LPVGL,Telco-2205-LPVGL,,,growth,89.85,12,2019-04-11,2024-03-15,2024-01-15,15,62.5,0,2,,0,US,Telecommunications,,false,
8782-NUUOL,Telco-8782-NUUOL,,,growth,79.0,12,2019-02-10,2025-01-09,2024-01-15,8,75.0,0,2,,0,US,Telecommunications,,false,
3685-YLCMQ,Telco-3685-YLCMQ,,,growth,104.65,12,2019-04-11,2020-04-05,2023-12-16,4,75.0,0,2,,2,US,Telecommunications,,true,2024-01-15
7601-WFVZV,Telco-7601-WFVZV,,,starter,19.55,,2023-12-16,,2024-01-15,3,12.5,0,0,,0,US,Telecommunications,,false,
4609-KNNWG,Telco-4609-KNNWG,,,enterprise,19.9,24,2021-10-27,2025-10-06,2024-01-15,3,12.5,0,2,,0,US,Telecommunications,,false,
4868-AADLV,Telco-4868-AADLV,,,growth,116.25,12,2018-08-14,2024-07-13,2024-01-15,15,100.0,0,2,,1,US,Telecommunications,,false,
9529-OFXHY,Telco-9529-OFXHY,,,starter,87.75,,2022-10-22,,2024-01-15,15,50.0,0,1,,0,US,Telecommunications,,false,
8634-MPHTR,Telco-8634-MPHTR,,,starter,100.05,,2020-03-06,,2023-12-16,4,62.5,0,3,,2,US,Telecommunications,,true,2024-01-15
2669-QVCRG,Telco-2669-QVCRG,,,starter,81.3,,2020-09-02,,2024-01-15,15,37.5,0,3,,0,US,Telecommunications,,false,
2478-EEWWM,Telco-2478-EEWWM,,,starter,44.3,,2019-03-12,,2024-01-15,8,25.0,0,4,,1,US,Telecommunications,,false,
9174-IHETN,Telco-9174-IHETN,,,enterprise,70.35,24,2019-12-07,2025-11-05,2024-01-15,15,12.5,0,4,,0,US,Telecommunications,,false,
2233-TXSIU,Telco-2233-TXSIU,,,growth,44.45,12,2022-08-23,2024-08-12,2024-01-15,8,37.5,0,1,,0,US,Telecommunications,,false,
9644-UMGQA,Telco-9644-UMGQA,,,starter,49.15,,2023-07-19,,2024-01-15,8,25.0,0,0,,1,US,Telecommunications,,false,
3256-EZDBI,Telco-3256-EZDBI,,,starter,29.45,,2019-11-07,,2024-01-15,8,12.5,0,4,,0,US,Telecommunications,,false,
8761-NSOBC,Telco-8761-NSOBC,,,starter,100.55,,2020-06-04,,2023-12-16,4,62.5,0,1,,2,US,Telecommunications,,true,2024-01-15
0419-YAAPX,Telco-0419-YAAPX,,,starter,85.3,,2020-01-06,,2024-01-15,15,37.5,0,4,,0,US,Telecommunications,,false,
8413-VONUO,Telco-8413-VONUO,,,starter,95.65,,2023-11-16,,2023-12-16,4,50.0,0,0,,2,US,Telecommunications,,true,2024-01-15
0872-CASZJ,Telco-0872-CASZJ,,,growth,69.1,12,2019-03-12,2024-02-14,2024-01-15,8,62.5,0,2,,0,US,Telecommunications,,false,
4726-DLWQN,Telco-4726-DLWQN,,,starter,70.35,,2019-12-07,,2024-01-15,8,62.5,0,4,,0,US,Telecommunications,,false,
8164-OCKUJ,Telco-8164-OCKUJ,,,enterprise,20.6,24,2019-03-12,2025-02-08,2024-01-15,3,12.5,0,4,,0,US,Telecommunications,,false,
3094-JOJAI,Telco-3094-JOJAI,,,starter,74.15,,2022-07-24,,2024-01-15,15,25.0,0,1,,0,US,Telecommunications,,false,
9494-MRNYX,Telco-9494-MRNYX,,,starter,75.05,,2023-03-21,,2024-01-15,15,25.0,0,0,,1,US,Telecommunications,,false,
2599-CZABP,Telco-2599-CZABP,,,growth,44.6,12,2022-11-21,2024-11-10,2024-01-15,8,12.5,0,1,,1,US,Telecommunications,,false,
7945-PRBVF,Telco-7945-PRBVF,,,enterprise,21.45,24,2021-03-01,2025-02-08,2024-01-15,3,12.5,0,2,,0,US,Telecommunications,,false,
4544-RXFMG,Telco-4544-RXFMG,,,growth,43.45,12,2023-05-20,2024-05-14,2024-01-15,8,12.5,0,0,,0,US,Telecommunications,,false,
0859-YGKFW,Telco-0859-YGKFW,,,growth,20.05,12,2022-07-24,2024-07-13,2024-01-15,3,12.5,0,1,,0,US,Telecommunications,,false,
1150-FTQGN,Telco-1150-FTQGN,,,growth,94.15,12,2019-02-10,2025-01-09,2024-01-15,15,62.5,0,5,,0,US,Telecommunications,,false,
9223-UCPVT,Telco-9223-UCPVT,,,starter,94.4,,2023-12-16,,2023-12-16,4,50.0,0,0,,2,US,Telecommunications,,true,2024-01-15
7196-LIWRH,Telco-7196-LIWRH,,,enterprise,19.55,24,2023-07-19,2025-07-08,2024-01-15,3,12.5,0,0,,0,US,Telecommunications,,false,
5448-VWNAM,Telco-5448-VWNAM,,,starter,75.9,,2022-06-24,,2024-01-15,8,75.0,0,0,,0,US,Telecommunications,,false,
1177-XZBJL,Telco-1177-XZBJL,,,growth,64.15,12,2019-09-08,2024-08-12,2024-01-15,8,62.5,0,2,,0,US,Telecommunications,,false,
3518-FSTWG,Telco-3518-FSTWG,,,enterprise,109.55,24,2018-02-15,2026-01-04,2024-01-15,15,87.5,0,6,,0,US,Telecommunications,,false,
9330-VOFSZ,Telco-9330-VOFSZ,,,enterprise,110.8,24,2019-02-10,2025-01-09,2024-01-15,15,87.5,0,2,,0,US,Telecommunications,,false,
4351-QLCSU,Telco-4351-QLCSU,,,starter,55.0,,2023-12-16,,2023-12-16,2,25.0,0,0,,0,US,Telecommunications,,true,2024-01-15
0939-EREMR,Telco-0939-EREMR,,,starter,53.45,,2022-12-21,,2024-01-15,8,37.5,0,0,,0,US,Telecommunications,,false,
9389-ACWBI,Telco-9389-ACWBI,,,starter,69.95,,2023-08-18,,2024-01-15,15,12.5,0,0,,0,US,Telecommunications,,false,
5419-JPRRN,Telco-5419-JPRRN,,,starter,101.45,,2023-12-16,,2023-12-16,4,62.5,0,0,,2,US,Telecommunications,,true,2024-01-15
3644-QXEHN,Telco-3644-QXEHN,,,starter,97.0,,2022-12-21,,2024-01-15,15,50.0,0,1,,1,US,Telecommunications,,false,
2911-IJORQ,Telco-2911-IJORQ,,,growth,90.6,12,2020-12-31,2024-12-10,2024-01-15,8,100.0,0,1,,0,US,Telecommunications,,false,
5921-NGYRH,Telco-5921-NGYRH,,,starter,73.55,,2018-10-13,,2024-01-15,15,25.0,0,5,,0,US,Telecommunications,,false,
2100-BDNSN,Telco-2100-BDNSN,,,starter,67.95,,2023-08-18,,2023-12-16,2,62.5,0,0,,0,US,Telecommunications,,true,2024-01-15
5998-DZLYR,Telco-5998-DZLYR,,,enterprise,94.35,24,2019-01-11,2024-12-10,2024-01-15,15,62.5,0,2,,0,US,Telecommunications,,false,
0488-GSLFR,Telco-0488-GSLFR,,,starter,69.5,,2023-12-16,,2023-12-16,4,12.5,0,0,,2,US,Telecommunications,,true,2024-01-15
9318-NKNFC,Telco-9318-NKNFC,,,starter,18.85,,2023-12-16,,2023-12-16,1,12.5,0,0,,1,US,Telecommunications,,true,2024-01-15
3985-HOYPM,Telco-3985-HOYPM,,,growth,19.4,12,2021-11-26,2024-11-10,2024-01-15,3,12.5,0,2,,0,US,Telecommunications,,false,
9728-FTTVZ,Telco-9728-FTTVZ,,,starter,69.2,,2023-12-16,,2023-12-16,4,12.5,0,0,,2,US,Telecommunications,,true,2024-01-15
9548-LERKT,Telco-9548-LERKT,,,enterprise,19.75,24,2022-01-25,2026-01-04,2024-01-15,3,12.5,0,2,,0,US,Telecommunications,,false,
6576-FBXOJ,Telco-6576-FBXOJ,,,growth,54.6,12,2022-08-23,2024-08-12,2024-01-15,8,50.0,0,0,,1,US,Telecommunications,,false,
4310-KEDTB,Telco-4310-KEDTB,,,starter,29.8,,2021-11-26,,2024-01-15,8,12.5,0,2,,0,US,Telecommunications,,false,
7254-IQWOZ,Telco-7254-IQWOZ,,,starter,69.65,,2023-12-16,,2023-12-16,4,12.5,0,0,,2,US,Telecommunications,,true,2024-01-15
2474-BRUCM,Telco-2474-BRUCM,,,starter,101.85,,2020-10-02,,2023-12-16,4,62.5,0,3,,2,US,Telecommunications,,true,2024-01-15
4062-HBMOS,Telco-4062-HBMOS,,,starter,103.05,,2019-10-08,,2024-01-15,15,75.0,0,4,,1,US,Telecommunications,,false,
0742-NXBGR,Telco-0742-NXBGR,,,starter,82.3,,2023-12-16,,2023-12-16,4,37.5,0,0,,2,US,Telecommunications,,true,2024-01-15
2676-ISHSF,Telco-2676-ISHSF,,,starter,20.3,,2023-12-16,,2024-01-15,3,12.5,0,0,,0,US,Telecommunications,,false,
9236-NDUCW,Telco-9236-NDUCW,,,enterprise,35.1,24,2022-04-25,2024-04-14,2024-01-15,8,25.0,0,0,,0,US,Telecommunications,,false,
4753-PADAS,Telco-4753-PADAS,,,growth,105.7,12,2018-07-15,2024-06-13,2024-01-15,15,75.0,0,5,,0,US,Telecommunications,,false,
6103-QCKFX,Telco-6103-QCKFX,,,starter,56.25,,2020-06-04,,2024-01-15,8,37.5,0,1,,0,US,Telecommunications,,false,
7781-EWARA,Telco-7781-EWARA,,,growth,60.35,12,2018-04-16,2024-03-15,2024-01-15,8,62.5,0,2,,1,US,Telecommunications,,false,
6110-OHIHY,Telco-6110-OHIHY,,,starter,79.25,,2023-10-17,,2023-12-16,4,25.0,0,0,,2,US,Telecommunications,,true,2024-01-15
7018-FPXHH,Telco-7018-FPXHH,,,enterprise,59.8,24,2019-06-10,2025-05-09,2024-01-15,8,50.0,0,4,,0,US,Telecommunications,,false,
5889-LFOLL,Telco-5889-LFOLL,,,starter,84.6,,2022-12-21,,2023-12-16,4,37.5,0,1,,2,US,Telecommunications,,true,2024-01-15
5708-EVONK,Telco-5708-EVONK,,,starter,93.4,,2019-04-11,,2023-12-16,4,62.5,0,4,,0,US,Telecommunications,,true,2024-01-15
8708-XPXHZ,Telco-8708-XPXHZ,,,starter,94.2,,2020-08-03,,2023-12-16,4,50.0,0,3,,2,US,Telecommunications,,true,2024-01-15
0616-ATFGB,Telco-0616-ATFGB,,,starter,25.05,,2023-12-16,,2023-12-16,2,0.0,0,0,,2,US,Telecommunications,,true,2024-01-15
0572-ZJKLT,Telco-0572-ZJKLT,,,enterprise,99.65,24,2020-04-05,2024-03-15,2024-01-15,15,75.0,0,1,,0,US,Telecommunications,,false,
5135-RDDQL,Telco-5135-RDDQL,,,enterprise,50.65,24,2018-11-12,2024-10-11,2024-01-15,8,25.0,0,5,,0,US,Telecommunications,,false,
1353-LJWEM,Telco-1353-LJWEM,,,starter,60.9,,2023-02-19,,2024-01-15,8,50.0,0,0,,1,US,Telecommunications,,false,
1794-SWWKL,Telco-1794-SWWKL,,,starter,59.65,,2022-10-22,,2024-01-15,8,50.0,0,0,,0,US,Telecommunications,,false,
6166-YIPFO,Telco-6166-YIPFO,,,enterprise,64.7,24,2018-02-15,2026-01-04,2024-01-15,8,75.0,0,3,,1,US,Telecommunications,,false,
7016-BPGEU,Telco-7016-BPGEU,,,starter,25.1,,2021-08-28,,2023-12-16,2,0.0,0,2,,0,US,Telecommunications,,true,2024-01-15
6876-ADESB,Telco-6876-ADESB,,,starter,48.95,,2023-12-16,,2023-12-16,2,25.0,0,0,,2,US,Telecommunications,,true,2024-01-15
9332-GYWLO,Telco-9332-GYWLO,,,starter,54.85,,2023-07-19,,2024-01-15,8,25.0,0,0,,1,US,Telecommunications,,false,
1963-SVUCV,Telco-1963-SVUCV,,,starter,45.3,,2023-12-16,,2023-12-16,2,12.5,0,0,,2,US,Telecommunications,,true,2024-01-15
4184-VODJZ,Telco-4184-VODJZ,,,growth,91.35,12,2018-11-12,2024-10-11,2024-01-15,15,50.0,0,5,,1,US,Telecommunications,,false,
0220-EBGCE,Telco-0220-EBGCE,,,starter,85.85,,2023-11-16,,2023-12-16,4,37.5,0,0,,2,US,Telecommunications,,true,2024-01-15
1092-WPIVQ,Telco-1092-WPIVQ,,,enterprise,25.1,24,2022-07-24,2024-07-13,2024-01-15,3,25.0,0,1,,0,US,Telecommunications,,false,
7233-IOQNP,Telco-7233-IOQNP,,,starter,34.0,,2020-07-04,,2024-01-15,8,25.0,0,1,,0,US,Telecommunications,,false,
2834-JKOOW,Telco-2834-JKOOW,,,growth,45.9,12,2022-10-22,2024-10-11,2024-01-15,8,50.0,0,0,,0,US,Telecommunications,,false,
2754-VDLTR,Telco-2754-VDLTR,,,starter,95.2,,2023-03-21,,2023-12-16,4,50.0,0,0,,2,US,Telecommunications,,true,2024-01-15
2400-FEQME,Telco-2400-FEQME,,,enterprise,20.5,24,2019-07-10,2025-06-08,2024-01-15,3,12.5,0,4,,0,US,Telecommunications,,false,
3190-XFANI,Telco-3190-XFANI,,,growth,100.6,12,2020-01-06,2020-12-31,2023-12-16,4,62.5,0,2,,0,US,Telecommunications,,true,2024-01-15
7551-DACSP,Telco-7551-DACSP,,,starter,55.3,,2023-07-19,,2023-12-16,2,37.5,0,0,,1,US,Telecommunications,,true,2024-01-15
4957-SREEC,Telco-4957-SREEC,,,enterprise,20.35,24,2018-04-16,2024-03-15,2024-01-15,3,12.5,0,5,,0,US,Telecommunications,,false,
7235-NXZCP,Telco-7235-NXZCP,,,starter,74.85,,2023-11-16,,2023-12-16,4,25.0,0,0,,1,US,Telecommunications,,true,2024-01-15
0230-UBYPQ,Telco-0230-UBYPQ,,,growth,36.1,12,2018-11-12,2024-10-11,2024-01-15,8,25.0,0,2,,0,US,Telecommunications,,false,
4923-ADWXJ,Telco-4923-ADWXJ,,,starter,65.8,,2021-12-26,,2024-01-15,8,50.0,0,1,,0,US,Telecommunications,,false,
1763-KUAAW,Telco-1763-KUAAW,,,growth,20.35,12,2022-07-24,2024-07-13,2024-01-15,3,12.5,0,1,,0,US,Telecommunications,,false,
1104-TNLZA,Telco-1104-TNLZA,,,starter,105.8,,2021-09-27,,2024-01-15,15,75.0,0,1,,1,US,Telecommunications,,false,
5195-KPUNQ,Telco-5195-KPUNQ,,,growth,96.75,12,2019-09-08,2024-08-12,2024-01-15,15,62.5,0,2,,0,US,Telecommunications,,false,
0520-FDVVT,Telco-0520-FDVVT,,,growth,102.35,12,2021-03-01,2022-02-24,2023-12-16,4,62.5,0,2,,0,US,Telecommunications,,true,2024-01-15
3439-GVUSX,Telco-3439-GVUSX,,,starter,24.4,,2023-12-16,,2024-01-15,8,0.0,0,0,,0,US,Telecommunications,,false,
1444-VVSGW,Telco-1444-VVSGW,,,growth,115.65,12,2018-04-16,2019-04-11,2023-12-16,4,100.0,0,2,,0,US,Telecommunications,,true,2024-01-15
5712-PTIWW,Telco-5712-PTIWW,,,starter,79.85,,2023-11-16,,2023-12-16,4,37.5,0,0,,2,US,Telecommunications,,true,2024-01-15
5949-HGVJL,Telco-5949-HGVJL,,,starter,73.05,,2021-11-26,,2024-01-15,8,62.5,0,1,,1,US,Telecommunications,,false,
5203-XEHAX,Telco-5203-XEHAX,,,growth,64.35,12,2021-03-31,2024-03-15,2024-01-15,8,50.0,0,2,,1,US,Telecommunications,,false,
1635-HDGFT,Telco-1635-HDGFT,,,enterprise,20.5,24,2022-06-24,2024-06-13,2024-01-15,3,12.5,0,1,,0,US,Telecommunications,,false,
3315-TOTBP,Telco-3315-TOTBP,,,starter,76.0,,2022-10-22,,2023-12-16,4,25.0,0,1,,1,US,Telecommunications,,true,2024-01-15
8050-XGRVL,Telco-8050-XGRVL,,,growth,54.75,12,2018-12-12,2024-11-10,2024-01-15,8,37.5,0,5,,0,US,Telecommunications,,false,
6661-HBGWL,Telco-6661-HBGWL,,,starter,104.75,,2020-08-03,,2023-12-16,4,75.0,0,3,,0,US,Telecommunications,,true,2024-01-15
1518-VOWAV,Telco-1518-VOWAV,,,starter,74.65,,2023-04-20,,2023-12-16,2,62.5,0,0,,2,US,Telecommunications,,true,2024-01-15
9828-QHFBK,Telco-9828-QHFBK,,,starter,51.15,,2022-01-25,,2024-01-15,8,25.0,0,2,,1,US,Telecommunications,,false,
3908-MKIMJ,Telco-3908-MKIMJ,,,enterprise,41.95,24,2018-06-15,2024-05-14,2024-01-15,8,37.5,0,5,,1,US,Telecommunications,,false,
5012-YSPJJ,Telco-5012-YSPJJ,,,starter,54.35,,2021-06-29,,2024-01-15,8,37.5,0,1,,0,US,Telecommunications,,false,
5909-ECHUI,Telco-5909-ECHUI,,,starter,56.25,,2023-12-16,,2023-12-16,2,25.0,0,0,,2,US,Telecommunications,,true,2024-01-15
1309-BXVOQ,Telco-1309-BXVOQ,,,starter,106.1,,2022-04-25,,2023-12-16,4,75.0,0,0,,2,US,Telecommunications,,true,2024-01-15
6728-VOIFY,Telco-6728-VOIFY,,,growth,96.0,12,2018-11-12,2024-10-11,2024-01-15,15,50.0,0,5,,1,US,Telecommunications,,false,
9317-WZPGV,Telco-9317-WZPGV,,,starter,79.75,,2023-11-16,,2023-12-16,4,25.0,0,0,,0,US,Telecommunications,,true,2024-01-15
4891-NLUBA,Telco-4891-NLUBA,,,enterprise,61.45,24,2019-01-11,2024-12-10,2024-01-15,8,62.5,0,2,,0,US,Telecommunications,,false,
2856-HYAPG,Telco-2856-HYAPG,,,starter,68.65,,2023-12-16,,2023-12-16,4,12.5,0,0,,2,US,Telecommunications,,true,2024-01-15
8969-PRHFK,Telco-8969-PRHFK,,,growth,19.65,12,2022-07-24,2024-07-13,2024-01-15,3,12.5,0,1,,0,US,Telecommunications,,false,
0661-KQHNK,Telco-0661-KQHNK,,,growth,19.0,12,2023-07-19,2024-07-13,2024-01-15,3,12.5,0,0,,0,US,Telecommunications,,false,
8709-KRDVL,Telco-8709-KRDVL,,,starter,100.0,,2021-04-30,,2024-01-15,15,62.5,0,2,,1,US,Telecommunications,,false,
4488-PSYCG,Telco-4488-PSYCG,,,starter,20.25,,2022-09-22,,2023-12-16,1,12.5,0,1,,0,US,Telecommunications,,true,2024-01-15
1427-VERSM,Telco-1427-VERSM,,,starter,98.7,,2019-06-10,,2024-01-15,15,62.5,0,2,,1,US,Telecommunications,,false,
9801-NOSHQ,Telco-9801-NOSHQ,,,growth,19.8,12,2022-02-24,2024-02-14,2024-01-15,3,12.5,0,1,,0,US,Telecommunications,,false,
6339-YPSAH,Telco-6339-YPSAH,,,starter,73.8,,2023-04-20,,2024-01-15,15,25.0,0,0,,1,US,Telecommunications,,false,
3621-CEOVK,Telco-3621-CEOVK,,,starter,100.2,,2022-11-21,,2023-12-16,4,62.5,0,1,,2,US,Telecommunications,,true,2024-01-15
6906-ANDWJ,Telco-6906-ANDWJ,,,starter,74.9,,2022-10-22,,2023-12-16,4,25.0,0,1,,0,US,Telecommunications,,true,2024-01-15
2159-TURXX,Telco-2159-TURXX,,,starter,20.05,,2023-08-18,,2024-01-15,3,12.5,0,0,,0,US,Telecommunications,,false,
1548-FEHVL,Telco-1548-FEHVL,,,starter,106.2,,2019-01-11,,2024-01-15,15,75.0,0,5,,1,US,Telecommunications,,false,
3795-CAWEX,Telco-3795-CAWEX,,,enterprise,116.55,24,2018-04-16,2024-03-15,2024-01-15,15,100.0,0,2,,0,US,Telecommunications,,false,
6215-NQCPY,Telco-6215-NQCPY,,,starter,99.7,,2022-10-22,,2024-01-15,15,62.5,0,1,,1,US,Telecommunications,,false,
5647-URDKA,Telco-5647-URDKA,,,enterprise,19.7,24,2023-05-20,2025-05-09,2024-01-15,3,12.5,0,0,,0,US,Telecommunications,,false,
2229-DPMBI,Telco-2229-DPMBI,,,enterprise,19.5,24,2023-05-20,2025-05-09,2024-01-15,3,12.5,0,0,,0,US,Telecommunications,,false,
9626-WEQRM,Telco-9626-WEQRM,,,starter,29.15,,2023-09-17,,2024-01-15,8,12.5,0,0,,0,US,Telecommunications,,false,
2188-SXWVT,Telco-2188-SXWVT,,,growth,55.0,12,2021-03-31,2024-03-15,2024-01-15,8,37.5,0,2,,0,US,Telecommunications,,false,
6258-PVZWJ,Telco-6258-PVZWJ,,,enterprise,90.8,24,2018-06-15,2024-05-14,2024-01-15,8,100.0,0,2,,0,US,Telecommunications,,false,
1094-BKOSX,Telco-1094-BKOSX,,,growth,51.0,12,2020-05-05,2024-04-14,2024-01-15,8,50.0,0,1,,0,US,Telecommunications,,false,
6969-MVBAI,Telco-6969-MVBAI,,,starter,90.1,,2023-04-20,,2024-01-15,15,50.0,0,0,,1,US,Telecommunications,,false,
2978-XXSOG,Telco-2978-XXSOG,,,starter,59.05,,2022-03-26,,2024-01-15,8,50.0,0,0,,0,US,Telecommunications,,false,
2342-CKIAO,Telco-2342-CKIAO,,,starter,20.3,,2023-11-16,,2024-01-15,3,12.5,0,0,,0,US,Telecommunications,,false,
6953-PBDIN,Telco-6953-PBDIN,,,enterprise,72.95,24,2018-04-16,2024-03-15,2024-01-15,8,75.0,0,2,,0,US,Telecommunications,,false,
3898-BSJYF,Telco-3898-BSJYF,,,growth,73.55,12,2023-03-21,2024-03-15,2024-01-15,8,75.0,0,0,,0,US,Telecommunications,,false,
3938-YFPXD,Telco-3938-YFPXD,,,enterprise,84.3,24,2018-02-15,2026-01-04,2024-01-15,8,87.5,0,3,,0,US,Telecommunications,,false,
7696-AMHOD,Telco-7696-AMHOD,,,growth,78.0,12,2020-01-06,2024-12-10,2024-01-15,8,62.5,0,4,,0,US,Telecommunications,,false,
2453-SAFNS,Telco-2453-SAFNS,,,growth,72.1,12,2019-08-09,2024-07-13,2024-01-15,8,62.5,0,2,,0,US,Telecommunications,,false,
9558-IHEZX,Telco-9558-IHEZX,,,enterprise,106.75,24,2018-03-17,2024-02-14,2024-01-15,15,87.5,0,5,,0,US,Telecommunications,,false,
9617-UDPEU,Telco-9617-UDPEU,,,growth,19.25,12,2022-03-26,2024-03-15,2024-01-15,3,12.5,0,1,,0,US,Telecommunications,,false,
6340-DACFT,Telco-6340-DACFT,,,enterprise,20.55,24,2019-12-07,2025-11-05,2024-01-15,3,12.5,0,4,,0,US,Telecommunications,,false,
4955-VCWBI,Telco-4955-VCWBI,,,growth,20.0,12,2020-07-04,2024-06-13,2024-01-15,3,12.5,0,3,,0,US,Telecommunications,,false,
6813-GZQCG,Telco-6813-GZQCG,,,enterprise,24.65,24,2020-05-05,2024-04-14,2024-01-15,3,25.0,0,3,,0,US,Telecommunications,,false,
7426-GSWPO,Telco-7426-GSWPO,,,starter,103.5,,2018-10-13,,2024-01-15,15,75.0,0,5,,0,US,Telecommunications,,false,
3389-KTRXV,Telco-3389-KTRXV,,,enterprise,23.85,24,2022-02-24,2024-02-14,2024-01-15,3,25.0,0,1,,0,US,Telecommunications,,false,
3118-UHVVQ,Telco-3118-UHVVQ,,,enterprise,25.8,24,2018-06-15,2024-05-14,2024-01-15,3,25.0,0,5,,0,US,Telecommunications,,false,
1031-IIDEO,Telco-1031-IIDEO,,,starter,70.85,,2023-12-16,,2023-12-16,4,12.5,0,0,,2,US,Telecommunications,,true,2024-01-15
5832-XKAES,Telco-5832-XKAES,,,starter,69.8,,2023-11-16,,2023-12-16,4,12.5,0,0,,0,US,Telecommunications,,true,2024-01-15
3205-MXZRA,Telco-3205-MXZRA,,,growth,59.45,12,2021-11-26,2024-11-10,2024-01-15,8,37.5,0,1,,0,US,Telecommunications,,false,
4701-AHWMW,Telco-4701-AHWMW,,,starter,54.55,,2019-07-10,,2023-12-16,2,50.0,0,2,,0,US,Telecommunications,,true,2024-01-15
8317-BVKSO,Telco-8317-BVKSO,,,starter,20.05,,2022-11-21,,2024-01-15,3,12.5,0,1,,1,US,Telecommunications,,false,
5702-KVQRD,Telco-5702-KVQRD,,,enterprise,82.55,24,2018-03-17,2024-02-14,2024-01-15,8,75.0,0,2,,1,US,Telecommunications,,false,
0083-PIVIK,Telco-0083-PIVIK,,,growth,81.25,12,2018-10-13,2024-09-11,2024-01-15,8,87.5,0,2,,1,US,Telecommunications,,false,
9210-IAHGH,Telco-9210-IAHGH,,,starter,70.75,,2023-06-19,,2023-12-16,2,50.0,0,0,,0,US,Telecommunications,,true,2024-01-15
6169-PGNCD,Telco-6169-PGNCD,,,enterprise,74.3,24,2019-05-11,2025-04-09,2024-01-15,8,75.0,0,2,,0,US,Telecommunications,,false,
0023-XUOPT,Telco-0023-XUOPT,,,starter,94.1,,2022-12-21,,2023-12-16,4,62.5,0,1,,2,US,Telecommunications,,true,2024-01-15
4592-IWTJI,Telco-4592-IWTJI,,,starter,29.7,,2023-10-17,,2023-12-16,2,12.5,0,0,,0,US,Telecommunications,,true,2024-01-15
4909-JOUPP,Telco-4909-JOUPP,,,enterprise,109.7,24,2018-02-15,2026-01-04,2024-01-15,15,87.5,0,3,,0,US,Telecommunications,,false,
4657-FWVFY,Telco-4657-FWVFY,,,starter,96.35,,2020-10-02,,2024-01-15,15,62.5,0,3,,0,US,Telecommunications,,false,
2257-BOVXD,Telco-2257-BOVXD,,,starter,66.6,,2022-11-21,,2024-01-15,8,50.0,0,0,,0,US,Telecommunications,,false,
7729-JTEEC,Telco-7729-JTEEC,,,starter,44.5,,2023-11-16,,2024-01-15,8,12.5,0,0,,1,US,Telecommunications,,false,
7632-MNYOY,Telco-7632-MNYOY,,,growth,110.9,12,2018-08-14,2019-08-09,2023-12-16,4,87.5,0,2,,0,US,Telecommunications,,true,2024-01-15
6518-LGAOV,Telco-6518-LGAOV,,,starter,105.0,,2020-12-01,,2023-12-16,4,75.0,0,1,,2,US,Telecommunications,,true,2024-01-15
7242-QZLXF,Telco-7242-QZLXF,,,starter,25.3,,2023-12-16,,2023-12-16,2,0.0,0,0,,2,US,Telecommunications,,true,2024-01-15
4576-CSAJH,Telco-4576-CSAJH,,,growth,55.15,12,2022-03-26,2023-03-21,2023-12-16,2,37.5,0,0,,0,US,Telecommunications,,true,2024-01-15
1000-AJSLD,Telco-1000-AJSLD,,,starter,20.1,,2023-12-16,,2023-12-16,1,12.5,0,0,,1,US,Telecommunications,,true,2024-01-15
9696-RMYBA,Telco-9696-RMYBA,,,starter,80.1,,2023-08-18,,2024-01-15,15,25.0,0,0,,0,US,Telecommunications,,false,
8690-UPCZI,Telco-8690-UPCZI,,,growth,69.05,12,2021-08-28,2024-08-12,2024-01-15,8,62.5,0,1,,0,US,Telecommunications,,false,
1062-LHZOD,Telco-1062-LHZOD,,,starter,69.9,,2023-12-16,,2023-12-16,4,12.5,0,0,,1,US,Telecommunications,,true,2024-01-15
9770-LXDBK,Telco-9770-LXDBK,,,starter,20.4,,2023-10-17,,2024-01-15,3,12.5,0,0,,0,US,Telecommunications,,false,
4086-WITJG,Telco-4086-WITJG,,,enterprise,19.7,24,2018-03-17,2024-02-14,2024-01-15,3,12.5,0,5,,0,US,Telecommunications,,false,
8344-WFMFH,Telco-8344-WFMFH,,,starter,50.1,,2023-04-20,,2024-01-15,8,25.0,0,0,,1,US,Telecommunications,,false,
9600-NAXZN,Telco-9600-NAXZN,,,starter,101.4,,2020-07-04,,2023-12-16,4,62.5,0,3,,2,US,Telecommunications,,true,2024-01-15
8822-KNBHV,Telco-8822-KNBHV,,,growth,83.45,12,2020-02-05,2025-01-09,2024-01-15,8,87.5,0,4,,0,US,Telecommunications,,false,
8404-FYDIB,Telco-8404-FYDIB,,,starter,86.65,,2021-11-26,,2024-01-15,15,50.0,0,2,,0,US,Telecommunications,,false,
2791-SFVEW,Telco-2791-SFVEW,,,starter,20.15,,2023-04-20,,2024-01-15,3,12.5,0,0,,0,US,Telecommunications,,false,
6457-USBER,Telco-6457-USBER,,,starter,80.8,,2023-12-16,,2023-12-16,4,25.0,0,0,,2,US,Telecommunications,,true,2024-01-15
6762-NSODU,Telco-6762-NSODU,,,enterprise,19.4,24,2020-04-05,2024-03-15,2024-01-15,3,12.5,0,3,,0,US,Telecommunications,,false,
4662-EKDPQ,Telco-4662-EKDPQ,,,starter,62.05,,2023-11-16,,2023-12-16,2,37.5,0,0,,0,US,Telecommunications,,true,2024-01-15
9248-OJYKK,Telco-9248-OJYKK,,,starter,76.45,,2023-12-16,,2023-12-16,4,25.0,0,0,,2,US,Telecommunications,,true,2024-01-15
9888-ZCUMM,Telco-9888-ZCUMM,,,enterprise,60.05,24,2018-10-13,2024-09-11,2024-01-15,8,62.5,0,2,,0,US,Telecommunications,,false,
3398-FSHON,Telco-3398-FSHON,,,starter,91.3,,2023-01-20,,2023-12-16,4,50.0,0,1,,2,US,Telecommunications,,true,2024-01-15
3319-DWOEP,Telco-3319-DWOEP,,,starter,95.75,,2023-07-19,,2023-12-16,4,50.0,0,0,,2,US,Telecommunications,,true,2024-01-15
1074-WVEVG,Telco-1074-WVEVG,,,growth,20.35,12,2019-03-12,2024-02-14,2024-01-15,3,12.5,0,4,,0,US,Telecommunications,,false,
9979-RGMZT,Telco-9979-RGMZT,,,growth,94.05,12,2023-06-19,2024-06-13,2024-01-15,15,50.0,0,0,,0,US,Telecommunications,,false,
6437-UDQJM,Telco-6437-UDQJM,,,enterprise,84.1,24,2018-02-15,2026-01-04,2024-01-15,8,87.5,0,6,,0,US,Telecommunications,,false,
1226-IENZN,Telco-1226-IENZN,,,starter,78.75,,2022-09-22,,2024-01-15,15,25.0,0,1,,1,US,Telecommunications,,false,
2108-GLPQB,Telco-2108-GLPQB,,,starter,55.55,,2021-12-26,,2024-01-15,8,37.5,0,2,,0,US,Telecommunications,,false,
9259-PACGQ,Telco-9259-PACGQ,,,starter,62.65,,2021-03-31,,2023-12-16,2,62.5,0,1,,2,US,Telecommunications,,true,2024-01-15
4415-IJZTP,Telco-4415-IJZTP,,,starter,74.5,,2023-12-16,,2023-12-16,4,25.0,0,0,,2,US,Telecommunications,,true,2024-01-15
1465-VINDH,Telco-1465-VINDH,,,starter,102.1,,2023-03-21,,2023-12-16,4,75.0,0,0,,0,US,Telecommunications,,true,2024-01-15
5474-LAMUQ,Telco-5474-LAMUQ,,,growth,20.1,12,2022-01-25,2025-01-09,2024-01-15,3,12.5,0,2,,0,US,Telecommunications,,false,
3468-DRVQJ,Telco-3468-DRVQJ,,,growth,70.3,12,2023-03-21,2024-03-15,2024-01-15,8,62.5,0,0,,1,US,Telecommunications,,false,
1122-YJBCS,Telco-1122-YJBCS,,,growth,53.65,12,2018-05-16,2024-04-14,2024-01-15,8,37.5,0,5,,0,US,Telecommunications,,false,
4990-ALDGW,Telco-4990-ALDGW,,,enterprise,20.75,24,2019-05-11,2025-04-09,2024-01-15,3,12.5,0,4,,0,US,Telecommunications,,false,
4816-OKWNX,Telco-4816-OKWNX,,,growth,103.4,12,2019-12-07,2024-11-10,2024-01-15,15,75.0,0,2,,0,US,Telecommunications,,false,
3315-IKYZQ,Telco-3315-IKYZQ,,,growth,50.8,12,2021-09-27,2024-09-11,2024-01-15,8,50.0,0,1,,0,US,Telecommunications,,false,
2810-FTLEM,Telco-2810-FTLEM,,,starter,50.15,,2022-09-22,,2023-12-16,2,25.0,0,1,,2,US,Telecommunications,,true,2024-01-15
4747-LCAQL,Telco-4747-LCAQL,,,starter,79.0,,2021-12-26,,2024-01-15,8,75.0,0,1,,0,US,Telecommunications,,false,
3411-WLRSQ,Telco-3411-WLRSQ,,,starter,74.6,,2023-10-17,,2024-01-15,15,25.0,0,0,,0,US,Telecommunications,,false,
0898-XCGTF,Telco-0898-XCGTF,,,growth,96.5,12,2019-01-11,2024-12-10,2024-01-15,15,50.0,0,5,,0,US,Telecommunications,,false,
8006-PYCSW,Telco-8006-PYCSW,,,starter,20.1,,2023-11-16,,2024-01-15,3,12.5,0,0,,0,US,Telecommunications,,false,
8249-THVEC,Telco-8249-THVEC,,,growth,19.4,12,2019-11-07,2024-10-11,2024-01-15,3,12.5,0,4,,0,US,Telecommunications,,false,
8722-PRFDV,Telco-8722-PRFDV,,,enterprise,77.55,24,2018-03-17,2024-02-14,2024-01-15,8,62.5,0,5,,0,US,Telecommunications,,false,
2164-SOQXL,Telco-2164-SOQXL,,,starter,20.05,,2022-05-25,,2024-01-15,3,12.5,0,1,,0,US,Telecommunications,,false,
4020-KIUDI,Telco-4020-KIUDI,,,starter,19.85,,2023-07-19,,2024-01-15,3,12.5,0,0,,0,US,Telecommunications,,false,
5850-BDWCY,Telco-5850-BDWCY,,,starter,20.2,,2023-07-19,,2024-01-15,3,12.5,0,0,,0,US,Telecommunications,,false,
2038-YSEZE,Telco-2038-YSEZE,,,starter,67.45,,2021-08-28,,2024-01-15,8,62.5,0,1,,0,US,Telecommunications,,false,
0827-ITJPH,Telco-0827-ITJPH,,,enterprise,18.55,24,2021-01-30,2025-01-09,2024-01-15,3,12.5,0,3,,0,US,Telecommunications,,false,
8799-OXZMD,Telco-8799-OXZMD,,,starter,29.75,,2021-09-27,,2024-01-15,8,12.5,0,2,,0,US,Telecommunications,,false,
1925-TIBLE,Telco-1925-TIBLE,,,starter,86.5,,2023-06-19,,2023-12-16,4,37.5,0,0,,2,US,Telecommunications,,true,2024-01-15
1705-GUHPV,Telco-1705-GUHPV,,,enterprise,24.2,24,2018-11-12,2024-10-11,2024-01-15,3,25.0,0,5,,0,US,Telecommunications,,false,
4779-ZGICK,Telco-4779-ZGICK,,,enterprise,23.55,24,2020-02-05,2026-01-04,2024-01-15,3,25.0,0,4,,0,US,Telecommunications,,false,
0048-PIHNL,Telco-0048-PIHNL,,,growth,20.45,12,2020-01-06,2024-12-10,2024-01-15,3,12.5,0,4,,0,US,Telecommunications,,false,
0818-OCPZO,Telco-0818-OCPZO,,,starter,81.45,,2021-10-27,,2023-12-16,4,37.5,0,2,,2,US,Telecommunications,,true,2024-01-15
3967-KXAPS,Telco-3967-KXAPS,,,enterprise,92.3,24,2018-02-15,2026-01-04,2024-01-15,8,100.0,0,3,,0,US,Telecommunications,,false,
1447-GIQMR,Telco-1447-GIQMR,,,starter,69.15,,2023-12-16,,2023-12-16,4,12.5,0,0,,2,US,Telecommunications,,true,2024-01-15
3704-IEAXF,Telco-3704-IEAXF,,,enterprise,53.65,24,2018-02-15,2026-01-04,2024-01-15,8,50.0,0,3,,0,US,Telecommunications,,false,
6810-VCAEX,Telco-6810-VCAEX,,,growth,39.65,12,2020-03-06,2024-02-14,2024-01-15,8,37.5,0,1,,0,US,Telecommunications,,false,
0674-EYYZV,Telco-0674-EYYZV,,,starter,54.65,,2023-12-16,,2024-01-15,8,25.0,0,0,,1,US,Telecommunications,,false,
4480-MBMLB,Telco-4480-MBMLB,,,growth,104.8,12,2021-01-30,2025-01-09,2024-01-15,15,75.0,0,3,,0,US,Telecommunications,,false,
1395-OFUWC,Telco-1395-OFUWC,,,starter,29.3,,2020-07-04,,2024-01-15,8,12.5,0,3,,0,US,Telecommunications,,false,
0822-QGCXA,Telco-0822-QGCXA,,,starter,83.85,,2021-10-27,,2024-01-15,8,87.5,0,1,,1,US,Telecommunications,,false,
0872-NXJYS,Telco-0872-NXJYS,,,starter,79.55,,2023-04-20,,2023-12-16,4,25.0,0,0,,2,US,Telecommunications,,true,2024-01-15
2832-KJCRD,Telco-2832-KJCRD,,,starter,103.65,,2020-12-01,,2024-01-15,15,75.0,0,1,,1,US,Telecommunications,,false,
3588-WSTTJ,Telco-3588-WSTTJ,,,starter,99.05,,2021-03-01,,2024-01-15,15,62.5,0,2,,1,US,Telecommunications,,false,
4075-WKNIU,Telco-4075-WKNIU,,,enterprise,73.35,24,2024-01-15,2026-01-04,2024-01-15,8,75.0,0,0,,0,US,Telecommunications,,false,
5090-EMGTC,Telco-5090-EMGTC,,,enterprise,100.05,24,2019-03-12,2025-02-08,2024-01-15,15,62.5,0,2,,0,US,Telecommunications,,false,
2346-CZYIL,Telco-2346-CZYIL,,,enterprise,20.35,24,2021-10-27,2025-10-06,2024-01-15,3,12.5,0,2,,0,US,Telecommunications,,false,
3798-EPWRR,Telco-3798-EPWRR,,,starter,43.95,,2023-11-16,,2024-01-15,8,12.5,0,0,,1,US,Telecommunications,,false,
6258-NGCNG,Telco-6258-NGCNG,,,starter,23.5,,2023-06-19,,2024-01-15,3,25.0,0,0,,0,US,Telecommunications,,false,
4186-ZBUEW,Telco-4186-ZBUEW,,,growth,70.7,12,2021-01-30,2025-01-09,2024-01-15,8,62.5,0,1,,0,US,Telecommunications,,false,
5274-XHAKY,Telco-5274-XHAKY,,,starter,94.3,,2020-09-02,,2024-01-15,15,62.5,0,3,,0,US,Telecommunications,,false,
1442-BQPVU,Telco-1442-BQPVU,,,starter,29.15,,2022-12-21,,2024-01-15,8,12.5,0,1,,1,US,Telecommunications,,false,
3978-YNKDD,Telco-3978-YNKDD,,,enterprise,20.85,24,2022-06-24,2024-06-13,2024-01-15,3,12.5,0,1,,0,US,Telecommunications,,false,
4940-KHCWD,Telco-4940-KHCWD,,,enterprise,37.7,24,2019-02-10,2025-01-09,2024-01-15,8,37.5,0,2,,0,US,Telecommunications,,false,
9412-ARGBX,Telco-9412-ARGBX,,,enterprise,95.5,24,2020-02-05,2022-01-25,2023-12-16,4,62.5,0,2,,1,US,Telecommunications,,true,2024-01-15
1389-CXMLU,Telco-1389-CXMLU,,,starter,91.05,,2023-10-17,,2023-12-16,4,50.0,0,0,,2,US,Telecommunications,,true,2024-01-15
9589-ABEPT,Telco-9589-ABEPT,,,enterprise,92.45,24,2018-05-16,2024-04-14,2024-01-15,15,62.5,0,2,,0,US,Telecommunications,,false,
9388-ZEYVT,Telco-9388-ZEYVT,,,growth,44.15,12,2020-07-04,2024-06-13,2024-01-15,8,37.5,0,1,,1,US,Telecommunications,,false,
0305-SQECB,Telco-0305-SQECB,,,growth,36.05,12,2023-02-19,2024-02-14,2024-01-15,8,25.0,0,0,,0,US,Telecommunications,,false,
7605-SNLQG,Telco-7605-SNLQG,,,starter,50.25,,2020-05-05,,2024-01-15,8,25.0,0,3,,0,US,Telecommunications,,false,
4670-TABXH,Telco-4670-TABXH,,,enterprise,109.75,24,2018-02-15,2026-01-04,2024-01-15,15,87.5,0,3,,0,US,Telecommunications,,false,
5561-NWEVX,Telco-5561-NWEVX,,,starter,79.2,,2023-11-16,,2023-12-16,4,37.5,0,0,,2,US,Telecommunications,,true,2024-01-15
0064-SUDOG,Telco-0064-SUDOG,,,enterprise,20.3,24,2023-01-20,2025-01-09,2024-01-15,3,12.5,0,1,,0,US,Telecommunications,,false,
8561-NMTBD,Telco-8561-NMTBD,,,growth,112.35,12,2018-07-15,2024-06-13,2024-01-15,15,87.5,0,2,,0,US,Telecommunications,,false,
5161-XEUVX,Telco-5161-XEUVX,,,enterprise,94.3,24,2020-12-31,2024-12-10,2024-01-15,15,62.5,0,1,,0,US,Telecommunications,,false,
8292-FRFZQ,Telco-8292-FRFZQ,,,growth,41.15,12,2020-11-01,2024-10-11,2024-01-15,8,37.5,0,1,,0,US,Telecommunications,,false,
8591-NXRCV,Telco-8591-NXRCV,,,starter,74.65,,2020-09-02,,2024-01-15,8,75.0,0,1,,0,US,Telecommunications,,false,
7895-VONWT,Telco-7895-VONWT,,,starter,48.25,,2021-12-26,,2024-01-15,8,37.5,0,2,,1,US,Telecommunications,,false,
4526-RMTLL,Telco-4526-RMTLL,,,enterprise,76.15,24,2023-05-20,2025-05-09,2024-01-15,8,75.0,0,0,,0,US,Telecommunications,,false,
6253-GNHWH,Telco-6253-GNHWH,,,enterprise,71.1,24,2018-03-17,2024-02-14,2024-01-15,8,75.0,0,2,,0,US,Telecommunications,,false,
4566-NECEV,Telco-4566-NECEV,,,starter,96.55,,2023-08-18,,2024-01-15,15,62.5,0,0,,1,US,Telecommunications,,false,
8080-POTJR,Telco-8080-POTJR,,,growth,79.3,12,2021-07-29,2024-07-13,2024-01-15,8,75.0,0,2,,0,US,Telecommunications,,false,
6906-MPARY,Telco-6906-MPARY,,,growth,89.6,12,2020-10-02,2024-09-11,2024-01-15,15,50.0,0,1,,0,US,Telecommunications,,false,
3662-FXJFO,Telco-3662-FXJFO,,,enterprise,20.5,24,2019-08-09,2025-07-08,2024-01-15,3,12.5,0,4,,0,US,Telecommunications,,false,
8107-RZLNV,Telco-8107-RZLNV,,,enterprise,106.3,24,2018-02-15,2026-01-04,2024-01-15,15,75.0,0,6,,0,US,Telecommunications,,false,
0516-OOHAR,Telco-0516-OOHAR,,,growth,100.35,12,2021-09-27,2024-09-11,2024-01-15,15,62.5,0,2,,0,US,Telecommunications,,false,
2027-CWDNU,Telco-2027-CWDNU,,,starter,85.6,,2022-07-24,,2024-01-15,15,37.5,0,0,,1,US,Telecommunications,,false,
2737-WFVYW,Telco-2737-WFVYW,,,starter,45.25,,2023-11-16,,2023-12-16,2,25.0,0,0,,2,US,Telecommunications,,true,2024-01-15
9912-OMZDS,Telco-9912-OMZDS,,,growth,106.15,12,2019-03-12,2024-02-14,2024-01-15,15,75.0,0,4,,1,US,Telecommunications,,false,
3733-ZEECP,Telco-3733-ZEECP,,,starter,51.1,,2022-03-26,,2024-01-15,8,25.0,0,0,,1,US,Telecommunications,,false,
7878-RTCZG,Telco-7878-RTCZG,,,starter,19.9,,2023-12-16,,2024-01-15,3,12.5,0,0,,0,US,Telecommunications,,false,
2452-MRMZF,Telco-2452-MRMZF,,,enterprise,25.7,24,2018-02-15,2026-01-04,2024-01-15,3,25.0,0,6,,0,US,Telecommunications,,false,
2272-QAGFO,Telco-2272-QAGFO,,,starter,74.3,,2022-11-21,,2023-12-16,4,25.0,0,1,,2,US,Telecommunications,,true,2024-01-15
7103-IPXPJ,Telco-7103-IPXPJ,,,growth,99.4,12,2019-12-07,2024-11-10,2024-01-15,15,62.5,0,2,,1,US,Telecommunications,,false,
4342-HFXWS,Telco-4342-HFXWS,,,growth,69.7,12,2020-02-05,2025-01-09,2024-01-15,8,62.5,0,2,,0,US,Telecommunications,,false,
3545-CNWRG,Telco-3545-CNWRG,,,starter,98.35,,2020-01-06,,2024-01-15,15,62.5,0,4,,1,US,Telecommunications,,false,
1785-BPHTP,Telco-1785-BPHTP,,,starter,85.45,,2021-09-27,,2024-01-15,15,37.5,0,2,,1,US,Telecommunications,,false,
4989-LIXVT,Telco-4989-LIXVT,,,starter,95.9,,2018-06-15,,2024-01-15,15,62.5,0,5,,1,US,Telecommunications,,false,
7315-WYOAW,Telco-7315-WYOAW,,,starter,100.75,,2022-12-21,,2024-01-15,15,62.5,0,0,,1,US,Telecommunications,,false,
1173-XZPYF,Telco-1173-XZPYF,,,starter,89.2,,2023-02-19,,2024-01-15,15,50.0,0,0,,1,US,Telecommunications,,false,
9850-OWRHQ,Telco-9850-OWRHQ,,,starter,74.1,,2023-10-17,,2023-12-16,4,25.0,0,0,,0,US,Telecommunications,,true,2024-01-15
3768-NLUBH,Telco-3768-NLUBH,,,starter,100.6,,2019-05-11,,2023-12-16,4,62.5,0,4,,2,US,Telecommunications,,true,2024-01-15
8676-TRMJS,Telco-8676-TRMJS,,,starter,75.0,,2023-10-17,,2023-12-16,4,25.0,0,0,,1,US,Telecommunications,,true,2024-01-15
2509-TFPJU,Telco-2509-TFPJU,,,enterprise,25.75,24,2018-02-15,2026-01-04,2024-01-15,3,25.0,0,6,,0,US,Telecommunications,,false,
9530-GRMJG,Telco-9530-GRMJG,,,enterprise,84.1,24,2018-04-16,2024-03-15,2024-01-15,8,87.5,0,2,,1,US,Telecommunications,,false,
6898-RBTLU,Telco-6898-RBTLU,,,enterprise,79.3,24,2020-01-06,2025-12-05,2024-01-15,8,75.0,0,2,,0,US,Telecommunications,,false,
5481-NTDOH,Telco-5481-NTDOH,,,growth,107.05,12,2018-07-15,2024-06-13,2024-01-15,15,75.0,0,5,,0,US,Telecommunications,,false,
2068-WWXQZ,Telco-2068-WWXQZ,,,enterprise,20.05,24,2020-04-05,2024-03-15,2024-01-15,3,12.5,0,3,,0,US,Telecommunications,,false,
7359-SSBJK,Telco-7359-SSBJK,,,enterprise,70.2,24,2018-10-13,2020-10-02,2023-12-16,2,62.5,0,2,,0,US,Telecommunications,,true,2024-01-15
2061-VVFST,Telco-2061-VVFST,,,starter,19.5,,2020-12-31,,2024-01-15,3,12.5,0,3,,0,US,Telecommunications,,false,
0685-MLYYM,Telco-0685-MLYYM,,,starter,70.75,,2023-11-16,,2023-12-16,4,12.5,0,0,,2,US,Telecommunications,,true,2024-01-15
0749-IRGQE,Telco-0749-IRGQE,,,starter,45.3,,2022-12-21,,2024-01-15,8,25.0,0,1,,1,US,Telecommunications,,false,
2380-DAMQP,Telco-2380-DAMQP,,,enterprise,115.15,24,2018-02-15,2026-01-04,2024-01-15,15,100.0,0,3,,1,US,Telecommunications,,false,
2256-YLYLP,Telco-2256-YLYLP,,,enterprise,72.95,24,2018-06-15,2024-05-14,2024-01-15,8,62.5,0,2,,0,US,Telecommunications,,false,
1272-ILHFG,Telco-1272-ILHFG,,,growth,19.65,12,2022-10-22,2024-10-11,2024-01-15,3,12.5,0,1,,0,US,Telecommunications,,false,
0164-XAIRP,Telco-0164-XAIRP,,,enterprise,19.55,24,2022-01-25,2026-01-04,2024-01-15,3,12.5,0,2,,0,US,Telecommunications,,false,
5666-CYCYZ,Telco-5666-CYCYZ,,,starter,89.55,,2022-01-25,,2024-01-15,15,50.0,0,1,,1,US,Telecommunications,,false,
4011-ARPHK,Telco-4011-ARPHK,,,starter,50.35,,2021-10-27,,2024-01-15,8,25.0,0,2,,0,US,Telecommunications,,false,
8182-PNAGI,Telco-8182-PNAGI,,,starter,50.25,,2023-01-20,,2023-12-16,2,25.0,0,0,,0,US,Telecommunications,,true,2024-01-15
6365-HITVU,Telco-6365-HITVU,,,enterprise,87.25,24,2018-03-17,2024-02-14,2024-01-15,8,87.5,0,2,,0,US,Telecommunications,,false,
7558-IMLMT,Telco-7558-IMLMT,,,enterprise,20.8,24,2018-07-15,2024-06-13,2024-01-15,3,12.5,0,5,,0,US,Telecommunications,,false,
9488-FYQAU,Telco-9488-FYQAU,,,enterprise,109.25,24,2018-11-12,2024-10-11,2024-01-15,15,87.5,0,2,,0,US,Telecommunications,,false,
3590-TCXTB,Telco-3590-TCXTB,,,starter,20.35,,2023-12-16,,2024-01-15,3,12.5,0,0,,0,US,Telecommunications,,false,
6994-KERXL,Telco-6994-KERXL,,,starter,55.9,,2023-09-17,,2024-01-15,8,25.0,0,0,,1,US,Telecommunications,,false,
7957-RYHQD,Telco-7957-RYHQD,,,starter,79.2,,2020-10-02,,2023-12-16,4,37.5,0,3,,0,US,Telecommunications,,true,2024-01-15
2180-DXNEG,Telco-2180-DXNEG,,,starter,96.0,,2023-01-20,,2023-12-16,4,50.0,0,1,,2,US,Telecommunications,,true,2024-01-15
1960-UOTYM,Telco-1960-UOTYM,,,enterprise,79.2,24,2019-10-08,2025-09-06,2024-01-15,8,75.0,0,4,,1,US,Telecommunications,,false,
2740-JFBOK,Telco-2740-JFBOK,,,starter,24.0,,2023-03-21,,2024-01-15,3,25.0,0,0,,1,US,Telecommunications,,false,
6500-JVEGC,Telco-6500-JVEGC,,,growth,101.35,12,2018-06-15,2024-05-14,2024-01-15,15,75.0,0,5,,0,US,Telecommunications,,false,
5515-AKOAJ,Telco-5515-AKOAJ,,,starter,100.1,,2019-08-09,,2023-12-16,4,62.5,0,2,,2,US,Telecommunications,,true,2024-01-15
8976-OQHGT,Telco-8976-OQHGT,,,starter,56.5,,2023-09-17,,2023-12-16,2,37.5,0,0,,1,US,Telecommunications,,true,2024-01-15
5245-VDBUR,Telco-5245-VDBUR,,,growth,35.45,12,2019-10-08,2024-09-11,2024-01-15,8,25.0,0,4,,0,US,Telecommunications,,false,
6230-BSUXY,Telco-6230-BSUXY,,,starter,85.0,,2023-12-16,,2023-12-16,4,37.5,0,0,,2,US,Telecommunications,,true,2024-01-15
8469-SNFFH,Telco-8469-SNFFH,,,growth,79.4,12,2018-04-16,2024-03-15,2024-01-15,8,87.5,0,2,,0,US,Telecommunications,,false,
2144-ESWKO,Telco-2144-ESWKO,,,growth,35.2,12,2020-07-04,2024-06-13,2024-01-15,8,25.0,0,3,,0,US,Telecommunications,,false,
1241-FPMOF,Telco-1241-FPMOF,,,enterprise,19.65,24,2019-10-08,2025-09-06,2024-01-15,3,12.5,0,4,,0,US,Telecommunications,,false,
9928-BZVLZ,Telco-9928-BZVLZ,,,enterprise,49.85,24,2023-01-20,2025-01-09,2024-01-15,8,50.0,0,0,,0,US,Telecommunications,,false,
4114-QMKVN,Telco-4114-QMKVN,,,growth,68.75,12,2019-06-10,2024-05-14,2024-01-15,8,62.5,0,4,,0,US,Telecommunications,,false,
2775-SEFEE,Telco-2775-SEFEE,,,enterprise,61.9,24,2024-01-15,2026-01-04,2024-01-15,8,62.5,0,0,,0,US,Telecommunications,,false,
9003-CPATH,Telco-9003-CPATH,,,starter,79.9,,2020-08-03,,2024-01-15,15,37.5,0,3,,1,US,Telecommunications,,false,
1754-GKYPY,Telco-1754-GKYPY,,,starter,89.75,,2022-03-26,,2024-01-15,15,37.5,0,1,,0,US,Telecommunications,,false,
5294-CDGWY,Telco-5294-CDGWY,,,growth,59.3,12,2019-11-07,2020-11-01,2023-12-16,2,62.5,0,4,,2,US,Telecommunications,,true,2024-01-15
7956-XQWGU,Telco-7956-XQWGU,,,starter,19.4,,2021-10-27,,2024-01-15,3,12.5,0,2,,0,US,Telecommunications,,false,
1591-MQJTP,Telco-1591-MQJTP,,,growth,93.65,12,2019-11-07,2024-10-11,2024-01-15,15,62.5,0,4,,0,US,Telecommunications,,false,
5295-PCJOO,Telco-5295-PCJOO,,,starter,49.4,,2023-09-17,,2023-12-16,2,25.0,0,0,,2,US,Telecommunications,,true,2024-01-15
2369-FEVNO,Telco-2369-FEVNO,,,starter,19.9,,2023-12-16,,2024-01-15,3,12.5,0,0,,0,US,Telecommunications,,false,
9863-JZAIC,Telco-9863-JZAIC,,,starter,55.0,,2021-03-01,,2023-12-16,2,25.0,0,2,,1,US,Telecommunications,,true,2024-01-15
7471-MQPOS,Telco-7471-MQPOS,,,growth,72.9,12,2018-03-17,2024-02-14,2024-01-15,8,75.0,0,2,,0,US,Telecommunications,,false,
7660-HDPJV,Telco-7660-HDPJV,,,starter,69.2,,2023-12-16,,2023-12-16,4,12.5,0,0,,2,US,Telecommunications,,true,2024-01-15
5115-SQAAU,Telco-5115-SQAAU,,,enterprise,25.6,24,2018-05-16,2024-04-14,2024-01-15,3,25.0,0,5,,0,US,Telecommunications,,false,
9845-QOMAD,Telco-9845-QOMAD,,,growth,19.75,12,2022-11-21,2024-11-10,2024-01-15,3,12.5,0,1,,0,US,Telecommunications,,false,
7672-VFMXZ,Telco-7672-VFMXZ,,,starter,55.7,,2019-05-11,,2024-01-15,8,37.5,0,2,,1,US,Telecommunications,,false,
9739-JLPQJ,Telco-9739-JLPQJ,,,enterprise,117.5,24,2018-02-15,2026-01-04,2024-01-15,15,100.0,0,3,,0,US,Telecommunications,,false,
9916-AYHTC,Telco-9916-AYHTC,,,enterprise,19.85,24,2020-02-05,2026-01-04,2024-01-15,3,12.5,0,4,,0,US,Telecommunications,,false,
3855-ONCAR,Telco-3855-ONCAR,,,starter,78.9,,2023-09-17,,2024-01-15,15,25.0,0,0,,0,US,Telecommunications,,false,
1488-SYSFC,Telco-1488-SYSFC,,,starter,20.65,,2021-06-29,,2024-01-15,3,12.5,0,2,,1,US,Telecommunications,,false,
7931-PXHFC,Telco-7931-PXHFC,,,growth,62.3,12,2020-12-01,2021-11-26,2023-12-16,2,50.0,0,1,,1,US,Telecommunications,,true,2024-01-15
3990-QYKBE,Telco-3990-QYKBE,,,starter,92.5,,2020-12-31,,2023-12-16,4,50.0,0,3,,2,US,Telecommunications,,true,2024-01-15
0970-QXPXW,Telco-0970-QXPXW,,,starter,19.65,,2023-12-16,,2024-01-15,3,12.5,0,0,,0,US,Telecommunications,,false,
3259-KNMRR,Telco-3259-KNMRR,,,enterprise,79.75,24,2019-05-11,2025-04-09,2024-01-15,8,75.0,0,4,,0,US,Telecommunications,,false,
6120-RJKLU,Telco-6120-RJKLU,,,enterprise,79.95,24,2018-12-12,2024-11-10,2024-01-15,8,75.0,0,2,,0,US,Telecommunications,,false,
9572-WUKSB,Telco-9572-WUKSB,,,starter,29.9,,2023-10-17,,2024-01-15,8,12.5,0,0,,1,US,Telecommunications,,false,
5893-KCLGT,Telco-5893-KCLGT,,,enterprise,19.75,24,2018-02-15,2026-01-04,2024-01-15,3,12.5,0,6,,0,US,Telecommunications,,false,
0076-LVEPS,Telco-0076-LVEPS,,,starter,45.0,,2021-08-28,,2024-01-15,8,50.0,0,1,,0,US,Telecommunications,,false,
3640-JQGJG,Telco-3640-JQGJG,,,starter,44.8,,2022-12-21,,2024-01-15,8,12.5,0,1,,0,US,Telecommunications,,false,
4919-MOAVT,Telco-4919-MOAVT,,,starter,69.65,,2023-10-17,,2023-12-16,4,12.5,0,0,,2,US,Telecommunications,,true,2024-01-15
1596-OQSPS,Telco-1596-OQSPS,,,starter,51.1,,2023-02-19,,2024-01-15,8,25.0,0,0,,1,US,Telecommunications,,false,
9867-XOBQA,Telco-9867-XOBQA,,,enterprise,53.15,24,2022-04-25,2024-04-14,2024-01-15,8,62.5,0,0,,0,US,Telecommunications,,false,
9546-KDTRB,Telco-9546-KDTRB,,,starter,24.7,,2022-06-24,,2024-01-15,3,25.0,0,1,,0,US,Telecommunications,,false,
3090-HAWSU,Telco-3090-HAWSU,,,enterprise,111.6,24,2019-01-11,2020-12-31,2023-12-16,4,87.5,0,2,,0,US,Telecommunications,,true,2024-01-15
9820-RMCQV,Telco-9820-RMCQV,,,starter,48.55,,2023-02-19,,2023-12-16,2,25.0,0,0,,0,US,Telecommunications,,true,2024-01-15
3174-RKMOW,Telco-3174-RKMOW,,,starter,109.95,,2021-03-01,,2024-01-15,15,87.5,0,1,,1,US,Telecommunications,,false,
1760-CAZHT,Telco-1760-CAZHT,,,starter,20.8,,2021-12-26,,2024-01-15,3,12.5,0,2,,0,US,Telecommunications,,false,
7839-QRKXN,Telco-7839-QRKXN,,,starter,20.2,,2023-12-16,,2023-12-16,1,12.5,0,0,,1,US,Telecommunications,,true,2024-01-15
8441-SHIPE,Telco-8441-SHIPE,,,enterprise,25.6,24,2018-07-15,2024-06-13,2024-01-15,3,25.0,0,5,,0,US,Telecommunications,,false,
5204-QZXPU,Telco-5204-QZXPU,,,starter,39.65,,2022-06-24,,2023-12-16,2,25.0,0,1,,2,US,Telecommunications,,true,2024-01-15
4597-ELFTS,Telco-4597-ELFTS,,,growth,24.9,12,2019-06-10,2020-06-04,2023-12-16,1,25.0,0,4,,2,US,Telecommunications,,true,2024-01-15
1320-GVNHT,Telco-1320-GVNHT,,,enterprise,108.4,24,2018-02-15,2026-01-04,2024-01-15,15,87.5,0,6,,0,US,Telecommunications,,false,
1047-RNXZV,Telco-1047-RNXZV,,,enterprise,19.55,24,2020-07-04,2024-06-13,2024-01-15,3,12.5,0,3,,0,US,Telecommunications,,false,
3541-ZNUHK,Telco-3541-ZNUHK,,,starter,85.1,,2019-07-10,,2024-01-15,15,50.0,0,4,,1,US,Telecommunications,,false,
8450-JOVAH,Telco-8450-JOVAH,,,starter,56.7,,2023-11-16,,2023-12-16,2,37.5,0,0,,1,US,Telecommunications,,true,2024-01-15
8725-JEDFD,Telco-8725-JEDFD,,,starter,69.05,,2021-10-27,,2024-01-15,15,12.5,0,2,,0,US,Telecommunications,,false,
7562-UXTPG,Telco-7562-UXTPG,,,starter,70.15,,2022-12-21,,2024-01-15,15,12.5,0,1,,0,US,Telecommunications,,false,
8071-SBTRN,Telco-8071-SBTRN,,,enterprise,111.15,24,2018-04-16,2024-03-15,2024-01-15,15,87.5,0,5,,0,US,Telecommunications,,false,
1113-IUJYX,Telco-1113-IUJYX,,,growth,105.95,12,2022-11-21,2023-11-16,2023-12-16,4,75.0,0,0,,1,US,Telecommunications,,true,2024-01-15
6668-CNMFP,Telco-6668-CNMFP,,,growth,89.35,12,2022-06-24,2024-06-13,2024-01-15,15,50.0,0,0,,0,US,Telecommunications,,false,
5626-MGTUK,Telco-5626-MGTUK,,,starter,89.1,,2022-05-25,,2024-01-15,15,50.0,0,1,,0,US,Telecommunications,,false,
5681-LLOEI,Telco-5681-LLOEI,,,growth,91.25,12,2020-07-04,2024-06-13,2024-01-15,15,62.5,0,1,,0,US,Telecommunications,,false,
8212-DJRCH,Telco-8212-DJRCH,,,starter,90.35,,2023-08-18,,2024-01-15,15,50.0,0,0,,0,US,Telecommunications,,false,
4323-OHFOW,Telco-4323-OHFOW,,,growth,105.55,12,2018-04-16,2024-03-15,2024-01-15,15,75.0,0,2,,0,US,Telecommunications,,false,
4933-BSAIP,Telco-4933-BSAIP,,,enterprise,19.1,24,2020-10-02,2024-09-11,2024-01-15,3,12.5,0,3,,0,US,Telecommunications,,false,
2030-BTZRO,Telco-2030-BTZRO,,,enterprise,20.4,24,2023-07-19,2025-07-08,2024-01-15,3,12.5,0,0,,0,US,Telecommunications,,false,
1116-DXXDF,Telco-1116-DXXDF,,,enterprise,100.45,24,2020-11-01,2024-10-11,2024-01-15,15,62.5,0,3,,1,US,Telecommunications,,false,
9274-CNFMO,Telco-9274-CNFMO,,,starter,74.95,,2023-09-17,,2023-12-16,4,25.0,0,0,,2,US,Telecommunications,,true,2024-01-15
7758-XKCBS,Telco-7758-XKCBS,,,starter,29.7,,2022-10-22,,2023-12-16,2,12.5,0,0,,2,US,Telecommunications,,true,2024-01-15
8992-JQYUN,Telco-8992-JQYUN,,,starter,50.35,,2023-12-16,,2023-12-16,2,37.5,0,0,,2,US,Telecommunications,,true,2024-01-15
6563-VNPMN,Telco-6563-VNPMN,,,starter,85.7,,2020-05-05,,2024-01-15,15,50.0,0,1,,0,US,Telecommunications,,false,
0617-AQNWT,Telco-0617-AQNWT,,,enterprise,47.85,24,2018-10-13,2020-10-02,2023-12-16,2,50.0,0,2,,2,US,Telecommunications,,true,2024-01-15
2267-WTPYD,Telco-2267-WTPYD,,,starter,94.0,,2019-05-11,,2024-01-15,15,62.5,0,4,,0,US,Telecommunications,,false,
0270-THENM,Telco-0270-THENM,,,enterprise,69.85,24,2018-02-15,2026-01-04,2024-01-15,8,75.0,0,3,,0,US,Telecommunications,,false,
2446-PLQVO,Telco-2446-PLQVO,,,starter,70.3,,2023-12-16,,2023-12-16,4,12.5,0,0,,2,US,Telecommunications,,true,2024-01-15
4707-MAXGU,Telco-4707-MAXGU,,,enterprise,25.85,24,2018-02-15,2026-01-04,2024-01-15,3,25.0,0,6,,0,US,Telecommunications,,false,
2710-WYVXG,Telco-2710-WYVXG,,,enterprise,71.1,24,2023-10-17,2025-10-06,2024-01-15,8,62.5,0,0,,0,US,Telecommunications,,false,
3005-NFMTA,Telco-3005-NFMTA,,,starter,98.8,,2019-07-10,,2023-12-16,4,62.5,0,4,,2,US,Telecommunications,,true,2024-01-15
6300-BWMJX,Telco-6300-BWMJX,,,starter,93.35,,2019-03-12,,2024-01-15,15,62.5,0,2,,1,US,Telecommunications,,false,
8784-CGILN,Telco-8784-CGILN,,,starter,99.85,,2022-07-24,,2023-12-16,4,62.5,0,0,,0,US,Telecommunications,,true,2024-01-15
5389-FFVKB,Telco-5389-FFVKB,,,starter,80.3,,2021-05-30,,2023-12-16,4,25.0,0,2,,0,US,Telecommunications,,true,2024-01-15
7009-LGECI,Telco-7009-LGECI,,,starter,50.55,,2023-09-17,,2024-01-15,8,25.0,0,0,,0,US,Telecommunications,,false,
8444-WRIDW,Telco-8444-WRIDW,,,starter,80.45,,2018-08-14,,2023-12-16,4,37.5,0,5,,0,US,Telecommunications,,true,2024-01-15
5022-KVDQT,Telco-5022-KVDQT,,,starter,81.3,,2021-10-27,,2024-01-15,15,37.5,0,2,,1,US,Telecommunications,,false,
7976-CICYS,Telco-7976-CICYS,,,starter,20.7,,2023-09-17,,2024-01-15,3,12.5,0,0,,0,US,Telecommunications,,false,
1036-GUDCL,Telco-1036-GUDCL,,,starter,79.05,,2019-02-10,,2024-01-15,8,75.0,0,2,,0,US,Telecommunications,,false,
2005-DWQZJ,Telco-2005-DWQZJ,,,enterprise,19.05,24,2023-05-20,2025-05-09,2024-01-15,3,12.5,0,0,,0,US,Telecommunications,,false,
8148-WOCMK,Telco-8148-WOCMK,,,enterprise,19.6,24,2023-05-20,2025-05-09,2024-01-15,3,12.5,0,0,,0,US,Telecommunications,,false,
7815-PDTHL,Telco-7815-PDTHL,,,enterprise,20.2,24,2021-03-01,2025-02-08,2024-01-15,3,12.5,0,2,,0,US,Telecommunications,,false,
9451-LPGOO,Telco-9451-LPGOO,,,starter,86.8,,2023-06-19,,2023-12-16,4,37.5,0,0,,2,US,Telecommunications,,true,2024-01-15
9173-IVZVP,Telco-9173-IVZVP,,,enterprise,20.9,24,2019-09-08,2025-08-07,2024-01-15,3,12.5,0,4,,0,US,Telecommunications,,false,
9129-UXERG,Telco-9129-UXERG,,,starter,103.6,,2022-07-24,,2024-01-15,15,75.0,0,0,,0,US,Telecommunications,,false,
3635-JBPSG,Telco-3635-JBPSG,,,enterprise,38.8,24,2022-10-22,2024-10-11,2024-01-15,8,25.0,0,1,,0,US,Telecommunications,,false,
7964-ZRKKG,Telco-7964-ZRKKG,,,growth,88.4,12,2018-07-15,2024-06-13,2024-01-15,15,50.0,0,5,,0,US,Telecommunications,,false,
5868-YWPDW,Telco-5868-YWPDW,,,starter,84.2,,2023-07-19,,2023-12-16,4,37.5,0,0,,2,US,Telecommunications,,true,2024-01-15
6229-LSCKB,Telco-6229-LSCKB,,,starter,79.7,,2023-07-19,,2024-01-15,15,25.0,0,0,,1,US,Telecommunications,,false,
2025-JKFWI,Telco-2025-JKFWI,,,starter,99.0,,2022-12-21,,2023-12-16,4,62.5,0,0,,1,US,Telecommunications,,true,2024-01-15
4078-SAYYN,Telco-4078-SAYYN,,,starter,100.75,,2023-02-19,,2023-12-16,4,62.5,0,0,,2,US,Telecommunications,,true,2024-01-15
1724-IQWNM,Telco-1724-IQWNM,,,starter,19.3,,2023-12-16,,2024-01-15,3,12.5,0,0,,0,US,Telecommunications,,false,
8217-QYOHV,Telco-8217-QYOHV,,,starter,55.75,,2023-08-18,,2024-01-15,8,37.5,0,0,,0,US,Telecommunications,,false,
5546-QUERU,Telco-5546-QUERU,,,growth,19.95,12,2022-12-21,2024-12-10,2024-01-15,3,12.5,0,1,,0,US,Telecommunications,,false,
9940-HPQPG,Telco-9940-HPQPG,,,starter,91.75,,2023-04-20,,2023-12-16,4,62.5,0,0,,0,US,Telecommunications,,true,2024-01-15
6897-UUBNU,Telco-6897-UUBNU,,,starter,89.65,,2021-08-28,,2024-01-15,15,50.0,0,1,,0,US,Telecommunications,,false,
6127-IYJOZ,Telco-6127-IYJOZ,,,starter,45.85,,2023-12-16,,2024-01-15,8,12.5,0,0,,0,US,Telecommunications,,false,
6618-RYATB,Telco-6618-RYATB,,,starter,79.55,,2023-12-16,,2023-12-16,4,37.5,0,0,,1,US,Telecommunications,,true,2024-01-15
8930-XOTDP,Telco-8930-XOTDP,,,starter,55.95,,2022-07-24,,2024-01-15,8,25.0,0,1,,0,US,Telecommunications,,false,
5916-QEWPT,Telco-5916-QEWPT,,,starter,69.0,,2023-11-16,,2024-01-15,8,50.0,0,0,,0,US,Telecommunications,,false,
5060-TQUQN,Telco-5060-TQUQN,,,starter,83.55,,2021-07-29,,2024-01-15,15,50.0,0,1,,0,US,Telecommunications,,false,
0531-XBKMM,Telco-0531-XBKMM,,,enterprise,65.7,24,2018-08-14,2024-07-13,2024-01-15,8,62.5,0,2,,0,US,Telecommunications,,false,
8465-SBRXP,Telco-8465-SBRXP,,,enterprise,94.9,24,2020-12-01,2024-11-10,2024-01-15,15,62.5,0,1,,0,US,Telecommunications,,false,
2408-PSJVE,Telco-2408-PSJVE,,,starter,61.9,,2020-06-04,,2024-01-15,8,50.0,0,1,,0,US,Telecommunications,,false,
9079-YEXQJ,Telco-9079-YEXQJ,,,starter,111.1,,2019-08-09,,2023-12-16,4,87.5,0,2,,2,US,Telecommunications,,true,2024-01-15
9700-ZCLOT,Telco-9700-ZCLOT,,,starter,20.0,,2023-11-16,,2024-01-15,3,12.5,0,0,,0,US,Telecommunications,,false,
8738-JOKAR,Telco-8738-JOKAR,,,growth,67.7,12,2020-08-03,2024-07-13,2024-01-15,8,62.5,0,1,,0,US,Telecommunications,,false,
4534-WGCIR,Telco-4534-WGCIR,,,enterprise,25.15,24,2019-04-11,2025-03-10,2024-01-15,3,25.0,0,4,,0,US,Telecommunications,,false,
1930-WNXSB,Telco-1930-WNXSB,,,starter,92.85,,2019-04-11,,2024-01-15,15,50.0,0,4,,1,US,Telecommunications,,false,
2685-SREOM,Telco-2685-SREOM,,,starter,89.1,,2021-12-26,,2023-12-16,4,50.0,0,2,,2,US,Telecommunications,,true,2024-01-15
3508-CFVZL,Telco-3508-CFVZL,,,enterprise,111.3,24,2018-03-17,2024-02-14,2024-01-15,15,100.0,0,2,,0,US,Telecommunications,,false,
0402-CQAJN,Telco-0402-CQAJN,,,starter,101.9,,2020-12-31,,2023-12-16,4,75.0,0,3,,0,US,Telecommunications,,true,2024-01-15
6692-UDPJC,Telco-6692-UDPJC,,,starter,91.65,,2022-11-21,,2023-12-16,4,50.0,0,0,,2,US,Telecommunications,,true,2024-01-15
1273-MTETI,Telco-1273-MTETI,,,starter,88.85,,2023-09-17,,2023-12-16,4,50.0,0,0,,2,US,Telecommunications,,true,2024-01-15
0657-DOGUM,Telco-0657-DOGUM,,,growth,60.6,12,2020-02-05,2025-01-09,2024-01-15,8,50.0,0,2,,0,US,Telecommunications,,false,
5480-HPRRX,Telco-5480-HPRRX,,,starter,25.3,,2023-10-17,,2023-12-16,2,0.0,0,0,,2,US,Telecommunications,,true,2024-01-15
8792-AOROI,Telco-8792-AOROI,,,enterprise,65.5,24,2023-05-20,2025-05-09,2024-01-15,8,50.0,0,0,,0,US,Telecommunications,,false,
0295-PPHDO,Telco-0295-PPHDO,,,starter,95.45,,2023-12-16,,2023-12-16,4,50.0,0,0,,2,US,Telecommunications,,true,2024-01-15
5146-YYFRZ,Telco-5146-YYFRZ,,,enterprise,19.95,24,2018-07-15,2024-06-13,2024-01-15,3,12.5,0,5,,0,US,Telecommunications,,false,
1195-OIYEJ,Telco-1195-OIYEJ,,,starter,91.1,,2022-12-21,,2023-12-16,4,37.5,0,1,,2,US,Telecommunications,,true,2024-01-15
5906-CVLHP,Telco-5906-CVLHP,,,growth,54.15,12,2020-05-05,2021-04-30,2023-12-16,2,37.5,0,1,,0,US,Telecommunications,,true,2024-01-15
3452-SRFEG,Telco-3452-SRFEG,,,starter,74.6,,2020-01-06,,2024-01-15,15,25.0,0,4,,0,US,Telecommunications,,false,
4070-OKWVH,Telco-4070-OKWVH,,,starter,94.6,,2019-10-08,,2024-01-15,15,62.5,0,4,,0,US,Telecommunications,,false,
5297-MDOIR,Telco-5297-MDOIR,,,growth,81.15,12,2018-11-12,2024-10-11,2024-01-15,15,37.5,0,5,,0,US,Telecommunications,,false,
6369-MCAKO,Telco-6369-MCAKO,,,enterprise,89.05,24,2018-06-15,2024-05-14,2024-01-15,8,100.0,0,2,,0,US,Telecommunications,,false,
4926-UMJZD,Telco-4926-UMJZD,,,starter,49.2,,2021-06-29,,2024-01-15,8,25.0,0,1,,0,US,Telecommunications,,false,
6848-HJTXY,Telco-6848-HJTXY,,,enterprise,19.45,24,2018-10-13,2024-09-11,2024-01-15,3,12.5,0,5,,0,US,Telecommunications,,false,
6341-AEVKX,Telco-6341-AEVKX,,,growth,104.3,12,2018-12-12,2024-11-10,2024-01-15,15,75.0,0,2,,1,US,Telecommunications,,false,
4501-EQDRN,Telco-4501-EQDRN,,,starter,69.7,,2023-12-16,,2023-12-16,4,12.5,0,0,,0,US,Telecommunications,,true,2024-01-15
2990-HWIML,Telco-2990-HWIML,,,starter,89.5,,2023-07-19,,2023-12-16,4,37.5,0,0,,2,US,Telecommunications,,true,2024-01-15
0682-USIXD,Telco-0682-USIXD,,,starter,86.05,,2022-04-25,,2024-01-15,15,37.5,0,0,,1,US,Telecommunications,,false,
6976-BWGLQ,Telco-6976-BWGLQ,,,enterprise,25.2,24,2018-02-15,2026-01-04,2024-01-15,3,25.0,0,6,,0,US,Telecommunications,,false,
7078-NVFAM,Telco-7078-NVFAM,,,starter,35.15,,2021-05-30,,2024-01-15,8,25.0,0,2,,1,US,Telecommunications,,false,
8065-QBYTO,Telco-8065-QBYTO,,,growth,99.65,12,2018-03-17,2024-02-14,2024-01-15,15,75.0,0,2,,0,US,Telecommunications,,false,
2133-TSRRM,Telco-2133-TSRRM,,,starter,105.35,,2021-03-31,,2024-01-15,15,75.0,0,2,,0,US,Telecommunications,,false,
7384-GHBPI,Telco-7384-GHBPI,,,starter,35.15,,2023-10-17,,2023-12-16,2,12.5,0,0,,2,US,Telecommunications,,true,2024-01-15
7603-USHJS,Telco-7603-USHJS,,,starter,73.75,,2023-01-20,,2023-12-16,4,25.0,0,1,,0,US,Telecommunications,,true,2024-01-15
7234-FECYN,Telco-7234-FECYN,,,starter,101.35,,2023-05-20,,2023-12-16,4,62.5,0,0,,2,US,Telecommunications,,true,2024-01-15
2511-ALLCS,Telco-2511-ALLCS,,,enterprise,24.3,24,2021-03-01,2025-02-08,2024-01-15,3,25.0,0,2,,0,US,Telecommunications,,false,
3191-CSNMG,Telco-3191-CSNMG,,,starter,80.7,,2023-10-17,,2024-01-15,15,25.0,0,0,,1,US,Telecommunications,,false,
7952-OBOYL,Telco-7952-OBOYL,,,starter,89.85,,2023-10-17,,2024-01-15,15,50.0,0,0,,0,US,Telecommunications,,false,
7470-DYNOE,Telco-7470-DYNOE,,,growth,61.1,12,2019-09-08,2024-08-12,2024-01-15,8,37.5,0,4,,1,US,Telecommunications,,false,
7853-OETYL,Telco-7853-OETYL,,,starter,29.05,,2023-09-17,,2024-01-15,8,12.5,0,0,,1,US,Telecommunications,,false,
1545-ACTAS,Telco-1545-ACTAS,,,growth,99.7,12,2020-02-05,2025-01-09,2024-01-15,15,62.5,0,4,,0,US,Telecommunications,,false,
5876-HZVZM,Telco-5876-HZVZM,,,starter,55.9,,2023-07-19,,2023-12-16,2,37.5,0,0,,0,US,Telecommunications,,true,2024-01-15
1400-MMYXY,Telco-1400-MMYXY,,,starter,105.9,,2023-10-17,,2023-12-16,4,75.0,0,0,,2,US,Telecommunications,,true,2024-01-15
5126-RCXYW,Telco-5126-RCXYW,,,enterprise,46.0,24,2019-08-09,2025-07-08,2024-01-15,8,37.5,0,2,,0,US,Telecommunications,,false,
3085-QUOZK,Telco-3085-QUOZK,,,starter,43.95,,2023-12-16,,2023-12-16,2,12.5,0,0,,1,US,Telecommunications,,true,2024-01-15
2363-BJLSL,Telco-2363-BJLSL,,,starter,80.4,,2018-12-12,,2024-01-15,8,75.0,0,2,,0,US,Telecommunications,,false,
1956-YIFGE,Telco-1956-YIFGE,,,growth,100.05,12,2022-03-26,2024-03-15,2024-01-15,15,62.5,0,1,,0,US,Telecommunications,,false,
3926-CUQZX,Telco-3926-CUQZX,,,starter,45.1,,2023-12-16,,2023-12-16,2,12.5,0,0,,0,US,Telecommunications,,true,2024-01-15
7921-LMDFQ,Telco-7921-LMDFQ,,,growth,94.0,12,2019-11-07,2024-10-11,2024-01-15,15,50.0,0,4,,0,US,Telecommunications,,false,
2925-MXLSX,Telco-2925-MXLSX,,,growth,68.95,12,2021-07-29,2024-07-13,2024-01-15,8,62.5,0,2,,0,US,Telecommunications,,false,
5820-PTRYM,Telco-5820-PTRYM,,,growth,68.45,12,2019-06-10,2024-05-14,2024-01-15,8,75.0,0,2,,0,US,Telecommunications,,false,
9609-BENEA,Telco-9609-BENEA,,,growth,69.0,12,2021-03-01,2024-02-14,2024-01-15,8,62.5,0,1,,1,US,Telecommunications,,false,
6211-WHMYA,Telco-6211-WHMYA,,,starter,43.85,,2018-10-13,,2024-01-15,8,37.5,0,2,,1,US,Telecommunications,,false,
4459-BBGHE,Telco-4459-BBGHE,,,starter,44.5,,2021-07-29,,2024-01-15,8,25.0,0,2,,1,US,Telecommunications,,false,
9945-PSVIP,Telco-9945-PSVIP,,,enterprise,18.7,24,2021-12-26,2025-12-05,2024-01-15,3,12.5,0,2,,0,US,Telecommunications,,false,
1041-RXHRA,Telco-1041-RXHRA,,,starter,70.25,,2020-09-02,,2023-12-16,4,12.5,0,3,,0,US,Telecommunications,,true,2024-01-15
1750-CSKKM,Telco-1750-CSKKM,,,starter,55.35,,2023-04-20,,2023-12-16,2,25.0,0,0,,2,US,Telecommunications,,true,2024-01-15
9108-EJFJP,Telco-9108-EJFJP,,,starter,53.55,,2023-12-16,,2024-01-15,8,37.5,0,0,,0,US,Telecommunications,,false,
0530-IJVDB,Telco-0530-IJVDB,,,enterprise,114.6,24,2018-04-16,2024-03-15,2024-01-15,15,100.0,0,2,,1,US,Telecommunications,,false,
0508-SQWPL,Telco-0508-SQWPL,,,enterprise,20.1,24,2019-05-11,2025-04-09,2024-01-15,3,12.5,0,4,,0,US,Telecommunications,,false,
2215-ZAFGX,Telco-2215-ZAFGX,,,starter,85.5,,2023-04-20,,2024-01-15,15,37.5,0,0,,1,US,Telecommunications,,false,
8213-TAZPM,Telco-8213-TAZPM,,,growth,108.75,12,2018-05-16,2024-04-14,2024-01-15,15,87.5,0,2,,0,US,Telecommunications,,false,
7142-HVGBG,Telco-7142-HVGBG,,,starter,103.0,,2020-07-04,,2023-12-16,4,75.0,0,3,,2,US,Telecommunications,,true,2024-01-15
1304-SEGFY,Telco-1304-SEGFY,,,enterprise,97.85,24,2018-02-15,2026-01-04,2024-01-15,15,62.5,0,6,,1,US,Telecommunications,,false,
7242-EDTYC,Telco-7242-EDTYC,,,enterprise,19.55,24,2020-06-04,2024-05-14,2024-01-15,3,12.5,0,3,,0,US,Telecommunications,,false,
2904-GGUAZ,Telco-2904-GGUAZ,,,enterprise,84.05,24,2018-02-15,2026-01-04,2024-01-15,15,50.0,0,6,,0,US,Telecommunications,,false,
8267-ZNYVZ,Telco-8267-ZNYVZ,,,growth,103.75,12,2021-04-30,2022-04-25,2023-12-16,4,75.0,0,1,,2,US,Telecommunications,,true,2024-01-15
5136-GFPMB,Telco-5136-GFPMB,,,starter,89.4,,2019-08-09,,2024-01-15,15,50.0,0,4,,0,US,Telecommunications,,false,
2595-KIWPV,Telco-2595-KIWPV,,,enterprise,19.7,24,2021-10-27,2025-10-06,2024-01-15,3,12.5,0,2,,0,US,Telecommunications,,false,
5243-SAOTC,Telco-5243-SAOTC,,,starter,79.85,,2019-08-09,,2024-01-15,15,37.5,0,4,,0,US,Telecommunications,,false,
9398-MMQTO,Telco-9398-MMQTO,,,starter,74.45,,2023-10-17,,2024-01-15,15,25.0,0,0,,0,US,Telecommunications,,false,
7619-PLRLP,Telco-7619-PLRLP,,,growth,74.1,12,2019-09-08,2024-08-12,2024-01-15,8,75.0,0,4,,0,US,Telecommunications,,false,
6457-GIRWB,Telco-6457-GIRWB,,,starter,69.35,,2023-12-16,,2023-12-16,4,12.5,0,0,,2,US,Telecommunications,,true,2024-01-15
6508-NJYRO,Telco-6508-NJYRO,,,growth,18.8,12,2022-10-22,2024-10-11,2024-01-15,3,12.5,0,1,,0,US,Telecommunications,,false,
1450-SKCVI,Telco-1450-SKCVI,,,starter,73.85,,2019-06-10,,2023-12-16,4,25.0,0,4,,2,US,Telecommunications,,true,2024-01-15
4710-NKCAW,Telco-4710-NKCAW,,,starter,64.4,,2023-08-18,,2024-01-15,8,62.5,0,0,,0,US,Telecommunications,,false,
5306-BVTKJ,Telco-5306-BVTKJ,,,growth,55.8,12,2020-02-05,2025-01-09,2024-01-15,8,37.5,0,4,,0,US,Telecommunications,,false,
0357-NVCRI,Telco-0357-NVCRI,,,starter,20.05,,2021-12-26,,2024-01-15,3,12.5,0,2,,0,US,Telecommunications,,false,
5570-PTWEH,Telco-5570-PTWEH,,,starter,75.15,,2023-10-17,,2023-12-16,4,25.0,0,0,,0,US,Telecommunications,,true,2024-01-15
2371-KFUOG,Telco-2371-KFUOG,,,growth,99.15,12,2019-04-11,2024-03-15,2024-01-15,15,62.5,0,4,,0,US,Telecommunications,,false,
0463-ZSDNT,Telco-0463-ZSDNT,,,starter,56.75,,2023-03-21,,2024-01-15,8,25.0,0,0,,0,US,Telecommunications,,false,
6502-MJQAE,Telco-6502-MJQAE,,,starter,69.6,,2023-12-16,,2023-12-16,4,12.5,0,0,,2,US,Telecommunications,,true,2024-01-15
6257-DTAYD,Telco-6257-DTAYD,,,enterprise,104.15,24,2018-03-17,2024-02-14,2024-01-15,15,75.0,0,2,,0,US,Telecommunications,,false,
4616-ULAOA,Telco-4616-ULAOA,,,enterprise,110.8,24,2018-09-13,2024-08-12,2024-01-15,15,87.5,0,2,,0,US,Telecommunications,,false,
7693-LCKZL,Telco-7693-LCKZL,,,starter,80.15,,2023-08-18,,2023-12-16,4,37.5,0,0,,2,US,Telecommunications,,true,2024-01-15
7746-AWNQW,Telco-7746-AWNQW,,,starter,35.75,,2021-09-27,,2024-01-15,8,25.0,0,1,,0,US,Telecommunications,,false,
5996-EBTKM,Telco-5996-EBTKM,,,enterprise,69.9,24,2018-07-15,2024-06-13,2024-01-15,8,62.5,0,2,,0,US,Telecommunications,,false,
2758-RNWXS,Telco-2758-RNWXS,,,growth,89.2,12,2021-03-01,2024-02-14,2024-01-15,15,50.0,0,1,,1,US,Telecommunications,,false,
2314-TNDJQ,Telco-2314-TNDJQ,,,enterprise,55.65,24,2018-02-15,2026-01-04,2024-01-15,8,62.5,0,3,,0,US,Telecommunications,,false,
2405-LBMUW,Telco-2405-LBMUW,,,growth,50.7,12,2019-01-11,2024-12-10,2024-01-15,8,50.0,0,2,,0,US,Telecommunications,,false,
3454-JFUBC,Telco-3454-JFUBC,,,enterprise,20.0,24,2018-06-15,2024-05-14,2024-01-15,3,12.5,0,5,,0,US,Telecommunications,,false,
0032-PGELS,Telco-0032-PGELS,,,starter,30.5,,2023-12-16,,2023-12-16,2,12.5,0,0,,0,US,Telecommunications,,true,2024-01-15
9039-ZVJDC,Telco-9039-ZVJDC,,,starter,19.1,,2023-10-17,,2024-01-15,3,12.5,0,0,,0,US,Telecommunications,,false,
6797-LNAQX,Telco-6797-LNAQX,,,enterprise,98.3,24,2018-04-16,2020-04-05,2023-12-16,4,62.5,0,5,,0,US,Telecommunications,,true,2024-01-15
9013-AQORL,Telco-9013-AQORL,,,starter,45.55,,2020-02-05,,2024-01-15,8,37.5,0,4,,0,US,Telecommunications,,false,
2898-MRKPI,Telco-2898-MRKPI,,,growth,101.05,12,2018-06-15,2024-05-14,2024-01-15,15,62.5,0,5,,0,US,Telecommunications,,false,
2750-BJLSB,Telco-2750-BJLSB,,,growth,103.7,12,2020-03-06,2024-02-14,2024-01-15,15,75.0,0,1,,1,US,Telecommunications,,false,
3648-GZPHF,Telco-3648-GZPHF,,,growth,36.25,12,2021-05-30,2024-05-14,2024-01-15,8,25.0,0,1,,0,US,Telecommunications,,false,
2075-RMJIK,Telco-2075-RMJIK,,,starter,49.4,,2023-08-18,,2024-01-15,8,25.0,0,0,,0,US,Telecommunications,,false,
9588-YRFHY,Telco-9588-YRFHY,,,enterprise,19.9,24,2020-01-06,2025-12-05,2024-01-15,3,12.5,0,4,,0,US,Telecommunications,,false,
6394-MFYNG,Telco-6394-MFYNG,,,starter,107.4,,2020-02-05,,2023-12-16,4,75.0,0,4,,0,US,Telecommunications,,true,2024-01-15
1564-NTYXF,Telco-1564-NTYXF,,,starter,82.0,,2022-12-21,,2023-12-16,4,37.5,0,1,,2,US,Telecommunications,,true,2024-01-15
9364-YKUVW,Telco-9364-YKUVW,,,starter,19.8,,2022-10-22,,2024-01-15,3,12.5,0,1,,0,US,Telecommunications,,false,
5392-AKEMH,Telco-5392-AKEMH,,,starter,45.05,,2023-01-20,,2024-01-15,8,12.5,0,1,,1,US,Telecommunications,,false,
2451-YMUXS,Telco-2451-YMUXS,,,enterprise,64.55,24,2018-07-15,2024-06-13,2024-01-15,8,62.5,0,2,,0,US,Telecommunications,,false,
3914-FDRHP,Telco-3914-FDRHP,,,starter,86.25,,2023-04-20,,2024-01-15,15,37.5,0,0,,1,US,Telecommunications,,false,
3078-ZKNTS,Telco-3078-ZKNTS,,,enterprise,19.75,24,2022-12-21,2024-12-10,2024-01-15,3,12.5,0,1,,0,US,Telecommunications,,false,
1024-KPRBB,Telco-1024-KPRBB,,,growth,89.1,12,2020-12-01,2024-11-10,2024-01-15,15,37.5,0,3,,0,US,Telecommunications,,false,
4690-PKDQG,Telco-4690-PKDQG,,,starter,95.55,,2020-08-03,,2024-01-15,15,62.5,0,3,,1,US,Telecommunications,,false,
8155-IBNHG,Telco-8155-IBNHG,,,starter,75.4,,2022-01-25,,2023-12-16,4,25.0,0,2,,0,US,Telecommunications,,true,2024-01-15
0886-QGENL,Telco-0886-QGENL,,,starter,101.25,,2021-10-27,,2023-12-16,4,62.5,0,2,,2,US,Telecommunications,,true,2024-01-15
9547-ITEFG,Telco-9547-ITEFG,,,starter,102.6,,2023-04-20,,2024-01-15,15,75.0,0,0,,0,US,Telecommunications,,false,
1264-FUHCX,Telco-1264-FUHCX,,,growth,56.3,12,2020-01-06,2024-12-10,2024-01-15,8,50.0,0,2,,0,US,Telecommunications,,false,
7789-CRUVC,Telco-7789-CRUVC,,,starter,94.2,,2019-01-11,,2024-01-15,15,75.0,0,2,,0,US,Telecommunications,,false,
6598-KELSS,Telco-6598-KELSS,,,growth,43.05,12,2019-12-07,2024-11-10,2024-01-15,8,37.5,0,4,,0,US,Telecommunications,,false,
8739-WWKDU,Telco-8739-WWKDU,,,starter,89.5,,2021-12-26,,2023-12-16,4,50.0,0,2,,2,US,Telecommunications,,true,2024-01-15
8685-WHQPW,Telco-8685-WHQPW,,,starter,74.4,,2022-03-26,,2023-12-16,4,25.0,0,1,,0,US,Telecommunications,,true,2024-01-15
4745-LSPLO,Telco-4745-LSPLO,,,starter,20.5,,2023-12-16,,2023-12-16,1,12.5,0,0,,1,US,Telecommunications,,true,2024-01-15
8083-YTZES,Telco-8083-YTZES,,,starter,74.35,,2023-09-17,,2023-12-16,4,25.0,0,0,,2,US,Telecommunications,,true,2024-01-15
7240-FQLHE,Telco-7240-FQLHE,,,starter,99.75,,2022-07-24,,2023-12-16,4,62.5,0,0,,0,US,Telecommunications,,true,2024-01-15
6664-FPDAC,Telco-6664-FPDAC,,,growth,111.95,12,2019-06-10,2020-06-04,2023-12-16,4,87.5,0,2,,2,US,Telecommunications,,true,2024-01-15
9972-VAFJJ,Telco-9972-VAFJJ,,,growth,94.0,12,2019-09-08,2024-08-12,2024-01-15,15,62.5,0,2,,1,US,Telecommunications,,false,
0422-UXFAP,Telco-0422-UXFAP,,,growth,98.85,12,2019-11-07,2024-10-11,2024-01-15,15,62.5,0,4,,1,US,Telecommunications,,false,
1904-WAJAA,Telco-1904-WAJAA,,,enterprise,64.35,24,2022-01-25,2026-01-04,2024-01-15,8,62.5,0,2,,1,US,Telecommunications,,false,
5130-YPIRV,Telco-5130-YPIRV,,,enterprise,72.0,24,2018-12-12,2024-11-10,2024-01-15,8,62.5,0,5,,0,US,Telecommunications,,false,
2843-CQMEG,Telco-2843-CQMEG,,,starter,49.7,,2022-01-25,,2024-01-15,8,25.0,0,2,,0,US,Telecommunications,,false,
6439-PKTRR,Telco-6439-PKTRR,,,enterprise,80.7,24,2018-04-16,2024-03-15,2024-01-15,8,87.5,0,2,,1,US,Telecommunications,,false,
5351-QESIO,Telco-5351-QESIO,,,starter,24.2,,2023-12-16,,2024-01-15,8,0.0,0,0,,0,US,Telecommunications,,false,
0786-VSSUD,Telco-0786-VSSUD,,,starter,39.0,,2022-09-22,,2023-12-16,2,25.0,0,1,,1,US,Telecommunications,,true,2024-01-15
5568-DMXZS,Telco-5568-DMXZS,,,starter,65.45,,2023-05-20,,2024-01-15,8,50.0,0,0,,1,US,Telecommunications,,false,
8468-FZTOE,Telco-8468-FZTOE,,,enterprise,74.35,24,2018-02-15,2026-01-04,2024-01-15,8,75.0,0,3,,1,US,Telecommunications,,false,
6633-SYEUS,Telco-6633-SYEUS,,,starter,83.2,,2022-02-24,,2024-01-15,15,50.0,0,0,,0,US,Telecommunications,,false,
6447-GORXK,Telco-6447-GORXK,,,starter,25.0,,2021-06-29,,2024-01-15,8,0.0,0,2,,0,US,Telecommunications,,false,
6967-PEJLL,Telco-6967-PEJLL,,,growth,40.2,12,2020-12-31,2024-12-10,2024-01-15,8,37.5,0,1,,1,US,Telecommunications,,false,
3976-BWUCK,Telco-3976-BWUCK,,,starter,94.1,,2021-07-29,,2023-12-16,4,62.5,0,1,,0,US,Telecommunications,,true,2024-01-15
5981-ZVXOT,Telco-5981-ZVXOT,,,growth,108.35,12,2021-03-01,2024-02-14,2024-01-15,15,87.5,0,2,,1,US,Telecommunications,,false,
1684-FLBGS,Telco-1684-FLBGS,,,starter,69.5,,2022-02-24,,2024-01-15,8,62.5,0,0,,0,US,Telecommunications,,false,
1389-WNUIB,Telco-1389-WNUIB,,,growth,76.0,12,2022-05-25,2024-05-14,2024-01-15,8,62.5,0,1,,0,US,Telecommunications,,false,
0376-OIWME,Telco-0376-OIWME,,,starter,93.6,,2021-01-30,,2024-01-15,15,50.0,0,3,,1,US,Telecommunications,,false,
3585-ISXZP,Telco-3585-ISXZP,,,starter,95.65,,2023-05-20,,2023-12-16,4,50.0,0,0,,0,US,Telecommunications,,true,2024-01-15
0218-QNVAS,Telco-0218-QNVAS,,,growth,100.55,12,2018-03-17,2024-02-14,2024-01-15,15,62.5,0,5,,0,US,Telecommunications,,false,
6583-QGCSI,Telco-6583-QGCSI,,,starter,88.05,,2019-12-07,,2023-12-16,4,50.0,0,4,,2,US,Telecommunications,,true,2024-01-15
0804-YGEQV,Telco-0804-YGEQV,,,growth,24.45,12,2020-07-04,2024-06-13,2024-01-15,3,25.0,0,3,,0,US,Telecommunications,,false,
7164-BPTUT,Telco-7164-BPTUT,,,enterprise,89.55,24,2019-05-11,2025-04-09,2024-01-15,8,100.0,0,2,,0,US,Telecommunications,,false,
4174-LPGTI,Telco-4174-LPGTI,,,growth,66.5,12,2020-09-02,2021-08-28,2023-12-16,2,50.0,0,1,,0,US,Telecommunications,,true,2024-01-15
2523-EWWZL,Telco-2523-EWWZL,,,starter,76.1,,2021-10-27,,2024-01-15,15,25.0,0,2,,1,US,Telecommunications,,false,
0928-XUTSN,Telco-0928-XUTSN,,,starter,80.5,,2022-12-21,,2024-01-15,15,25.0,0,1,,1,US,Telecommunications,,false,
2108-XWMPY,Telco-2108-XWMPY,,,starter,35.45,,2023-10-17,,2023-12-16,2,25.0,0,0,,1,US,Telecommunications,,true,2024-01-15
0052-YNYOT,Telco-0052-YNYOT,,,growth,20.55,12,2018-07-15,2024-06-13,2024-01-15,3,12.5,0,5,,1,US,Telecommunications,,false,
6304-IJFSQ,Telco-6304-IJFSQ,,,starter,49.9,,2023-10-17,,2023-12-16,2,25.0,0,0,,1,US,Telecommunications,,true,2024-01-15
9586-JGQKH,Telco-9586-JGQKH,,,enterprise,105.4,24,2018-10-13,2024-09-11,2024-01-15,15,75.0,0,2,,0,US,Telecommunications,,false,
4501-VCPFK,Telco-4501-VCPFK,,,starter,35.75,,2021-11-26,,2024-01-15,8,25.0,0,1,,1,US,Telecommunications,,false,
6075-SLNIL,Telco-6075-SLNIL,,,starter,95.1,,2020-12-01,,2024-01-15,15,62.5,0,3,,0,US,Telecommunications,,false,
9347-AERRL,Telco-9347-AERRL,,,growth,19.3,12,2022-02-24,2024-02-14,2024-01-15,3,12.5,0,1,,0,US,Telecommunications,,false,
0093-XWZFY,Telco-0093-XWZFY,,,starter,104.5,,2020-10-02,,2023-12-16,4,75.0,0,3,,0,US,Telecommunications,,true,2024-01-15
2274-XUATA,Telco-2274-XUATA,,,enterprise,63.1,24,2018-02-15,2026-01-04,2024-01-15,8,75.0,0,3,,0,US,Telecommunications,,false,
1980-KXVPM,Telco-1980-KXVPM,,,starter,75.05,,2023-10-17,,2023-12-16,4,25.0,0,0,,0,US,Telecommunications,,true,2024-01-15
7703-ZEKEF,Telco-7703-ZEKEF,,,starter,81.0,,2022-02-24,,2023-12-16,4,37.5,0,1,,2,US,Telecommunications,,true,2024-01-15
0723-DRCLG,Telco-0723-DRCLG,,,starter,74.45,,2023-12-16,,2023-12-16,4,25.0,0,0,,2,US,Telecommunications,,true,2024-01-15
5482-NUPNA,Telco-5482-NUPNA,,,starter,60.4,,2023-09-17,,2023-12-16,2,50.0,0,0,,1,US,Telecommunications,,true,2024-01-15
6691-CCIHA,Telco-6691-CCIHA,,,enterprise,84.95,24,2018-12-12,2024-11-10,2024-01-15,8,87.5,0,2,,1,US,Telecommunications,,false,
1685-BQULA,Telco-1685-BQULA,,,starter,93.4,,2020-10-02,,2024-01-15,15,62.5,0,3,,0,US,Telecommunications,,false,
9053-EJUNL,Telco-9053-EJUNL,,,starter,89.2,,2020-09-02,,2024-01-15,15,50.0,0,3,,1,US,Telecommunications,,false,
0666-UXTJO,Telco-0666-UXTJO,,,starter,85.2,,2021-03-31,,2024-01-15,15,37.5,0,2,,0,US,Telecommunications,,false,
1471-GIQKQ,Telco-1471-GIQKQ,,,starter,49.95,,2023-12-16,,2024-01-15,8,25.0,0,0,,1,US,Telecommunications,,false,
4807-IZYOZ,Telco-4807-IZYOZ,,,enterprise,20.65,24,2019-11-07,2025-10-06,2024-01-15,3,12.5,0,4,,0,US,Telecommunications,,false,
1122-JWTJW,Telco-1122-JWTJW,,,starter,70.65,,2023-12-16,,2023-12-16,4,12.5,0,0,,1,US,Telecommunications,,true,2024-01-15
9710-NJERN,Telco-9710-NJERN,,,enterprise,20.15,24,2020-11-01,2024-10-11,2024-01-15,3,12.5,0,3,,0,US,Telecommunications,,false,
9837-FWLCH,Telco-9837-FWLCH,,,starter,19.2,,2023-01-20,,2024-01-15,3,12.5,0,1,,1,US,Telecommunications,,false,
1699-HPSBG,Telco-1699-HPSBG,,,growth,59.8,12,2023-01-20,2024-01-15,2023-12-16,2,37.5,0,0,,2,US,Telecommunications,,true,2024-01-15
7203-OYKCT,Telco-7203-OYKCT,,,growth,104.95,12,2018-02-15,2025-01-09,2024-01-15,15,75.0,0,6,,1,US,Telecommunications,,false,
1035-IPQPU,Telco-1035-IPQPU,,,starter,103.5,,2018-11-12,,2024-01-15,15,75.0,0,5,,1,US,Telecommunications,,false,
7398-LXGYX,Telco-7398-LXGYX,,,starter,84.8,,2020-06-04,,2024-01-15,15,50.0,0,3,,0,US,Telecommunications,,false,
2823-LKABH,Telco-2823-LKABH,,,starter,95.05,,2022-07-24,,2024-01-15,15,62.5,0,0,,0,US,Telecommunications,,false,
8775-CEBBJ,Telco-8775-CEBBJ,,,starter,44.2,,2023-04-20,,2023-12-16,2,12.5,0,0,,0,US,Telecommunications,,true,2024-01-15
0550-DCXLH,Telco-0550-DCXLH,,,starter,73.35,,2022-12-21,,2024-01-15,8,62.5,0,0,,0,US,Telecommunications,,false,
9281-CEDRU,Telco-9281-CEDRU,,,enterprise,64.1,24,2018-06-15,2024-05-14,2024-01-15,8,50.0,0,2,,0,US,Telecommunications,,false,
2235-DWLJU,Telco-2235-DWLJU,,,starter,44.4,,2023-07-19,,2024-01-15,8,25.0,0,0,,1,US,Telecommunications,,false,
0871-OPBXW,Telco-0871-OPBXW,,,starter,20.05,,2023-11-16,,2024-01-15,3,12.5,0,0,,0,US,Telecommunications,,false,
3605-JISKB,Telco-3605-JISKB,,,growth,60.0,12,2019-07-10,2024-06-13,2024-01-15,8,50.0,0,4,,0,US,Telecommunications,,false,
6894-LFHLY,Telco-6894-LFHLY,,,starter,75.75,,2023-12-16,,2023-12-16,4,25.0,0,0,,2,US,Telecommunications,,true,2024-01-15
9767-FFLEM,Telco-9767-FFLEM,,,starter,69.5,,2020-12-01,,2024-01-15,15,12.5,0,3,,0,US,Telecommunications,,false,
0639-TSIQW,Telco-0639-TSIQW,,,starter,102.95,,2018-07-15,,2023-12-16,4,75.0,0,5,,0,US,Telecommunications,,true,2024-01-15
8456-QDAVC,Telco-8456-QDAVC,,,starter,78.7,,2022-06-24,,2024-01-15,15,25.0,0,1,,0,US,Telecommunications,,false,
7750-EYXWZ,Telco-7750-EYXWZ,,,growth,60.65,12,2023-01-20,2025-01-09,2024-01-15,8,62.5,0,0,,1,US,Telecommunications,,false,
2569-WGERO,Telco-2569-WGERO,,,enterprise,21.15,24,2018-02-15,2026-01-04,2024-01-15,3,12.5,0,6,,0,US,Telecommunications,,false,
6840-RESVB,Telco-6840-RESVB,,,growth,84.8,12,2022-01-25,2025-01-09,2024-01-15,8,87.5,0,1,,0,US,Telecommunications,,false,
2234-XADUH,Telco-2234-XADUH,,,growth,103.2,12,2018-02-15,2025-01-09,2024-01-15,15,75.0,0,6,,0,US,Telecommunications,,false,
4801-JZAZL,Telco-4801-JZAZL,,,starter,29.6,,2023-02-19,,2024-01-15,8,12.5,0,0,,1,US,Telecommunications,,false,
8361-LTMKD,Telco-8361-LTMKD,,,starter,74.4,,2023-09-17,,2023-12-16,4,25.0,0,0,,1,US,Telecommunications,,true,2024-01-15
3186-AJIEK,Telco-3186-AJIEK,,,enterprise,105.65,24,2018-08-14,2024-07-13,2024-01-15,15,75.0,0,2,,0,US,Telecommunications,,false,
